country,province,district,city,latitude,longitude,date,sunrise,sunset,day_length,month,year
Mozambique,Maputo,,Maputo,-25.9653,32.5892,2026-01-01,05:00,18:44,13:44,January,2026
Mozambique,Gaza,,Xai-Xai,-25.05,33.65,2026-01-01,04:58,18:38,13:40,January,2026
Mozambique,Inhambane,,Inhambane,-23.865,35.3833,2026-01-01,04:53,18:28,13:35,January,2026
Mozambique,Sofala,,Beira,-19.8333,34.85,2026-01-01,05:04,18:22,13:18,January,2026
Mozambique,Manica,,Chimoio,-19.1167,33.4833,2026-01-01,05:11,18:26,13:15,January,2026
Mozambique,Tete,,Tete,-16.1569,33.5869,2026-01-01,05:16,18:20,13:04,January,2026
Mozambique,Zambézia,,Quelimane,-17.8764,36.8872,2026-01-01,04:59,18:10,13:11,January,2026
Mozambique,Nampula,,Nampula,-15.1167,39.2667,2026-01-01,04:55,17:56,13:01,January,2026
Mozambique,Niassa,,Lichinga,-13.3128,35.2406,2026-01-01,05:15,18:08,12:53,January,2026
Mozambique,Cabo Delgado,,Pemba,-12.9667,40.5167,2026-01-01,04:54,17:47,12:53,January,2026
Mozambique,Maputo,,Maputo,-25.9653,32.5892,2026-01-02,05:01,18:44,13:43,January,2026
Mozambique,Gaza,,Xai-Xai,-25.05,33.65,2026-01-02,04:58,18:38,13:40,January,2026
Mozambique,Inhambane,,Inhambane,-23.865,35.3833,2026-01-02,04:54,18:29,13:35,January,2026
Mozambique,Sofala,,Beira,-19.8333,34.85,2026-01-02,05:04,18:23,13:19,January,2026
Mozambique,Manica,,Chimoio,-19.1167,33.4833,2026-01-02,05:11,18:27,13:16,January,2026
Mozambique,Tete,,Tete,-16.1569,33.5869,2026-01-02,05:16,18:21,13:05,January,2026
Mozambique,Zambézia,,Quelimane,-17.8764,36.8872,2026-01-02,05:00,18:11,13:11,January,2026
Mozambique,Nampula,,Nampula,-15.1167,39.2667,2026-01-02,04:56,17:56,13:00,January,2026
Mozambique,Niassa,,Lichinga,-13.3128,35.2406,2026-01-02,05:15,18:09,12:54,January,2026
Mozambique,Cabo Delgado,,Pemba,-12.9667,40.5167,2026-01-02,04:55,17:47,12:52,January,2026
Mozambique,Maputo,,Maputo,-25.9653,32.5892,2026-01-03,05:01,18:45,13:44,January,2026
Mozambique,Gaza,,Xai-Xai,-25.05,33.65,2026-01-03,04:59,18:38,13:39,January,2026
Mozambique,Inhambane,,Inhambane,-23.865,35.3833,2026-01-03,04:55,18:29,13:34,January,2026
Mozambique,Sofala,,Beira,-19.8333,34.85,2026-01-03,05:05,18:23,13:18,January,2026
Mozambique,Manica,,Chimoio,-19.1167,33.4833,2026-01-03,05:12,18:27,13:15,January,2026
Mozambique,Tete,,Tete,-16.1569,33.5869,2026-01-03,05:17,18:21,13:04,January,2026
Mozambique,Zambézia,,Quelimane,-17.8764,36.8872,2026-01-03,05:01,18:11,13:10,January,2026
Mozambique,Nampula,,Nampula,-15.1167,39.2667,2026-01-03,04:56,17:56,13:00,January,2026
Mozambique,Niassa,,Lichinga,-13.3128,35.2406,2026-01-03,05:16,18:09,12:53,January,2026
Mozambique,Cabo Delgado,,Pemba,-12.9667,40.5167,2026-01-03,04:55,17:47,12:52,January,2026
Mozambique,Maputo,,Maputo,-25.9653,32.5892,2026-01-04,05:02,18:45,13:43,January,2026
Mozambique,Gaza,,Xai-Xai,-25.05,33.65,2026-01-04,05:00,18:39,13:39,January,2026
Mozambique,Inhambane,,Inhambane,-23.865,35.3833,2026-01-04,04:55,18:29,13:34,January,2026
Mozambique,Sofala,,Beira,-19.8333,34.85,2026-01-04,05:06,18:23,13:17,January,2026
Mozambique,Manica,,Chimoio,-19.1167,33.4833,2026-01-04,05:12,18:27,13:15,January,2026
Mozambique,Tete,,Tete,-16.1569,33.5869,2026-01-04,05:18,18:21,13:03,January,2026
Mozambique,Zambézia,,Quelimane,-17.8764,36.8872,2026-01-04,05:01,18:11,13:10,January,2026
Mozambique,Nampula,,Nampula,-15.1167,39.2667,2026-01-04,04:57,17:57,13:00,January,2026
Mozambique,Niassa,,Lichinga,-13.3128,35.2406,2026-01-04,05:16,18:09,12:53,January,2026
Mozambique,Cabo Delgado,,Pemba,-12.9667,40.5167,2026-01-04,04:56,17:48,12:52,January,2026
Mozambique,Maputo,,Maputo,-25.9653,32.5892,2026-01-05,05:03,18:45,13:42,January,2026
Mozambique,Gaza,,Xai-Xai,-25.05,33.65,2026-01-05,05:00,18:39,13:39,January,2026
Mozambique,Inhambane,,Inhambane,-23.865,35.3833,2026-01-05,04:56,18:29,13:33,January,2026
Mozambique,Sofala,,Beira,-19.8333,34.85,2026-01-05,05:06,18:23,13:17,January,2026
Mozambique,Manica,,Chimoio,-19.1167,33.4833,2026-01-05,05:13,18:27,13:14,January,2026
Mozambique,Tete,,Tete,-16.1569,33.5869,2026-01-05,05:18,18:21,13:03,January,2026
Mozambique,Zambézia,,Quelimane,-17.8764,36.8872,2026-01-05,05:02,18:11,13:09,January,2026
Mozambique,Nampula,,Nampula,-15.1167,39.2667,2026-01-05,04:57,17:57,13:00,January,2026
Mozambique,Niassa,,Lichinga,-13.3128,35.2406,2026-01-05,05:17,18:10,12:53,January,2026
Mozambique,Cabo Delgado,,Pemba,-12.9667,40.5167,2026-01-05,04:56,17:48,12:52,January,2026
Mozambique,Maputo,,Maputo,-25.9653,32.5892,2026-01-06,05:03,18:45,13:42,January,2026
Mozambique,Gaza,,Xai-Xai,-25.05,33.65,2026-01-06,05:01,18:39,13:38,January,2026
Mozambique,Inhambane,,Inhambane,-23.865,35.3833,2026-01-06,04:57,18:29,13:32,January,2026
Mozambique,Sofala,,Beira,-19.8333,34.85,2026-01-06,05:07,18:24,13:17,January,2026
Mozambique,Manica,,Chimoio,-19.1167,33.4833,2026-01-06,05:14,18:28,13:14,January,2026
Mozambique,Tete,,Tete,-16.1569,33.5869,2026-01-06,05:19,18:22,13:03,January,2026
Mozambique,Zambézia,,Quelimane,-17.8764,36.8872,2026-01-06,05:02,18:12,13:10,January,2026
Mozambique,Nampula,,Nampula,-15.1167,39.2667,2026-01-06,04:58,17:57,12:59,January,2026
Mozambique,Niassa,,Lichinga,-13.3128,35.2406,2026-01-06,05:17,18:10,12:53,January,2026
Mozambique,Cabo Delgado,,Pemba,-12.9667,40.5167,2026-01-06,04:57,17:48,12:51,January,2026
Mozambique,Maputo,,Maputo,-25.9653,32.5892,2026-01-07,05:04,18:45,13:41,January,2026
Mozambique,Gaza,,Xai-Xai,-25.05,33.65,2026-01-07,05:02,18:39,13:37,January,2026
Mozambique,Inhambane,,Inhambane,-23.865,35.3833,2026-01-07,04:57,18:30,13:33,January,2026
Mozambique,Sofala,,Beira,-19.8333,34.85,2026-01-07,05:07,18:24,13:17,January,2026
Mozambique,Manica,,Chimoio,-19.1167,33.4833,2026-01-07,05:14,18:28,13:14,January,2026
Mozambique,Tete,,Tete,-16.1569,33.5869,2026-01-07,05:19,18:22,13:03,January,2026
Mozambique,Zambézia,,Quelimane,-17.8764,36.8872,2026-01-07,05:03,18:12,13:09,January,2026
Mozambique,Nampula,,Nampula,-15.1167,39.2667,2026-01-07,04:59,17:57,12:58,January,2026
Mozambique,Niassa,,Lichinga,-13.3128,35.2406,2026-01-07,05:18,18:10,12:52,January,2026
Mozambique,Cabo Delgado,,Pemba,-12.9667,40.5167,2026-01-07,04:57,17:49,12:52,January,2026
Mozambique,Maputo,,Maputo,-25.9653,32.5892,2026-01-08,05:05,18:45,13:40,January,2026
Mozambique,Gaza,,Xai-Xai,-25.05,33.65,2026-01-08,05:02,18:39,13:37,January,2026
Mozambique,Inhambane,,Inhambane,-23.865,35.3833,2026-01-08,04:58,18:30,13:32,January,2026
Mozambique,Sofala,,Beira,-19.8333,34.85,2026-01-08,05:08,18:24,13:16,January,2026
Mozambique,Manica,,Chimoio,-19.1167,33.4833,2026-01-08,05:15,18:28,13:13,January,2026
Mozambique,Tete,,Tete,-16.1569,33.5869,2026-01-08,05:20,18:22,13:02,January,2026
Mozambique,Zambézia,,Quelimane,-17.8764,36.8872,2026-01-08,05:04,18:12,13:08,January,2026
Mozambique,Nampula,,Nampula,-15.1167,39.2667,2026-01-08,04:59,17:58,12:59,January,2026
Mozambique,Niassa,,Lichinga,-13.3128,35.2406,2026-01-08,05:18,18:11,12:53,January,2026
Mozambique,Cabo Delgado,,Pemba,-12.9667,40.5167,2026-01-08,04:58,17:49,12:51,January,2026
Mozambique,Maputo,,Maputo,-25.9653,32.5892,2026-01-09,05:06,18:45,13:39,January,2026
Mozambique,Gaza,,Xai-Xai,-25.05,33.65,2026-01-09,05:03,18:39,13:36,January,2026
Mozambique,Inhambane,,Inhambane,-23.865,35.3833,2026-01-09,04:59,18:30,13:31,January,2026
Mozambique,Sofala,,Beira,-19.8333,34.85,2026-01-09,05:09,18:24,13:15,January,2026
Mozambique,Manica,,Chimoio,-19.1167,33.4833,2026-01-09,05:16,18:28,13:12,January,2026
Mozambique,Tete,,Tete,-16.1569,33.5869,2026-01-09,05:21,18:22,13:01,January,2026
Mozambique,Zambézia,,Quelimane,-17.8764,36.8872,2026-01-09,05:04,18:12,13:08,January,2026
Mozambique,Nampula,,Nampula,-15.1167,39.2667,2026-01-09,05:00,17:58,12:58,January,2026
Mozambique,Niassa,,Lichinga,-13.3128,35.2406,2026-01-09,05:19,18:11,12:52,January,2026
Mozambique,Cabo Delgado,,Pemba,-12.9667,40.5167,2026-01-09,04:58,17:49,12:51,January,2026
Mozambique,Maputo,,Maputo,-25.9653,32.5892,2026-01-10,05:06,18:46,13:40,January,2026
Mozambique,Gaza,,Xai-Xai,-25.05,33.65,2026-01-10,05:04,18:39,13:35,January,2026
Mozambique,Inhambane,,Inhambane,-23.865,35.3833,2026-01-10,04:59,18:30,13:31,January,2026
Mozambique,Sofala,,Beira,-19.8333,34.85,2026-01-10,05:09,18:24,13:15,January,2026
Mozambique,Manica,,Chimoio,-19.1167,33.4833,2026-01-10,05:16,18:28,13:12,January,2026
Mozambique,Tete,,Tete,-16.1569,33.5869,2026-01-10,05:21,18:23,13:02,January,2026
Mozambique,Zambézia,,Quelimane,-17.8764,36.8872,2026-01-10,05:05,18:13,13:08,January,2026
Mozambique,Nampula,,Nampula,-15.1167,39.2667,2026-01-10,05:00,17:58,12:58,January,2026
Mozambique,Niassa,,Lichinga,-13.3128,35.2406,2026-01-10,05:20,18:11,12:51,January,2026
Mozambique,Cabo Delgado,,Pemba,-12.9667,40.5167,2026-01-10,04:59,17:49,12:50,January,2026
Mozambique,Maputo,,Maputo,-25.9653,32.5892,2026-01-11,05:07,18:46,13:39,January,2026
Mozambique,Gaza,,Xai-Xai,-25.05,33.65,2026-01-11,05:05,18:39,13:34,January,2026
Mozambique,Inhambane,,Inhambane,-23.865,35.3833,2026-01-11,05:00,18:30,13:30,January,2026
Mozambique,Sofala,,Beira,-19.8333,34.85,2026-01-11,05:10,18:24,13:14,January,2026
Mozambique,Manica,,Chimoio,-19.1167,33.4833,2026-01-11,05:17,18:29,13:12,January,2026
Mozambique,Tete,,Tete,-16.1569,33.5869,2026-01-11,05:22,18:23,13:01,January,2026
Mozambique,Zambézia,,Quelimane,-17.8764,36.8872,2026-01-11,05:05,18:13,13:08,January,2026
Mozambique,Nampula,,Nampula,-15.1167,39.2667,2026-01-11,05:01,17:58,12:57,January,2026
Mozambique,Niassa,,Lichinga,-13.3128,35.2406,2026-01-11,05:20,18:11,12:51,January,2026
Mozambique,Cabo Delgado,,Pemba,-12.9667,40.5167,2026-01-11,05:00,17:50,12:50,January,2026
Mozambique,Maputo,,Maputo,-25.9653,32.5892,2026-01-12,05:08,18:46,13:38,January,2026
Mozambique,Gaza,,Xai-Xai,-25.05,33.65,2026-01-12,05:05,18:39,13:34,January,2026
Mozambique,Inhambane,,Inhambane,-23.865,35.3833,2026-01-12,05:01,18:30,13:29,January,2026
Mozambique,Sofala,,Beira,-19.8333,34.85,2026-01-12,05:11,18:25,13:14,January,2026
Mozambique,Manica,,Chimoio,-19.1167,33.4833,2026-01-12,05:17,18:29,13:12,January,2026
Mozambique,Tete,,Tete,-16.1569,33.5869,2026-01-12,05:22,18:23,13:01,January,2026
Mozambique,Zambézia,,Quelimane,-17.8764,36.8872,2026-01-12,05:06,18:13,13:07,January,2026
Mozambique,Nampula,,Nampula,-15.1167,39.2667,2026-01-12,05:01,17:58,12:57,January,2026
Mozambique,Niassa,,Lichinga,-13.3128,35.2406,2026-01-12,05:21,18:11,12:50,January,2026
Mozambique,Cabo Delgado,,Pemba,-12.9667,40.5167,2026-01-12,05:00,17:50,12:50,January,2026
Mozambique,Maputo,,Maputo,-25.9653,32.5892,2026-01-13,05:08,18:46,13:38,January,2026
Mozambique,Gaza,,Xai-Xai,-25.05,33.65,2026-01-13,05:06,18:40,13:34,January,2026
Mozambique,Inhambane,,Inhambane,-23.865,35.3833,2026-01-13,05:01,18:30,13:29,January,2026
Mozambique,Sofala,,Beira,-19.8333,34.85,2026-01-13,05:11,18:25,13:14,January,2026
Mozambique,Manica,,Chimoio,-19.1167,33.4833,2026-01-13,05:18,18:29,13:11,January,2026
Mozambique,Tete,,Tete,-16.1569,33.5869,2026-01-13,05:23,18:23,13:00,January,2026
Mozambique,Zambézia,,Quelimane,-17.8764,36.8872,2026-01-13,05:07,18:13,13:06,January,2026
Mozambique,Nampula,,Nampula,-15.1167,39.2667,2026-01-13,05:02,17:59,12:57,January,2026
Mozambique,Niassa,,Lichinga,-13.3128,35.2406,2026-01-13,05:21,18:12,12:51,January,2026
Mozambique,Cabo Delgado,,Pemba,-12.9667,40.5167,2026-01-13,05:01,17:50,12:49,January,2026
Mozambique,Maputo,,Maputo,-25.9653,32.5892,2026-01-14,05:09,18:46,13:37,January,2026
Mozambique,Gaza,,Xai-Xai,-25.05,33.65,2026-01-14,05:07,18:40,13:33,January,2026
Mozambique,Inhambane,,Inhambane,-23.865,35.3833,2026-01-14,05:02,18:30,13:28,January,2026
Mozambique,Sofala,,Beira,-19.8333,34.85,2026-01-14,05:12,18:25,13:13,January,2026
Mozambique,Manica,,Chimoio,-19.1167,33.4833,2026-01-14,05:19,18:29,13:10,January,2026
Mozambique,Tete,,Tete,-16.1569,33.5869,2026-01-14,05:24,18:23,12:59,January,2026
Mozambique,Zambézia,,Quelimane,-17.8764,36.8872,2026-01-14,05:07,18:13,13:06,January,2026
Mozambique,Nampula,,Nampula,-15.1167,39.2667,2026-01-14,05:03,17:59,12:56,January,2026
Mozambique,Niassa,,Lichinga,-13.3128,35.2406,2026-01-14,05:22,18:12,12:50,January,2026
Mozambique,Cabo Delgado,,Pemba,-12.9667,40.5167,2026-01-14,05:01,17:50,12:49,January,2026
Mozambique,Maputo,,Maputo,-25.9653,32.5892,2026-01-15,05:10,18:46,13:36,January,2026
Mozambique,Gaza,,Xai-Xai,-25.05,33.65,2026-01-15,05:08,18:39,13:31,January,2026
Mozambique,Inhambane,,Inhambane,-23.865,35.3833,2026-01-15,05:03,18:30,13:27,January,2026
Mozambique,Sofala,,Beira,-19.8333,34.85,2026-01-15,05:13,18:25,13:12,January,2026
Mozambique,Manica,,Chimoio,-19.1167,33.4833,2026-01-15,05:19,18:29,13:10,January,2026
Mozambique,Tete,,Tete,-16.1569,33.5869,2026-01-15,05:24,18:23,12:59,January,2026
Mozambique,Zambézia,,Quelimane,-17.8764,36.8872,2026-01-15,05:08,18:13,13:05,January,2026
Mozambique,Nampula,,Nampula,-15.1167,39.2667,2026-01-15,05:03,17:59,12:56,January,2026
Mozambique,Niassa,,Lichinga,-13.3128,35.2406,2026-01-15,05:22,18:12,12:50,January,2026
Mozambique,Cabo Delgado,,Pemba,-12.9667,40.5167,2026-01-15,05:02,17:50,12:48,January,2026
Mozambique,Maputo,,Maputo,-25.9653,32.5892,2026-01-16,05:11,18:45,13:34,January,2026
Mozambique,Gaza,,Xai-Xai,-25.05,33.65,2026-01-16,05:08,18:39,13:31,January,2026
Mozambique,Inhambane,,Inhambane,-23.865,35.3833,2026-01-16,05:04,18:30,13:26,January,2026
Mozambique,Sofala,,Beira,-19.8333,34.85,2026-01-16,05:13,18:25,13:12,January,2026
Mozambique,Manica,,Chimoio,-19.1167,33.4833,2026-01-16,05:20,18:29,13:09,January,2026
Mozambique,Tete,,Tete,-16.1569,33.5869,2026-01-16,05:25,18:24,12:59,January,2026
Mozambique,Zambézia,,Quelimane,-17.8764,36.8872,2026-01-16,05:09,18:13,13:04,January,2026
Mozambique,Nampula,,Nampula,-15.1167,39.2667,2026-01-16,05:04,17:59,12:55,January,2026
Mozambique,Niassa,,Lichinga,-13.3128,35.2406,2026-01-16,05:23,18:12,12:49,January,2026
Mozambique,Cabo Delgado,,Pemba,-12.9667,40.5167,2026-01-16,05:02,17:50,12:48,January,2026
Mozambique,Maputo,,Maputo,-25.9653,32.5892,2026-01-17,05:12,18:45,13:33,January,2026
Mozambique,Gaza,,Xai-Xai,-25.05,33.65,2026-01-17,05:09,18:39,13:30,January,2026
Mozambique,Inhambane,,Inhambane,-23.865,35.3833,2026-01-17,05:04,18:30,13:26,January,2026
Mozambique,Sofala,,Beira,-19.8333,34.85,2026-01-17,05:14,18:25,13:11,January,2026
Mozambique,Manica,,Chimoio,-19.1167,33.4833,2026-01-17,05:21,18:29,13:08,January,2026
Mozambique,Tete,,Tete,-16.1569,33.5869,2026-01-17,05:25,18:24,12:59,January,2026
Mozambique,Zambézia,,Quelimane,-17.8764,36.8872,2026-01-17,05:09,18:13,13:04,January,2026
Mozambique,Nampula,,Nampula,-15.1167,39.2667,2026-01-17,05:04,17:59,12:55,January,2026
Mozambique,Niassa,,Lichinga,-13.3128,35.2406,2026-01-17,05:23,18:12,12:49,January,2026
Mozambique,Cabo Delgado,,Pemba,-12.9667,40.5167,2026-01-17,05:03,17:51,12:48,January,2026
Mozambique,Maputo,,Maputo,-25.9653,32.5892,2026-01-18,05:12,18:45,13:33,January,2026
Mozambique,Gaza,,Xai-Xai,-25.05,33.65,2026-01-18,05:10,18:39,13:29,January,2026
Mozambique,Inhambane,,Inhambane,-23.865,35.3833,2026-01-18,05:05,18:30,13:25,January,2026
Mozambique,Sofala,,Beira,-19.8333,34.85,2026-01-18,05:15,18:25,13:10,January,2026
Mozambique,Manica,,Chimoio,-19.1167,33.4833,2026-01-18,05:21,18:29,13:08,January,2026
Mozambique,Tete,,Tete,-16.1569,33.5869,2026-01-18,05:26,18:24,12:58,January,2026
Mozambique,Zambézia,,Quelimane,-17.8764,36.8872,2026-01-18,05:10,18:13,13:03,January,2026
Mozambique,Nampula,,Nampula,-15.1167,39.2667,2026-01-18,05:05,17:59,12:54,January,2026
Mozambique,Niassa,,Lichinga,-13.3128,35.2406,2026-01-18,05:24,18:12,12:48,January,2026
Mozambique,Cabo Delgado,,Pemba,-12.9667,40.5167,2026-01-18,05:03,17:51,12:48,January,2026
Mozambique,Maputo,,Maputo,-25.9653,32.5892,2026-01-19,05:13,18:45,13:32,January,2026
Mozambique,Gaza,,Xai-Xai,-25.05,33.65,2026-01-19,05:11,18:39,13:28,January,2026
Mozambique,Inhambane,,Inhambane,-23.865,35.3833,2026-01-19,05:06,18:30,13:24,January,2026
Mozambique,Sofala,,Beira,-19.8333,34.85,2026-01-19,05:15,18:25,13:10,January,2026
Mozambique,Manica,,Chimoio,-19.1167,33.4833,2026-01-19,05:22,18:29,13:07,January,2026
Mozambique,Tete,,Tete,-16.1569,33.5869,2026-01-19,05:27,18:24,12:57,January,2026
Mozambique,Zambézia,,Quelimane,-17.8764,36.8872,2026-01-19,05:10,18:13,13:03,January,2026
Mozambique,Nampula,,Nampula,-15.1167,39.2667,2026-01-19,05:06,17:59,12:53,January,2026
Mozambique,Niassa,,Lichinga,-13.3128,35.2406,2026-01-19,05:25,18:13,12:48,January,2026
Mozambique,Cabo Delgado,,Pemba,-12.9667,40.5167,2026-01-19,05:04,17:51,12:47,January,2026
Mozambique,Maputo,,Maputo,-25.9653,32.5892,2026-01-20,05:14,18:45,13:31,January,2026
Mozambique,Gaza,,Xai-Xai,-25.05,33.65,2026-01-20,05:11,18:39,13:28,January,2026
Mozambique,Inhambane,,Inhambane,-23.865,35.3833,2026-01-20,05:07,18:30,13:23,January,2026
Mozambique,Sofala,,Beira,-19.8333,34.85,2026-01-20,05:16,18:25,13:09,January,2026
Mozambique,Manica,,Chimoio,-19.1167,33.4833,2026-01-20,05:23,18:29,13:06,January,2026
Mozambique,Tete,,Tete,-16.1569,33.5869,2026-01-20,05:27,18:24,12:57,January,2026
Mozambique,Zambézia,,Quelimane,-17.8764,36.8872,2026-01-20,05:11,18:13,13:02,January,2026
Mozambique,Nampula,,Nampula,-15.1167,39.2667,2026-01-20,05:06,17:59,12:53,January,2026
Mozambique,Niassa,,Lichinga,-13.3128,35.2406,2026-01-20,05:25,18:13,12:48,January,2026
Mozambique,Cabo Delgado,,Pemba,-12.9667,40.5167,2026-01-20,05:05,17:51,12:46,January,2026
Mozambique,Maputo,,Maputo,-25.9653,32.5892,2026-01-21,05:15,18:45,13:30,January,2026
Mozambique,Gaza,,Xai-Xai,-25.05,33.65,2026-01-21,05:12,18:39,13:27,January,2026
Mozambique,Inhambane,,Inhambane,-23.865,35.3833,2026-01-21,05:07,18:30,13:23,January,2026
Mozambique,Sofala,,Beira,-19.8333,34.85,2026-01-21,05:17,18:25,13:08,January,2026
Mozambique,Manica,,Chimoio,-19.1167,33.4833,2026-01-21,05:23,18:29,13:06,January,2026
Mozambique,Tete,,Tete,-16.1569,33.5869,2026-01-21,05:28,18:24,12:56,January,2026
Mozambique,Zambézia,,Quelimane,-17.8764,36.8872,2026-01-21,05:12,18:13,13:01,January,2026
Mozambique,Nampula,,Nampula,-15.1167,39.2667,2026-01-21,05:07,17:59,12:52,January,2026
Mozambique,Niassa,,Lichinga,-13.3128,35.2406,2026-01-21,05:26,18:13,12:47,January,2026
Mozambique,Cabo Delgado,,Pemba,-12.9667,40.5167,2026-01-21,05:05,17:51,12:46,January,2026
Mozambique,Maputo,,Maputo,-25.9653,32.5892,2026-01-22,05:15,18:45,13:30,January,2026
Mozambique,Gaza,,Xai-Xai,-25.05,33.65,2026-01-22,05:13,18:39,13:26,January,2026
Mozambique,Inhambane,,Inhambane,-23.865,35.3833,2026-01-22,05:08,18:30,13:22,January,2026
Mozambique,Sofala,,Beira,-19.8333,34.85,2026-01-22,05:17,18:25,13:08,January,2026
Mozambique,Manica,,Chimoio,-19.1167,33.4833,2026-01-22,05:24,18:29,13:05,January,2026
Mozambique,Tete,,Tete,-16.1569,33.5869,2026-01-22,05:28,18:24,12:56,January,2026
Mozambique,Zambézia,,Quelimane,-17.8764,36.8872,2026-01-22,05:12,18:13,13:01,January,2026
Mozambique,Nampula,,Nampula,-15.1167,39.2667,2026-01-22,05:07,17:59,12:52,January,2026
Mozambique,Niassa,,Lichinga,-13.3128,35.2406,2026-01-22,05:26,18:13,12:47,January,2026
Mozambique,Cabo Delgado,,Pemba,-12.9667,40.5167,2026-01-22,05:06,17:51,12:45,January,2026
Mozambique,Maputo,,Maputo,-25.9653,32.5892,2026-01-23,05:16,18:44,13:28,January,2026
Mozambique,Gaza,,Xai-Xai,-25.05,33.65,2026-01-23,05:14,18:38,13:24,January,2026
Mozambique,Inhambane,,Inhambane,-23.865,35.3833,2026-01-23,05:09,18:29,13:20,January,2026
Mozambique,Sofala,,Beira,-19.8333,34.85,2026-01-23,05:18,18:25,13:07,January,2026
Mozambique,Manica,,Chimoio,-19.1167,33.4833,2026-01-23,05:25,18:29,13:04,January,2026
Mozambique,Tete,,Tete,-16.1569,33.5869,2026-01-23,05:29,18:24,12:55,January,2026
Mozambique,Zambézia,,Quelimane,-17.8764,36.8872,2026-01-23,05:13,18:13,13:00,January,2026
Mozambique,Nampula,,Nampula,-15.1167,39.2667,2026-01-23,05:08,17:59,12:51,January,2026
Mozambique,Niassa,,Lichinga,-13.3128,35.2406,2026-01-23,05:27,18:13,12:46,January,2026
Mozambique,Cabo Delgado,,Pemba,-12.9667,40.5167,2026-01-23,05:06,17:51,12:45,January,2026
Mozambique,Maputo,,Maputo,-25.9653,32.5892,2026-01-24,05:17,18:44,13:27,January,2026
Mozambique,Gaza,,Xai-Xai,-25.05,33.65,2026-01-24,05:14,18:38,13:24,January,2026
Mozambique,Inhambane,,Inhambane,-23.865,35.3833,2026-01-24,05:10,18:29,13:19,January,2026
Mozambique,Sofala,,Beira,-19.8333,34.85,2026-01-24,05:19,18:25,13:06,January,2026
Mozambique,Manica,,Chimoio,-19.1167,33.4833,2026-01-24,05:25,18:29,13:04,January,2026
Mozambique,Tete,,Tete,-16.1569,33.5869,2026-01-24,05:29,18:24,12:55,January,2026
Mozambique,Zambézia,,Quelimane,-17.8764,36.8872,2026-01-24,05:14,18:13,12:59,January,2026
Mozambique,Nampula,,Nampula,-15.1167,39.2667,2026-01-24,05:08,17:59,12:51,January,2026
Mozambique,Niassa,,Lichinga,-13.3128,35.2406,2026-01-24,05:27,18:13,12:46,January,2026
Mozambique,Cabo Delgado,,Pemba,-12.9667,40.5167,2026-01-24,05:07,17:51,12:44,January,2026
Mozambique,Maputo,,Maputo,-25.9653,32.5892,2026-01-25,05:18,18:44,13:26,January,2026
Mozambique,Gaza,,Xai-Xai,-25.05,33.65,2026-01-25,05:15,18:38,13:23,January,2026
Mozambique,Inhambane,,Inhambane,-23.865,35.3833,2026-01-25,05:10,18:29,13:19,January,2026
Mozambique,Sofala,,Beira,-19.8333,34.85,2026-01-25,05:19,18:24,13:05,January,2026
Mozambique,Manica,,Chimoio,-19.1167,33.4833,2026-01-25,05:26,18:29,13:03,January,2026
Mozambique,Tete,,Tete,-16.1569,33.5869,2026-01-25,05:30,18:24,12:54,January,2026
Mozambique,Zambézia,,Quelimane,-17.8764,36.8872,2026-01-25,05:14,18:13,12:59,January,2026
Mozambique,Nampula,,Nampula,-15.1167,39.2667,2026-01-25,05:09,17:59,12:50,January,2026
Mozambique,Niassa,,Lichinga,-13.3128,35.2406,2026-01-25,05:28,18:13,12:45,January,2026
Mozambique,Cabo Delgado,,Pemba,-12.9667,40.5167,2026-01-25,05:07,17:51,12:44,January,2026
Mozambique,Maputo,,Maputo,-25.9653,32.5892,2026-01-26,05:19,18:44,13:25,January,2026
Mozambique,Gaza,,Xai-Xai,-25.05,33.65,2026-01-26,05:16,18:38,13:22,January,2026
Mozambique,Inhambane,,Inhambane,-23.865,35.3833,2026-01-26,05:11,18:29,13:18,January,2026
Mozambique,Sofala,,Beira,-19.8333,34.85,2026-01-26,05:20,18:24,13:04,January,2026
Mozambique,Manica,,Chimoio,-19.1167,33.4833,2026-01-26,05:26,18:29,13:03,January,2026
Mozambique,Tete,,Tete,-16.1569,33.5869,2026-01-26,05:31,18:24,12:53,January,2026
Mozambique,Zambézia,,Quelimane,-17.8764,36.8872,2026-01-26,05:15,18:13,12:58,January,2026
Mozambique,Nampula,,Nampula,-15.1167,39.2667,2026-01-26,05:09,17:59,12:50,January,2026
Mozambique,Niassa,,Lichinga,-13.3128,35.2406,2026-01-26,05:28,18:13,12:45,January,2026
Mozambique,Cabo Delgado,,Pemba,-12.9667,40.5167,2026-01-26,05:08,17:51,12:43,January,2026
Mozambique,Maputo,,Maputo,-25.9653,32.5892,2026-01-27,05:19,18:43,13:24,January,2026
Mozambique,Gaza,,Xai-Xai,-25.05,33.65,2026-01-27,05:17,18:37,13:20,January,2026
Mozambique,Inhambane,,Inhambane,-23.865,35.3833,2026-01-27,05:12,18:28,13:16,January,2026
Mozambique,Sofala,,Beira,-19.8333,34.85,2026-01-27,05:21,18:24,13:03,January,2026
Mozambique,Manica,,Chimoio,-19.1167,33.4833,2026-01-27,05:27,18:28,13:01,January,2026
Mozambique,Tete,,Tete,-16.1569,33.5869,2026-01-27,05:31,18:23,12:52,January,2026
Mozambique,Zambézia,,Quelimane,-17.8764,36.8872,2026-01-27,05:15,18:13,12:58,January,2026
Mozambique,Nampula,,Nampula,-15.1167,39.2667,2026-01-27,05:10,17:59,12:49,January,2026
Mozambique,Niassa,,Lichinga,-13.3128,35.2406,2026-01-27,05:29,18:13,12:44,January,2026
Mozambique,Cabo Delgado,,Pemba,-12.9667,40.5167,2026-01-27,05:08,17:51,12:43,January,2026
Mozambique,Maputo,,Maputo,-25.9653,32.5892,2026-01-28,05:20,18:43,13:23,January,2026
Mozambique,Gaza,,Xai-Xai,-25.05,33.65,2026-01-28,05:18,18:37,13:19,January,2026
Mozambique,Inhambane,,Inhambane,-23.865,35.3833,2026-01-28,05:13,18:28,13:15,January,2026
Mozambique,Sofala,,Beira,-19.8333,34.85,2026-01-28,05:21,18:24,13:03,January,2026
Mozambique,Manica,,Chimoio,-19.1167,33.4833,2026-01-28,05:28,18:28,13:00,January,2026
Mozambique,Tete,,Tete,-16.1569,33.5869,2026-01-28,05:32,18:23,12:51,January,2026
Mozambique,Zambézia,,Quelimane,-17.8764,36.8872,2026-01-28,05:16,18:13,12:57,January,2026
Mozambique,Nampula,,Nampula,-15.1167,39.2667,2026-01-28,05:11,17:59,12:48,January,2026
Mozambique,Niassa,,Lichinga,-13.3128,35.2406,2026-01-28,05:29,18:13,12:44,January,2026
Mozambique,Cabo Delgado,,Pemba,-12.9667,40.5167,2026-01-28,05:09,17:51,12:42,January,2026
Mozambique,Maputo,,Maputo,-25.9653,32.5892,2026-01-29,05:21,18:42,13:21,January,2026
Mozambique,Gaza,,Xai-Xai,-25.05,33.65,2026-01-29,05:18,18:37,13:19,January,2026
Mozambique,Inhambane,,Inhambane,-23.865,35.3833,2026-01-29,05:13,18:28,13:15,January,2026
Mozambique,Sofala,,Beira,-19.8333,34.85,2026-01-29,05:22,18:24,13:02,January,2026
Mozambique,Manica,,Chimoio,-19.1167,33.4833,2026-01-29,05:28,18:28,13:00,January,2026
Mozambique,Tete,,Tete,-16.1569,33.5869,2026-01-29,05:32,18:23,12:51,January,2026
Mozambique,Zambézia,,Quelimane,-17.8764,36.8872,2026-01-29,05:17,18:13,12:56,January,2026
Mozambique,Nampula,,Nampula,-15.1167,39.2667,2026-01-29,05:11,17:59,12:48,January,2026
Mozambique,Niassa,,Lichinga,-13.3128,35.2406,2026-01-29,05:30,18:13,12:43,January,2026
Mozambique,Cabo Delgado,,Pemba,-12.9667,40.5167,2026-01-29,05:09,17:51,12:42,January,2026
Mozambique,Maputo,,Maputo,-25.9653,32.5892,2026-01-30,05:22,18:42,13:20,January,2026
Mozambique,Gaza,,Xai-Xai,-25.05,33.65,2026-01-30,05:19,18:36,13:17,January,2026
Mozambique,Inhambane,,Inhambane,-23.865,35.3833,2026-01-30,05:14,18:27,13:13,January,2026
Mozambique,Sofala,,Beira,-19.8333,34.85,2026-01-30,05:22,18:23,13:01,January,2026
Mozambique,Manica,,Chimoio,-19.1167,33.4833,2026-01-30,05:29,18:28,12:59,January,2026
Mozambique,Tete,,Tete,-16.1569,33.5869,2026-01-30,05:33,18:23,12:50,January,2026
Mozambique,Zambézia,,Quelimane,-17.8764,36.8872,2026-01-30,05:17,18:12,12:55,January,2026
Mozambique,Nampula,,Nampula,-15.1167,39.2667,2026-01-30,05:12,17:59,12:47,January,2026
Mozambique,Niassa,,Lichinga,-13.3128,35.2406,2026-01-30,05:30,18:12,12:42,January,2026
Mozambique,Cabo Delgado,,Pemba,-12.9667,40.5167,2026-01-30,05:10,17:51,12:41,January,2026
Mozambique,Maputo,,Maputo,-25.9653,32.5892,2026-01-31,05:23,18:42,13:19,January,2026
Mozambique,Gaza,,Xai-Xai,-25.05,33.65,2026-01-31,05:20,18:36,13:16,January,2026
Mozambique,Inhambane,,Inhambane,-23.865,35.3833,2026-01-31,05:15,18:27,13:12,January,2026
Mozambique,Sofala,,Beira,-19.8333,34.85,2026-01-31,05:23,18:23,13:00,January,2026
Mozambique,Manica,,Chimoio,-19.1167,33.4833,2026-01-31,05:30,18:28,12:58,January,2026
Mozambique,Tete,,Tete,-16.1569,33.5869,2026-01-31,05:33,18:23,12:50,January,2026
Mozambique,Zambézia,,Quelimane,-17.8764,36.8872,2026-01-31,05:18,18:12,12:54,January,2026
Mozambique,Nampula,,Nampula,-15.1167,39.2667,2026-01-31,05:12,17:59,12:47,January,2026
Mozambique,Niassa,,Lichinga,-13.3128,35.2406,2026-01-31,05:31,18:12,12:41,January,2026
Mozambique,Cabo Delgado,,Pemba,-12.9667,40.5167,2026-01-31,05:10,17:51,12:41,January,2026
Mozambique,Maputo,,Maputo,-25.9653,32.5892,2026-02-01,05:23,18:41,13:18,February,2026
Mozambique,Gaza,,Xai-Xai,-25.05,33.65,2026-02-01,05:21,18:36,13:15,February,2026
Mozambique,Inhambane,,Inhambane,-23.865,35.3833,2026-02-01,05:16,18:27,13:11,February,2026
Mozambique,Sofala,,Beira,-19.8333,34.85,2026-02-01,05:24,18:23,12:59,February,2026
Mozambique,Manica,,Chimoio,-19.1167,33.4833,2026-02-01,05:30,18:27,12:57,February,2026
Mozambique,Tete,,Tete,-16.1569,33.5869,2026-02-01,05:34,18:23,12:49,February,2026
Mozambique,Zambézia,,Quelimane,-17.8764,36.8872,2026-02-01,05:18,18:12,12:54,February,2026
Mozambique,Nampula,,Nampula,-15.1167,39.2667,2026-02-01,05:13,17:59,12:46,February,2026
Mozambique,Niassa,,Lichinga,-13.3128,35.2406,2026-02-01,05:31,18:12,12:41,February,2026
Mozambique,Cabo Delgado,,Pemba,-12.9667,40.5167,2026-02-01,05:11,17:51,12:40,February,2026
Mozambique,Maputo,,Maputo,-25.9653,32.5892,2026-02-02,05:24,18:41,13:17,February,2026
Mozambique,Gaza,,Xai-Xai,-25.05,33.65,2026-02-02,05:21,18:35,13:14,February,2026
Mozambique,Inhambane,,Inhambane,-23.865,35.3833,2026-02-02,05:16,18:26,13:10,February,2026
Mozambique,Sofala,,Beira,-19.8333,34.85,2026-02-02,05:24,18:23,12:59,February,2026
Mozambique,Manica,,Chimoio,-19.1167,33.4833,2026-02-02,05:31,18:27,12:56,February,2026
Mozambique,Tete,,Tete,-16.1569,33.5869,2026-02-02,05:34,18:23,12:49,February,2026
Mozambique,Zambézia,,Quelimane,-17.8764,36.8872,2026-02-02,05:19,18:12,12:53,February,2026
Mozambique,Nampula,,Nampula,-15.1167,39.2667,2026-02-02,05:13,17:58,12:45,February,2026
Mozambique,Niassa,,Lichinga,-13.3128,35.2406,2026-02-02,05:32,18:12,12:40,February,2026
Mozambique,Cabo Delgado,,Pemba,-12.9667,40.5167,2026-02-02,05:11,17:51,12:40,February,2026
Mozambique,Maputo,,Maputo,-25.9653,32.5892,2026-02-03,05:25,18:40,13:15,February,2026
Mozambique,Gaza,,Xai-Xai,-25.05,33.65,2026-02-03,05:22,18:35,13:13,February,2026
Mozambique,Inhambane,,Inhambane,-23.865,35.3833,2026-02-03,05:17,18:26,13:09,February,2026
Mozambique,Sofala,,Beira,-19.8333,34.85,2026-02-03,05:25,18:22,12:57,February,2026
Mozambique,Manica,,Chimoio,-19.1167,33.4833,2026-02-03,05:31,18:27,12:56,February,2026
Mozambique,Tete,,Tete,-16.1569,33.5869,2026-02-03,05:35,18:22,12:47,February,2026
Mozambique,Zambézia,,Quelimane,-17.8764,36.8872,2026-02-03,05:19,18:11,12:52,February,2026
Mozambique,Nampula,,Nampula,-15.1167,39.2667,2026-02-03,05:14,17:58,12:44,February,2026
Mozambique,Niassa,,Lichinga,-13.3128,35.2406,2026-02-03,05:32,18:12,12:40,February,2026
Mozambique,Cabo Delgado,,Pemba,-12.9667,40.5167,2026-02-03,05:11,17:50,12:39,February,2026
Mozambique,Maputo,,Maputo,-25.9653,32.5892,2026-02-04,05:26,18:40,13:14,February,2026
Mozambique,Gaza,,Xai-Xai,-25.05,33.65,2026-02-04,05:23,18:34,13:11,February,2026
Mozambique,Inhambane,,Inhambane,-23.865,35.3833,2026-02-04,05:18,18:25,13:07,February,2026
Mozambique,Sofala,,Beira,-19.8333,34.85,2026-02-04,05:26,18:22,12:56,February,2026
Mozambique,Manica,,Chimoio,-19.1167,33.4833,2026-02-04,05:32,18:26,12:54,February,2026
Mozambique,Tete,,Tete,-16.1569,33.5869,2026-02-04,05:35,18:22,12:47,February,2026
Mozambique,Zambézia,,Quelimane,-17.8764,36.8872,2026-02-04,05:20,18:11,12:51,February,2026
Mozambique,Nampula,,Nampula,-15.1167,39.2667,2026-02-04,05:14,17:58,12:44,February,2026
Mozambique,Niassa,,Lichinga,-13.3128,35.2406,2026-02-04,05:33,18:12,12:39,February,2026
Mozambique,Cabo Delgado,,Pemba,-12.9667,40.5167,2026-02-04,05:12,17:50,12:38,February,2026
Mozambique,Maputo,,Maputo,-25.9653,32.5892,2026-02-05,05:27,18:39,13:12,February,2026
Mozambique,Gaza,,Xai-Xai,-25.05,33.65,2026-02-05,05:24,18:34,13:10,February,2026
Mozambique,Inhambane,,Inhambane,-23.865,35.3833,2026-02-05,05:18,18:25,13:07,February,2026
Mozambique,Sofala,,Beira,-19.8333,34.85,2026-02-05,05:26,18:22,12:56,February,2026
Mozambique,Manica,,Chimoio,-19.1167,33.4833,2026-02-05,05:33,18:26,12:53,February,2026
Mozambique,Tete,,Tete,-16.1569,33.5869,2026-02-05,05:36,18:22,12:46,February,2026
Mozambique,Zambézia,,Quelimane,-17.8764,36.8872,2026-02-05,05:21,18:11,12:50,February,2026
Mozambique,Nampula,,Nampula,-15.1167,39.2667,2026-02-05,05:15,17:58,12:43,February,2026
Mozambique,Niassa,,Lichinga,-13.3128,35.2406,2026-02-05,05:33,18:12,12:39,February,2026
Mozambique,Cabo Delgado,,Pemba,-12.9667,40.5167,2026-02-05,05:12,17:50,12:38,February,2026
Mozambique,Maputo,,Maputo,-25.9653,32.5892,2026-02-06,05:27,18:39,13:12,February,2026
Mozambique,Gaza,,Xai-Xai,-25.05,33.65,2026-02-06,05:24,18:33,13:09,February,2026
Mozambique,Inhambane,,Inhambane,-23.865,35.3833,2026-02-06,05:19,18:25,13:06,February,2026
Mozambique,Sofala,,Beira,-19.8333,34.85,2026-02-06,05:27,18:21,12:54,February,2026
Mozambique,Manica,,Chimoio,-19.1167,33.4833,2026-02-06,05:33,18:26,12:53,February,2026
Mozambique,Tete,,Tete,-16.1569,33.5869,2026-02-06,05:36,18:22,12:46,February,2026
Mozambique,Zambézia,,Quelimane,-17.8764,36.8872,2026-02-06,05:21,18:10,12:49,February,2026
Mozambique,Nampula,,Nampula,-15.1167,39.2667,2026-02-06,05:15,17:57,12:42,February,2026
Mozambique,Niassa,,Lichinga,-13.3128,35.2406,2026-02-06,05:33,18:11,12:38,February,2026
Mozambique,Cabo Delgado,,Pemba,-12.9667,40.5167,2026-02-06,05:13,17:50,12:37,February,2026
Mozambique,Maputo,,Maputo,-25.9653,32.5892,2026-02-07,05:28,18:38,13:10,February,2026
Mozambique,Gaza,,Xai-Xai,-25.05,33.65,2026-02-07,05:25,18:33,13:08,February,2026
Mozambique,Inhambane,,Inhambane,-23.865,35.3833,2026-02-07,05:20,18:24,13:04,February,2026
Mozambique,Sofala,,Beira,-19.8333,34.85,2026-02-07,05:27,18:21,12:54,February,2026
Mozambique,Manica,,Chimoio,-19.1167,33.4833,2026-02-07,05:34,18:25,12:51,February,2026
Mozambique,Tete,,Tete,-16.1569,33.5869,2026-02-07,05:37,18:21,12:44,February,2026
Mozambique,Zambézia,,Quelimane,-17.8764,36.8872,2026-02-07,05:22,18:10,12:48,February,2026
Mozambique,Nampula,,Nampula,-15.1167,39.2667,2026-02-07,05:16,17:57,12:41,February,2026
Mozambique,Niassa,,Lichinga,-13.3128,35.2406,2026-02-07,05:34,18:11,12:37,February,2026
Mozambique,Cabo Delgado,,Pemba,-12.9667,40.5167,2026-02-07,05:13,17:50,12:37,February,2026
Mozambique,Maputo,,Maputo,-25.9653,32.5892,2026-02-08,05:29,18:38,13:09,February,2026
Mozambique,Gaza,,Xai-Xai,-25.05,33.65,2026-02-08,05:26,18:32,13:06,February,2026
Mozambique,Inhambane,,Inhambane,-23.865,35.3833,2026-02-08,05:20,18:24,13:04,February,2026
Mozambique,Sofala,,Beira,-19.8333,34.85,2026-02-08,05:28,18:20,12:52,February,2026
Mozambique,Manica,,Chimoio,-19.1167,33.4833,2026-02-08,05:34,18:25,12:51,February,2026
Mozambique,Tete,,Tete,-16.1569,33.5869,2026-02-08,05:37,18:21,12:44,February,2026
Mozambique,Zambézia,,Quelimane,-17.8764,36.8872,2026-02-08,05:22,18:10,12:48,February,2026
Mozambique,Nampula,,Nampula,-15.1167,39.2667,2026-02-08,05:16,17:57,12:41,February,2026
Mozambique,Niassa,,Lichinga,-13.3128,35.2406,2026-02-08,05:34,18:11,12:37,February,2026
Mozambique,Cabo Delgado,,Pemba,-12.9667,40.5167,2026-02-08,05:14,17:49,12:35,February,2026
Mozambique,Maputo,,Maputo,-25.9653,32.5892,2026-02-09,05:30,18:37,13:07,February,2026
Mozambique,Gaza,,Xai-Xai,-25.05,33.65,2026-02-09,05:27,18:31,13:04,February,2026
Mozambique,Inhambane,,Inhambane,-23.865,35.3833,2026-02-09,05:21,18:23,13:02,February,2026
Mozambique,Sofala,,Beira,-19.8333,34.85,2026-02-09,05:28,18:20,12:52,February,2026
Mozambique,Manica,,Chimoio,-19.1167,33.4833,2026-02-09,05:35,18:25,12:50,February,2026
Mozambique,Tete,,Tete,-16.1569,33.5869,2026-02-09,05:38,18:21,12:43,February,2026
Mozambique,Zambézia,,Quelimane,-17.8764,36.8872,2026-02-09,05:23,18:09,12:46,February,2026
Mozambique,Nampula,,Nampula,-15.1167,39.2667,2026-02-09,05:16,17:57,12:41,February,2026
Mozambique,Niassa,,Lichinga,-13.3128,35.2406,2026-02-09,05:35,18:11,12:36,February,2026
Mozambique,Cabo Delgado,,Pemba,-12.9667,40.5167,2026-02-09,05:14,17:49,12:35,February,2026
Mozambique,Maputo,,Maputo,-25.9653,32.5892,2026-02-10,05:30,18:36,13:06,February,2026
Mozambique,Gaza,,Xai-Xai,-25.05,33.65,2026-02-10,05:27,18:31,13:04,February,2026
Mozambique,Inhambane,,Inhambane,-23.865,35.3833,2026-02-10,05:22,18:22,13:00,February,2026
Mozambique,Sofala,,Beira,-19.8333,34.85,2026-02-10,05:29,18:20,12:51,February,2026
Mozambique,Manica,,Chimoio,-19.1167,33.4833,2026-02-10,05:35,18:24,12:49,February,2026
Mozambique,Tete,,Tete,-16.1569,33.5869,2026-02-10,05:38,18:20,12:42,February,2026
Mozambique,Zambézia,,Quelimane,-17.8764,36.8872,2026-02-10,05:23,18:09,12:46,February,2026
Mozambique,Nampula,,Nampula,-15.1167,39.2667,2026-02-10,05:17,17:56,12:39,February,2026
Mozambique,Niassa,,Lichinga,-13.3128,35.2406,2026-02-10,05:35,18:10,12:35,February,2026
Mozambique,Cabo Delgado,,Pemba,-12.9667,40.5167,2026-02-10,05:14,17:49,12:35,February,2026
Mozambique,Maputo,,Maputo,-25.9653,32.5892,2026-02-11,05:31,18:36,13:05,February,2026
Mozambique,Gaza,,Xai-Xai,-25.05,33.65,2026-02-11,05:28,18:30,13:02,February,2026
Mozambique,Inhambane,,Inhambane,-23.865,35.3833,2026-02-11,05:22,18:22,13:00,February,2026
Mozambique,Sofala,,Beira,-19.8333,34.85,2026-02-11,05:30,18:19,12:49,February,2026
Mozambique,Manica,,Chimoio,-19.1167,33.4833,2026-02-11,05:36,18:24,12:48,February,2026
Mozambique,Tete,,Tete,-16.1569,33.5869,2026-02-11,05:39,18:20,12:41,February,2026
Mozambique,Zambézia,,Quelimane,-17.8764,36.8872,2026-02-11,05:24,18:09,12:45,February,2026
Mozambique,Nampula,,Nampula,-15.1167,39.2667,2026-02-11,05:17,17:56,12:39,February,2026
Mozambique,Niassa,,Lichinga,-13.3128,35.2406,2026-02-11,05:35,18:10,12:35,February,2026
Mozambique,Cabo Delgado,,Pemba,-12.9667,40.5167,2026-02-11,05:15,17:49,12:34,February,2026
Mozambique,Maputo,,Maputo,-25.9653,32.5892,2026-02-12,05:32,18:35,13:03,February,2026
Mozambique,Gaza,,Xai-Xai,-25.05,33.65,2026-02-12,05:29,18:30,13:01,February,2026
Mozambique,Inhambane,,Inhambane,-23.865,35.3833,2026-02-12,05:23,18:21,12:58,February,2026
Mozambique,Sofala,,Beira,-19.8333,34.85,2026-02-12,05:30,18:19,12:49,February,2026
Mozambique,Manica,,Chimoio,-19.1167,33.4833,2026-02-12,05:36,18:23,12:47,February,2026
Mozambique,Tete,,Tete,-16.1569,33.5869,2026-02-12,05:39,18:19,12:40,February,2026
Mozambique,Zambézia,,Quelimane,-17.8764,36.8872,2026-02-12,05:24,18:08,12:44,February,2026
Mozambique,Nampula,,Nampula,-15.1167,39.2667,2026-02-12,05:18,17:56,12:38,February,2026
Mozambique,Niassa,,Lichinga,-13.3128,35.2406,2026-02-12,05:36,18:10,12:34,February,2026
Mozambique,Cabo Delgado,,Pemba,-12.9667,40.5167,2026-02-12,05:15,17:48,12:33,February,2026
Mozambique,Maputo,,Maputo,-25.9653,32.5892,2026-02-13,05:32,18:34,13:02,February,2026
Mozambique,Gaza,,Xai-Xai,-25.05,33.65,2026-02-13,05:29,18:29,13:00,February,2026
Mozambique,Inhambane,,Inhambane,-23.865,35.3833,2026-02-13,05:24,18:21,12:57,February,2026
Mozambique,Sofala,,Beira,-19.8333,34.85,2026-02-13,05:31,18:18,12:47,February,2026
Mozambique,Manica,,Chimoio,-19.1167,33.4833,2026-02-13,05:37,18:23,12:46,February,2026
Mozambique,Tete,,Tete,-16.1569,33.5869,2026-02-13,05:40,18:19,12:39,February,2026
Mozambique,Zambézia,,Quelimane,-17.8764,36.8872,2026-02-13,05:25,18:08,12:43,February,2026
Mozambique,Nampula,,Nampula,-15.1167,39.2667,2026-02-13,05:18,17:55,12:37,February,2026
Mozambique,Niassa,,Lichinga,-13.3128,35.2406,2026-02-13,05:36,18:09,12:33,February,2026
Mozambique,Cabo Delgado,,Pemba,-12.9667,40.5167,2026-02-13,05:15,17:48,12:33,February,2026
Mozambique,Maputo,,Maputo,-25.9653,32.5892,2026-02-14,05:33,18:34,13:01,February,2026
Mozambique,Gaza,,Xai-Xai,-25.05,33.65,2026-02-14,05:30,18:28,12:58,February,2026
Mozambique,Inhambane,,Inhambane,-23.865,35.3833,2026-02-14,05:24,18:20,12:56,February,2026
Mozambique,Sofala,,Beira,-19.8333,34.85,2026-02-14,05:31,18:18,12:47,February,2026
Mozambique,Manica,,Chimoio,-19.1167,33.4833,2026-02-14,05:37,18:22,12:45,February,2026
Mozambique,Tete,,Tete,-16.1569,33.5869,2026-02-14,05:40,18:19,12:39,February,2026
Mozambique,Zambézia,,Quelimane,-17.8764,36.8872,2026-02-14,05:25,18:07,12:42,February,2026
Mozambique,Nampula,,Nampula,-15.1167,39.2667,2026-02-14,05:18,17:55,12:37,February,2026
Mozambique,Niassa,,Lichinga,-13.3128,35.2406,2026-02-14,05:36,18:09,12:33,February,2026
Mozambique,Cabo Delgado,,Pemba,-12.9667,40.5167,2026-02-14,05:16,17:48,12:32,February,2026
Mozambique,Maputo,,Maputo,-25.9653,32.5892,2026-02-15,05:34,18:33,12:59,February,2026
Mozambique,Gaza,,Xai-Xai,-25.05,33.65,2026-02-15,05:31,18:28,12:57,February,2026
Mozambique,Inhambane,,Inhambane,-23.865,35.3833,2026-02-15,05:25,18:19,12:54,February,2026
Mozambique,Sofala,,Beira,-19.8333,34.85,2026-02-15,05:32,18:17,12:45,February,2026
Mozambique,Manica,,Chimoio,-19.1167,33.4833,2026-02-15,05:38,18:22,12:44,February,2026
Mozambique,Tete,,Tete,-16.1569,33.5869,2026-02-15,05:41,18:18,12:37,February,2026
Mozambique,Zambézia,,Quelimane,-17.8764,36.8872,2026-02-15,05:26,18:07,12:41,February,2026
Mozambique,Nampula,,Nampula,-15.1167,39.2667,2026-02-15,05:19,17:54,12:35,February,2026
Mozambique,Niassa,,Lichinga,-13.3128,35.2406,2026-02-15,05:37,18:09,12:32,February,2026
Mozambique,Cabo Delgado,,Pemba,-12.9667,40.5167,2026-02-15,05:16,17:47,12:31,February,2026
Mozambique,Maputo,,Maputo,-25.9653,32.5892,2026-02-16,05:35,18:32,12:57,February,2026
Mozambique,Gaza,,Xai-Xai,-25.05,33.65,2026-02-16,05:31,18:27,12:56,February,2026
Mozambique,Inhambane,,Inhambane,-23.865,35.3833,2026-02-16,05:26,18:19,12:53,February,2026
Mozambique,Sofala,,Beira,-19.8333,34.85,2026-02-16,05:32,18:16,12:44,February,2026
Mozambique,Manica,,Chimoio,-19.1167,33.4833,2026-02-16,05:38,18:21,12:43,February,2026
Mozambique,Tete,,Tete,-16.1569,33.5869,2026-02-16,05:41,18:18,12:37,February,2026
Mozambique,Zambézia,,Quelimane,-17.8764,36.8872,2026-02-16,05:26,18:06,12:40,February,2026
Mozambique,Nampula,,Nampula,-15.1167,39.2667,2026-02-16,05:19,17:54,12:35,February,2026
Mozambique,Niassa,,Lichinga,-13.3128,35.2406,2026-02-16,05:37,18:08,12:31,February,2026
Mozambique,Cabo Delgado,,Pemba,-12.9667,40.5167,2026-02-16,05:16,17:47,12:31,February,2026
Mozambique,Maputo,,Maputo,-25.9653,32.5892,2026-02-17,05:35,18:31,12:56,February,2026
Mozambique,Gaza,,Xai-Xai,-25.05,33.65,2026-02-17,05:32,18:26,12:54,February,2026
Mozambique,Inhambane,,Inhambane,-23.865,35.3833,2026-02-17,05:26,18:18,12:52,February,2026
Mozambique,Sofala,,Beira,-19.8333,34.85,2026-02-17,05:33,18:16,12:43,February,2026
Mozambique,Manica,,Chimoio,-19.1167,33.4833,2026-02-17,05:39,18:21,12:42,February,2026
Mozambique,Tete,,Tete,-16.1569,33.5869,2026-02-17,05:41,18:17,12:36,February,2026
Mozambique,Zambézia,,Quelimane,-17.8764,36.8872,2026-02-17,05:26,18:06,12:40,February,2026
Mozambique,Nampula,,Nampula,-15.1167,39.2667,2026-02-17,05:20,17:54,12:34,February,2026
Mozambique,Niassa,,Lichinga,-13.3128,35.2406,2026-02-17,05:37,18:08,12:31,February,2026
Mozambique,Cabo Delgado,,Pemba,-12.9667,40.5167,2026-02-17,05:17,17:47,12:30,February,2026
Mozambique,Maputo,,Maputo,-25.9653,32.5892,2026-02-18,05:36,18:31,12:55,February,2026
Mozambique,Gaza,,Xai-Xai,-25.05,33.65,2026-02-18,05:33,18:25,12:52,February,2026
Mozambique,Inhambane,,Inhambane,-23.865,35.3833,2026-02-18,05:27,18:17,12:50,February,2026
Mozambique,Sofala,,Beira,-19.8333,34.85,2026-02-18,05:33,18:15,12:42,February,2026
Mozambique,Manica,,Chimoio,-19.1167,33.4833,2026-02-18,05:39,18:20,12:41,February,2026
Mozambique,Tete,,Tete,-16.1569,33.5869,2026-02-18,05:42,18:17,12:35,February,2026
Mozambique,Zambézia,,Quelimane,-17.8764,36.8872,2026-02-18,05:27,18:05,12:38,February,2026
Mozambique,Nampula,,Nampula,-15.1167,39.2667,2026-02-18,05:20,17:53,12:33,February,2026
Mozambique,Niassa,,Lichinga,-13.3128,35.2406,2026-02-18,05:38,18:08,12:30,February,2026
Mozambique,Cabo Delgado,,Pemba,-12.9667,40.5167,2026-02-18,05:17,17:46,12:29,February,2026
Mozambique,Maputo,,Maputo,-25.9653,32.5892,2026-02-19,05:37,18:30,12:53,February,2026
Mozambique,Gaza,,Xai-Xai,-25.05,33.65,2026-02-19,05:33,18:25,12:52,February,2026
Mozambique,Inhambane,,Inhambane,-23.865,35.3833,2026-02-19,05:28,18:17,12:49,February,2026
Mozambique,Sofala,,Beira,-19.8333,34.85,2026-02-19,05:34,18:15,12:41,February,2026
Mozambique,Manica,,Chimoio,-19.1167,33.4833,2026-02-19,05:40,18:20,12:40,February,2026
Mozambique,Tete,,Tete,-16.1569,33.5869,2026-02-19,05:42,18:16,12:34,February,2026
Mozambique,Zambézia,,Quelimane,-17.8764,36.8872,2026-02-19,05:27,18:05,12:38,February,2026
Mozambique,Nampula,,Nampula,-15.1167,39.2667,2026-02-19,05:20,17:53,12:33,February,2026
Mozambique,Niassa,,Lichinga,-13.3128,35.2406,2026-02-19,05:38,18:07,12:29,February,2026
Mozambique,Cabo Delgado,,Pemba,-12.9667,40.5167,2026-02-19,05:17,17:46,12:29,February,2026
Mozambique,Maputo,,Maputo,-25.9653,32.5892,2026-02-20,05:37,18:29,12:52,February,2026
Mozambique,Gaza,,Xai-Xai,-25.05,33.65,2026-02-20,05:34,18:24,12:50,February,2026
Mozambique,Inhambane,,Inhambane,-23.865,35.3833,2026-02-20,05:28,18:16,12:48,February,2026
Mozambique,Sofala,,Beira,-19.8333,34.85,2026-02-20,05:34,18:14,12:40,February,2026
Mozambique,Manica,,Chimoio,-19.1167,33.4833,2026-02-20,05:40,18:19,12:39,February,2026
Mozambique,Tete,,Tete,-16.1569,33.5869,2026-02-20,05:42,18:16,12:34,February,2026
Mozambique,Zambézia,,Quelimane,-17.8764,36.8872,2026-02-20,05:28,18:04,12:36,February,2026
Mozambique,Nampula,,Nampula,-15.1167,39.2667,2026-02-20,05:21,17:52,12:31,February,2026
Mozambique,Niassa,,Lichinga,-13.3128,35.2406,2026-02-20,05:38,18:07,12:29,February,2026
Mozambique,Cabo Delgado,,Pemba,-12.9667,40.5167,2026-02-20,05:18,17:45,12:27,February,2026
Mozambique,Maputo,,Maputo,-25.9653,32.5892,2026-02-21,05:38,18:28,12:50,February,2026
Mozambique,Gaza,,Xai-Xai,-25.05,33.65,2026-02-21,05:35,18:23,12:48,February,2026
Mozambique,Inhambane,,Inhambane,-23.865,35.3833,2026-02-21,05:29,18:15,12:46,February,2026
Mozambique,Sofala,,Beira,-19.8333,34.85,2026-02-21,05:35,18:14,12:39,February,2026
Mozambique,Manica,,Chimoio,-19.1167,33.4833,2026-02-21,05:41,18:18,12:37,February,2026
Mozambique,Tete,,Tete,-16.1569,33.5869,2026-02-21,05:43,18:15,12:32,February,2026
Mozambique,Zambézia,,Quelimane,-17.8764,36.8872,2026-02-21,05:28,18:04,12:36,February,2026
Mozambique,Nampula,,Nampula,-15.1167,39.2667,2026-02-21,05:21,17:52,12:31,February,2026
Mozambique,Niassa,,Lichinga,-13.3128,35.2406,2026-02-21,05:39,18:06,12:27,February,2026
Mozambique,Cabo Delgado,,Pemba,-12.9667,40.5167,2026-02-21,05:18,17:45,12:27,February,2026
Mozambique,Maputo,,Maputo,-25.9653,32.5892,2026-02-22,05:39,18:27,12:48,February,2026
Mozambique,Gaza,,Xai-Xai,-25.05,33.65,2026-02-22,05:35,18:22,12:47,February,2026
Mozambique,Inhambane,,Inhambane,-23.865,35.3833,2026-02-22,05:29,18:14,12:45,February,2026
Mozambique,Sofala,,Beira,-19.8333,34.85,2026-02-22,05:35,18:13,12:38,February,2026
Mozambique,Manica,,Chimoio,-19.1167,33.4833,2026-02-22,05:41,18:18,12:37,February,2026
Mozambique,Tete,,Tete,-16.1569,33.5869,2026-02-22,05:43,18:15,12:32,February,2026
Mozambique,Zambézia,,Quelimane,-17.8764,36.8872,2026-02-22,05:29,18:03,12:34,February,2026
Mozambique,Nampula,,Nampula,-15.1167,39.2667,2026-02-22,05:21,17:51,12:30,February,2026
Mozambique,Niassa,,Lichinga,-13.3128,35.2406,2026-02-22,05:39,18:06,12:27,February,2026
Mozambique,Cabo Delgado,,Pemba,-12.9667,40.5167,2026-02-22,05:18,17:45,12:27,February,2026
Mozambique,Maputo,,Maputo,-25.9653,32.5892,2026-02-23,05:39,18:27,12:48,February,2026
Mozambique,Gaza,,Xai-Xai,-25.05,33.65,2026-02-23,05:36,18:22,12:46,February,2026
Mozambique,Inhambane,,Inhambane,-23.865,35.3833,2026-02-23,05:30,18:14,12:44,February,2026
Mozambique,Sofala,,Beira,-19.8333,34.85,2026-02-23,05:35,18:12,12:37,February,2026
Mozambique,Manica,,Chimoio,-19.1167,33.4833,2026-02-23,05:42,18:17,12:35,February,2026
Mozambique,Tete,,Tete,-16.1569,33.5869,2026-02-23,05:44,18:14,12:30,February,2026
Mozambique,Zambézia,,Quelimane,-17.8764,36.8872,2026-02-23,05:29,18:02,12:33,February,2026
Mozambique,Nampula,,Nampula,-15.1167,39.2667,2026-02-23,05:22,17:51,12:29,February,2026
Mozambique,Niassa,,Lichinga,-13.3128,35.2406,2026-02-23,05:39,18:05,12:26,February,2026
Mozambique,Cabo Delgado,,Pemba,-12.9667,40.5167,2026-02-23,05:18,17:44,12:26,February,2026
Mozambique,Maputo,,Maputo,-25.9653,32.5892,2026-02-24,05:40,18:26,12:46,February,2026
Mozambique,Gaza,,Xai-Xai,-25.05,33.65,2026-02-24,05:36,18:21,12:45,February,2026
Mozambique,Inhambane,,Inhambane,-23.865,35.3833,2026-02-24,05:30,18:13,12:43,February,2026
Mozambique,Sofala,,Beira,-19.8333,34.85,2026-02-24,05:36,18:12,12:36,February,2026
Mozambique,Manica,,Chimoio,-19.1167,33.4833,2026-02-24,05:42,18:16,12:34,February,2026
Mozambique,Tete,,Tete,-16.1569,33.5869,2026-02-24,05:44,18:14,12:30,February,2026
Mozambique,Zambézia,,Quelimane,-17.8764,36.8872,2026-02-24,05:29,18:02,12:33,February,2026
Mozambique,Nampula,,Nampula,-15.1167,39.2667,2026-02-24,05:22,17:50,12:28,February,2026
Mozambique,Niassa,,Lichinga,-13.3128,35.2406,2026-02-24,05:39,18:05,12:26,February,2026
Mozambique,Cabo Delgado,,Pemba,-12.9667,40.5167,2026-02-24,05:19,17:44,12:25,February,2026
Mozambique,Maputo,,Maputo,-25.9653,32.5892,2026-02-25,05:40,18:25,12:45,February,2026
Mozambique,Gaza,,Xai-Xai,-25.05,33.65,2026-02-25,05:37,18:20,12:43,February,2026
Mozambique,Inhambane,,Inhambane,-23.865,35.3833,2026-02-25,05:31,18:12,12:41,February,2026
Mozambique,Sofala,,Beira,-19.8333,34.85,2026-02-25,05:36,18:11,12:35,February,2026
Mozambique,Manica,,Chimoio,-19.1167,33.4833,2026-02-25,05:42,18:16,12:34,February,2026
Mozambique,Tete,,Tete,-16.1569,33.5869,2026-02-25,05:44,18:13,12:29,February,2026
Mozambique,Zambézia,,Quelimane,-17.8764,36.8872,2026-02-25,05:30,18:01,12:31,February,2026
Mozambique,Nampula,,Nampula,-15.1167,39.2667,2026-02-25,05:22,17:50,12:28,February,2026
Mozambique,Niassa,,Lichinga,-13.3128,35.2406,2026-02-25,05:40,18:04,12:24,February,2026
Mozambique,Cabo Delgado,,Pemba,-12.9667,40.5167,2026-02-25,05:19,17:43,12:24,February,2026
Mozambique,Maputo,,Maputo,-25.9653,32.5892,2026-02-26,05:41,18:24,12:43,February,2026
Mozambique,Gaza,,Xai-Xai,-25.05,33.65,2026-02-26,05:38,18:19,12:41,February,2026
Mozambique,Inhambane,,Inhambane,-23.865,35.3833,2026-02-26,05:32,18:11,12:39,February,2026
Mozambique,Sofala,,Beira,-19.8333,34.85,2026-02-26,05:37,18:10,12:33,February,2026
Mozambique,Manica,,Chimoio,-19.1167,33.4833,2026-02-26,05:43,18:15,12:32,February,2026
Mozambique,Tete,,Tete,-16.1569,33.5869,2026-02-26,05:44,18:13,12:29,February,2026
Mozambique,Zambézia,,Quelimane,-17.8764,36.8872,2026-02-26,05:30,18:01,12:31,February,2026
Mozambique,Nampula,,Nampula,-15.1167,39.2667,2026-02-26,05:22,17:49,12:27,February,2026
Mozambique,Niassa,,Lichinga,-13.3128,35.2406,2026-02-26,05:40,18:04,12:24,February,2026
Mozambique,Cabo Delgado,,Pemba,-12.9667,40.5167,2026-02-26,05:19,17:43,12:24,February,2026
Mozambique,Maputo,,Maputo,-25.9653,32.5892,2026-02-27,05:42,18:23,12:41,February,2026
Mozambique,Gaza,,Xai-Xai,-25.05,33.65,2026-02-27,05:38,18:18,12:40,February,2026
Mozambique,Inhambane,,Inhambane,-23.865,35.3833,2026-02-27,05:32,18:10,12:38,February,2026
Mozambique,Sofala,,Beira,-19.8333,34.85,2026-02-27,05:37,18:09,12:32,February,2026
Mozambique,Manica,,Chimoio,-19.1167,33.4833,2026-02-27,05:43,18:14,12:31,February,2026
Mozambique,Tete,,Tete,-16.1569,33.5869,2026-02-27,05:45,18:12,12:27,February,2026
Mozambique,Zambézia,,Quelimane,-17.8764,36.8872,2026-02-27,05:30,18:00,12:30,February,2026
Mozambique,Nampula,,Nampula,-15.1167,39.2667,2026-02-27,05:23,17:49,12:26,February,2026
Mozambique,Niassa,,Lichinga,-13.3128,35.2406,2026-02-27,05:40,18:03,12:23,February,2026
Mozambique,Cabo Delgado,,Pemba,-12.9667,40.5167,2026-02-27,05:19,17:42,12:23,February,2026
Mozambique,Maputo,,Maputo,-25.9653,32.5892,2026-02-28,05:42,18:22,12:40,February,2026
Mozambique,Gaza,,Xai-Xai,-25.05,33.65,2026-02-28,05:39,18:17,12:38,February,2026
Mozambique,Inhambane,,Inhambane,-23.865,35.3833,2026-02-28,05:33,18:09,12:36,February,2026
Mozambique,Sofala,,Beira,-19.8333,34.85,2026-02-28,05:38,18:09,12:31,February,2026
Mozambique,Manica,,Chimoio,-19.1167,33.4833,2026-02-28,05:44,18:14,12:30,February,2026
Mozambique,Tete,,Tete,-16.1569,33.5869,2026-02-28,05:45,18:11,12:26,February,2026
Mozambique,Zambézia,,Quelimane,-17.8764,36.8872,2026-02-28,05:31,17:59,12:28,February,2026
Mozambique,Nampula,,Nampula,-15.1167,39.2667,2026-02-28,05:23,17:48,12:25,February,2026
Mozambique,Niassa,,Lichinga,-13.3128,35.2406,2026-02-28,05:40,18:03,12:23,February,2026
Mozambique,Cabo Delgado,,Pemba,-12.9667,40.5167,2026-02-28,05:19,17:42,12:23,February,2026
Mozambique,Maputo,,Maputo,-25.9653,32.5892,2026-03-01,05:43,18:21,12:38,March,2026
Mozambique,Gaza,,Xai-Xai,-25.05,33.65,2026-03-01,05:39,18:16,12:37,March,2026
Mozambique,Inhambane,,Inhambane,-23.865,35.3833,2026-03-01,05:33,18:09,12:36,March,2026
Mozambique,Sofala,,Beira,-19.8333,34.85,2026-03-01,05:38,18:08,12:30,March,2026
Mozambique,Manica,,Chimoio,-19.1167,33.4833,2026-03-01,05:44,18:13,12:29,March,2026
Mozambique,Tete,,Tete,-16.1569,33.5869,2026-03-01,05:45,18:11,12:26,March,2026
Mozambique,Zambézia,,Quelimane,-17.8764,36.8872,2026-03-01,05:31,17:59,12:28,March,2026
Mozambique,Nampula,,Nampula,-15.1167,39.2667,2026-03-01,05:23,17:47,12:24,March,2026
Mozambique,Niassa,,Lichinga,-13.3128,35.2406,2026-03-01,05:40,18:02,12:22,March,2026
Mozambique,Cabo Delgado,,Pemba,-12.9667,40.5167,2026-03-01,05:20,17:41,12:21,March,2026
Mozambique,Maputo,,Maputo,-25.9653,32.5892,2026-03-02,05:43,18:20,12:37,March,2026
Mozambique,Gaza,,Xai-Xai,-25.05,33.65,2026-03-02,05:40,18:15,12:35,March,2026
Mozambique,Inhambane,,Inhambane,-23.865,35.3833,2026-03-02,05:34,18:08,12:34,March,2026
Mozambique,Sofala,,Beira,-19.8333,34.85,2026-03-02,05:38,18:07,12:29,March,2026
Mozambique,Manica,,Chimoio,-19.1167,33.4833,2026-03-02,05:44,18:12,12:28,March,2026
Mozambique,Tete,,Tete,-16.1569,33.5869,2026-03-02,05:46,18:10,12:24,March,2026
Mozambique,Zambézia,,Quelimane,-17.8764,36.8872,2026-03-02,05:31,17:58,12:27,March,2026
Mozambique,Nampula,,Nampula,-15.1167,39.2667,2026-03-02,05:24,17:47,12:23,March,2026
Mozambique,Niassa,,Lichinga,-13.3128,35.2406,2026-03-02,05:41,18:02,12:21,March,2026
Mozambique,Cabo Delgado,,Pemba,-12.9667,40.5167,2026-03-02,05:20,17:41,12:21,March,2026
Mozambique,Maputo,,Maputo,-25.9653,32.5892,2026-03-03,05:44,18:19,12:35,March,2026
Mozambique,Gaza,,Xai-Xai,-25.05,33.65,2026-03-03,05:40,18:15,12:35,March,2026
Mozambique,Inhambane,,Inhambane,-23.865,35.3833,2026-03-03,05:34,18:07,12:33,March,2026
Mozambique,Sofala,,Beira,-19.8333,34.85,2026-03-03,05:39,18:07,12:28,March,2026
Mozambique,Manica,,Chimoio,-19.1167,33.4833,2026-03-03,05:45,18:12,12:27,March,2026
Mozambique,Tete,,Tete,-16.1569,33.5869,2026-03-03,05:46,18:09,12:23,March,2026
Mozambique,Zambézia,,Quelimane,-17.8764,36.8872,2026-03-03,05:32,17:57,12:25,March,2026
Mozambique,Nampula,,Nampula,-15.1167,39.2667,2026-03-03,05:24,17:46,12:22,March,2026
Mozambique,Niassa,,Lichinga,-13.3128,35.2406,2026-03-03,05:41,18:01,12:20,March,2026
Mozambique,Cabo Delgado,,Pemba,-12.9667,40.5167,2026-03-03,05:20,17:40,12:20,March,2026
Mozambique,Maputo,,Maputo,-25.9653,32.5892,2026-03-04,05:45,18:18,12:33,March,2026
Mozambique,Gaza,,Xai-Xai,-25.05,33.65,2026-03-04,05:41,18:14,12:33,March,2026
Mozambique,Inhambane,,Inhambane,-23.865,35.3833,2026-03-04,05:35,18:06,12:31,March,2026
Mozambique,Sofala,,Beira,-19.8333,34.85,2026-03-04,05:39,18:06,12:27,March,2026
Mozambique,Manica,,Chimoio,-19.1167,33.4833,2026-03-04,05:45,18:11,12:26,March,2026
Mozambique,Tete,,Tete,-16.1569,33.5869,2026-03-04,05:46,18:09,12:23,March,2026
Mozambique,Zambézia,,Quelimane,-17.8764,36.8872,2026-03-04,05:32,17:57,12:25,March,2026
Mozambique,Nampula,,Nampula,-15.1167,39.2667,2026-03-04,05:24,17:46,12:22,March,2026
Mozambique,Niassa,,Lichinga,-13.3128,35.2406,2026-03-04,05:41,18:01,12:20,March,2026
Mozambique,Cabo Delgado,,Pemba,-12.9667,40.5167,2026-03-04,05:20,17:39,12:19,March,2026
Mozambique,Maputo,,Maputo,-25.9653,32.5892,2026-03-05,05:45,18:17,12:32,March,2026
Mozambique,Gaza,,Xai-Xai,-25.05,33.65,2026-03-05,05:41,18:13,12:32,March,2026
Mozambique,Inhambane,,Inhambane,-23.865,35.3833,2026-03-05,05:35,18:05,12:30,March,2026
Mozambique,Sofala,,Beira,-19.8333,34.85,2026-03-05,05:39,18:05,12:26,March,2026
Mozambique,Manica,,Chimoio,-19.1167,33.4833,2026-03-05,05:45,18:10,12:25,March,2026
Mozambique,Tete,,Tete,-16.1569,33.5869,2026-03-05,05:46,18:08,12:22,March,2026
Mozambique,Zambézia,,Quelimane,-17.8764,36.8872,2026-03-05,05:32,17:56,12:24,March,2026
Mozambique,Nampula,,Nampula,-15.1167,39.2667,2026-03-05,05:24,17:45,12:21,March,2026
Mozambique,Niassa,,Lichinga,-13.3128,35.2406,2026-03-05,05:41,18:00,12:19,March,2026
Mozambique,Cabo Delgado,,Pemba,-12.9667,40.5167,2026-03-05,05:20,17:39,12:19,March,2026
Mozambique,Maputo,,Maputo,-25.9653,32.5892,2026-03-06,05:46,18:16,12:30,March,2026
Mozambique,Gaza,,Xai-Xai,-25.05,33.65,2026-03-06,05:42,18:12,12:30,March,2026
Mozambique,Inhambane,,Inhambane,-23.865,35.3833,2026-03-06,05:36,18:04,12:28,March,2026
Mozambique,Sofala,,Beira,-19.8333,34.85,2026-03-06,05:40,18:04,12:24,March,2026
Mozambique,Manica,,Chimoio,-19.1167,33.4833,2026-03-06,05:46,18:09,12:23,March,2026
Mozambique,Tete,,Tete,-16.1569,33.5869,2026-03-06,05:47,18:07,12:20,March,2026
Mozambique,Zambézia,,Quelimane,-17.8764,36.8872,2026-03-06,05:33,17:55,12:22,March,2026
Mozambique,Nampula,,Nampula,-15.1167,39.2667,2026-03-06,05:24,17:44,12:20,March,2026
Mozambique,Niassa,,Lichinga,-13.3128,35.2406,2026-03-06,05:41,18:00,12:19,March,2026
Mozambique,Cabo Delgado,,Pemba,-12.9667,40.5167,2026-03-06,05:20,17:38,12:18,March,2026
Mozambique,Maputo,,Maputo,-25.9653,32.5892,2026-03-07,05:46,18:15,12:29,March,2026
Mozambique,Gaza,,Xai-Xai,-25.05,33.65,2026-03-07,05:42,18:11,12:29,March,2026
Mozambique,Inhambane,,Inhambane,-23.865,35.3833,2026-03-07,05:36,18:03,12:27,March,2026
Mozambique,Sofala,,Beira,-19.8333,34.85,2026-03-07,05:40,18:03,12:23,March,2026
Mozambique,Manica,,Chimoio,-19.1167,33.4833,2026-03-07,05:46,18:09,12:23,March,2026
Mozambique,Tete,,Tete,-16.1569,33.5869,2026-03-07,05:47,18:07,12:20,March,2026
Mozambique,Zambézia,,Quelimane,-17.8764,36.8872,2026-03-07,05:33,17:54,12:21,March,2026
Mozambique,Nampula,,Nampula,-15.1167,39.2667,2026-03-07,05:25,17:44,12:19,March,2026
Mozambique,Niassa,,Lichinga,-13.3128,35.2406,2026-03-07,05:41,17:59,12:18,March,2026
Mozambique,Cabo Delgado,,Pemba,-12.9667,40.5167,2026-03-07,05:21,17:38,12:17,March,2026
Mozambique,Maputo,,Maputo,-25.9653,32.5892,2026-03-08,05:47,18:14,12:27,March,2026
Mozambique,Gaza,,Xai-Xai,-25.05,33.65,2026-03-08,05:43,18:10,12:27,March,2026
Mozambique,Inhambane,,Inhambane,-23.865,35.3833,2026-03-08,05:37,18:02,12:25,March,2026
Mozambique,Sofala,,Beira,-19.8333,34.85,2026-03-08,05:40,18:03,12:23,March,2026
Mozambique,Manica,,Chimoio,-19.1167,33.4833,2026-03-08,05:46,18:08,12:22,March,2026
Mozambique,Tete,,Tete,-16.1569,33.5869,2026-03-08,05:47,18:06,12:19,March,2026
Mozambique,Zambézia,,Quelimane,-17.8764,36.8872,2026-03-08,05:33,17:54,12:21,March,2026
Mozambique,Nampula,,Nampula,-15.1167,39.2667,2026-03-08,05:25,17:43,12:18,March,2026
Mozambique,Niassa,,Lichinga,-13.3128,35.2406,2026-03-08,05:42,17:58,12:16,March,2026
Mozambique,Cabo Delgado,,Pemba,-12.9667,40.5167,2026-03-08,05:21,17:37,12:16,March,2026
Mozambique,Maputo,,Maputo,-25.9653,32.5892,2026-03-09,05:47,18:13,12:26,March,2026
Mozambique,Gaza,,Xai-Xai,-25.05,33.65,2026-03-09,05:43,18:09,12:26,March,2026
Mozambique,Inhambane,,Inhambane,-23.865,35.3833,2026-03-09,05:37,18:01,12:24,March,2026
Mozambique,Sofala,,Beira,-19.8333,34.85,2026-03-09,05:41,18:02,12:21,March,2026
Mozambique,Manica,,Chimoio,-19.1167,33.4833,2026-03-09,05:47,18:07,12:20,March,2026
Mozambique,Tete,,Tete,-16.1569,33.5869,2026-03-09,05:47,18:05,12:18,March,2026
Mozambique,Zambézia,,Quelimane,-17.8764,36.8872,2026-03-09,05:33,17:53,12:20,March,2026
Mozambique,Nampula,,Nampula,-15.1167,39.2667,2026-03-09,05:25,17:42,12:17,March,2026
Mozambique,Niassa,,Lichinga,-13.3128,35.2406,2026-03-09,05:42,17:58,12:16,March,2026
Mozambique,Cabo Delgado,,Pemba,-12.9667,40.5167,2026-03-09,05:21,17:37,12:16,March,2026
Mozambique,Maputo,,Maputo,-25.9653,32.5892,2026-03-10,05:48,18:12,12:24,March,2026
Mozambique,Gaza,,Xai-Xai,-25.05,33.65,2026-03-10,05:44,18:08,12:24,March,2026
Mozambique,Inhambane,,Inhambane,-23.865,35.3833,2026-03-10,05:37,18:00,12:23,March,2026
Mozambique,Sofala,,Beira,-19.8333,34.85,2026-03-10,05:41,18:01,12:20,March,2026
Mozambique,Manica,,Chimoio,-19.1167,33.4833,2026-03-10,05:47,18:06,12:19,March,2026
Mozambique,Tete,,Tete,-16.1569,33.5869,2026-03-10,05:48,18:05,12:17,March,2026
Mozambique,Zambézia,,Quelimane,-17.8764,36.8872,2026-03-10,05:34,17:52,12:18,March,2026
Mozambique,Nampula,,Nampula,-15.1167,39.2667,2026-03-10,05:25,17:42,12:17,March,2026
Mozambique,Niassa,,Lichinga,-13.3128,35.2406,2026-03-10,05:42,17:57,12:15,March,2026
Mozambique,Cabo Delgado,,Pemba,-12.9667,40.5167,2026-03-10,05:21,17:36,12:15,March,2026
Mozambique,Maputo,,Maputo,-25.9653,32.5892,2026-03-11,05:48,18:11,12:23,March,2026
Mozambique,Gaza,,Xai-Xai,-25.05,33.65,2026-03-11,05:44,18:07,12:23,March,2026
Mozambique,Inhambane,,Inhambane,-23.865,35.3833,2026-03-11,05:38,17:59,12:21,March,2026
Mozambique,Sofala,,Beira,-19.8333,34.85,2026-03-11,05:41,18:00,12:19,March,2026
Mozambique,Manica,,Chimoio,-19.1167,33.4833,2026-03-11,05:47,18:05,12:18,March,2026
Mozambique,Tete,,Tete,-16.1569,33.5869,2026-03-11,05:48,18:04,12:16,March,2026
Mozambique,Zambézia,,Quelimane,-17.8764,36.8872,2026-03-11,05:34,17:51,12:17,March,2026
Mozambique,Nampula,,Nampula,-15.1167,39.2667,2026-03-11,05:25,17:41,12:16,March,2026
Mozambique,Niassa,,Lichinga,-13.3128,35.2406,2026-03-11,05:42,17:56,12:14,March,2026
Mozambique,Cabo Delgado,,Pemba,-12.9667,40.5167,2026-03-11,05:21,17:35,12:14,March,2026
Mozambique,Maputo,,Maputo,-25.9653,32.5892,2026-03-12,05:49,18:10,12:21,March,2026
Mozambique,Gaza,,Xai-Xai,-25.05,33.65,2026-03-12,05:45,18:06,12:21,March,2026
Mozambique,Inhambane,,Inhambane,-23.865,35.3833,2026-03-12,05:38,17:58,12:20,March,2026
Mozambique,Sofala,,Beira,-19.8333,34.85,2026-03-12,05:42,17:59,12:17,March,2026
Mozambique,Manica,,Chimoio,-19.1167,33.4833,2026-03-12,05:47,18:05,12:18,March,2026
Mozambique,Tete,,Tete,-16.1569,33.5869,2026-03-12,05:48,18:03,12:15,March,2026
Mozambique,Zambézia,,Quelimane,-17.8764,36.8872,2026-03-12,05:34,17:51,12:17,March,2026
Mozambique,Nampula,,Nampula,-15.1167,39.2667,2026-03-12,05:26,17:40,12:14,March,2026
Mozambique,Niassa,,Lichinga,-13.3128,35.2406,2026-03-12,05:42,17:56,12:14,March,2026
Mozambique,Cabo Delgado,,Pemba,-12.9667,40.5167,2026-03-12,05:21,17:35,12:14,March,2026
Mozambique,Maputo,,Maputo,-25.9653,32.5892,2026-03-13,05:49,18:09,12:20,March,2026
Mozambique,Gaza,,Xai-Xai,-25.05,33.65,2026-03-13,05:45,18:05,12:20,March,2026
Mozambique,Inhambane,,Inhambane,-23.865,35.3833,2026-03-13,05:39,17:58,12:19,March,2026
Mozambique,Sofala,,Beira,-19.8333,34.85,2026-03-13,05:42,17:58,12:16,March,2026
Mozambique,Manica,,Chimoio,-19.1167,33.4833,2026-03-13,05:48,18:04,12:16,March,2026
Mozambique,Tete,,Tete,-16.1569,33.5869,2026-03-13,05:48,18:03,12:15,March,2026
Mozambique,Zambézia,,Quelimane,-17.8764,36.8872,2026-03-13,05:34,17:50,12:16,March,2026
Mozambique,Nampula,,Nampula,-15.1167,39.2667,2026-03-13,05:26,17:40,12:14,March,2026
Mozambique,Niassa,,Lichinga,-13.3128,35.2406,2026-03-13,05:42,17:55,12:13,March,2026
Mozambique,Cabo Delgado,,Pemba,-12.9667,40.5167,2026-03-13,05:21,17:34,12:13,March,2026
Mozambique,Maputo,,Maputo,-25.9653,32.5892,2026-03-14,05:50,18:08,12:18,March,2026
Mozambique,Gaza,,Xai-Xai,-25.05,33.65,2026-03-14,05:46,18:04,12:18,March,2026
Mozambique,Inhambane,,Inhambane,-23.865,35.3833,2026-03-14,05:39,17:57,12:18,March,2026
Mozambique,Sofala,,Beira,-19.8333,34.85,2026-03-14,05:42,17:58,12:16,March,2026
Mozambique,Manica,,Chimoio,-19.1167,33.4833,2026-03-14,05:48,18:03,12:15,March,2026
Mozambique,Tete,,Tete,-16.1569,33.5869,2026-03-14,05:48,18:02,12:14,March,2026
Mozambique,Zambézia,,Quelimane,-17.8764,36.8872,2026-03-14,05:35,17:49,12:14,March,2026
Mozambique,Nampula,,Nampula,-15.1167,39.2667,2026-03-14,05:26,17:39,12:13,March,2026
Mozambique,Niassa,,Lichinga,-13.3128,35.2406,2026-03-14,05:42,17:55,12:13,March,2026
Mozambique,Cabo Delgado,,Pemba,-12.9667,40.5167,2026-03-14,05:21,17:33,12:12,March,2026
Mozambique,Maputo,,Maputo,-25.9653,32.5892,2026-03-15,05:50,18:07,12:17,March,2026
Mozambique,Gaza,,Xai-Xai,-25.05,33.65,2026-03-15,05:46,18:03,12:17,March,2026
Mozambique,Inhambane,,Inhambane,-23.865,35.3833,2026-03-15,05:40,17:56,12:16,March,2026
Mozambique,Sofala,,Beira,-19.8333,34.85,2026-03-15,05:43,17:57,12:14,March,2026
Mozambique,Manica,,Chimoio,-19.1167,33.4833,2026-03-15,05:48,18:02,12:14,March,2026
Mozambique,Tete,,Tete,-16.1569,33.5869,2026-03-15,05:48,18:01,12:13,March,2026
Mozambique,Zambézia,,Quelimane,-17.8764,36.8872,2026-03-15,05:35,17:48,12:13,March,2026
Mozambique,Nampula,,Nampula,-15.1167,39.2667,2026-03-15,05:26,17:38,12:12,March,2026
Mozambique,Niassa,,Lichinga,-13.3128,35.2406,2026-03-15,05:42,17:54,12:12,March,2026
Mozambique,Cabo Delgado,,Pemba,-12.9667,40.5167,2026-03-15,05:21,17:33,12:12,March,2026
Mozambique,Maputo,,Maputo,-25.9653,32.5892,2026-03-16,05:51,18:06,12:15,March,2026
Mozambique,Gaza,,Xai-Xai,-25.05,33.65,2026-03-16,05:47,18:02,12:15,March,2026
Mozambique,Inhambane,,Inhambane,-23.865,35.3833,2026-03-16,05:40,17:55,12:15,March,2026
Mozambique,Sofala,,Beira,-19.8333,34.85,2026-03-16,05:43,17:56,12:13,March,2026
Mozambique,Manica,,Chimoio,-19.1167,33.4833,2026-03-16,05:49,18:01,12:12,March,2026
Mozambique,Tete,,Tete,-16.1569,33.5869,2026-03-16,05:49,18:00,12:11,March,2026
Mozambique,Zambézia,,Quelimane,-17.8764,36.8872,2026-03-16,05:35,17:47,12:12,March,2026
Mozambique,Nampula,,Nampula,-15.1167,39.2667,2026-03-16,05:26,17:37,12:11,March,2026
Mozambique,Niassa,,Lichinga,-13.3128,35.2406,2026-03-16,05:43,17:53,12:10,March,2026
Mozambique,Cabo Delgado,,Pemba,-12.9667,40.5167,2026-03-16,05:21,17:32,12:11,March,2026
Mozambique,Maputo,,Maputo,-25.9653,32.5892,2026-03-17,05:51,18:05,12:14,March,2026
Mozambique,Gaza,,Xai-Xai,-25.05,33.65,2026-03-17,05:47,18:01,12:14,March,2026
Mozambique,Inhambane,,Inhambane,-23.865,35.3833,2026-03-17,05:40,17:54,12:14,March,2026
Mozambique,Sofala,,Beira,-19.8333,34.85,2026-03-17,05:43,17:55,12:12,March,2026
Mozambique,Manica,,Chimoio,-19.1167,33.4833,2026-03-17,05:49,18:00,12:11,March,2026
Mozambique,Tete,,Tete,-16.1569,33.5869,2026-03-17,05:49,18:00,12:11,March,2026
Mozambique,Zambézia,,Quelimane,-17.8764,36.8872,2026-03-17,05:35,17:47,12:12,March,2026
Mozambique,Nampula,,Nampula,-15.1167,39.2667,2026-03-17,05:26,17:37,12:11,March,2026
Mozambique,Niassa,,Lichinga,-13.3128,35.2406,2026-03-17,05:43,17:53,12:10,March,2026
Mozambique,Cabo Delgado,,Pemba,-12.9667,40.5167,2026-03-17,05:22,17:31,12:09,March,2026
Mozambique,Maputo,,Maputo,-25.9653,32.5892,2026-03-18,05:52,18:04,12:12,March,2026
Mozambique,Gaza,,Xai-Xai,-25.05,33.65,2026-03-18,05:48,18:00,12:12,March,2026
Mozambique,Inhambane,,Inhambane,-23.865,35.3833,2026-03-18,05:41,17:53,12:12,March,2026
Mozambique,Sofala,,Beira,-19.8333,34.85,2026-03-18,05:44,17:54,12:10,March,2026
Mozambique,Manica,,Chimoio,-19.1167,33.4833,2026-03-18,05:49,18:00,12:11,March,2026
Mozambique,Tete,,Tete,-16.1569,33.5869,2026-03-18,05:49,17:59,12:10,March,2026
Mozambique,Zambézia,,Quelimane,-17.8764,36.8872,2026-03-18,05:36,17:46,12:10,March,2026
Mozambique,Nampula,,Nampula,-15.1167,39.2667,2026-03-18,05:26,17:36,12:10,March,2026
Mozambique,Niassa,,Lichinga,-13.3128,35.2406,2026-03-18,05:43,17:52,12:09,March,2026
Mozambique,Cabo Delgado,,Pemba,-12.9667,40.5167,2026-03-18,05:22,17:31,12:09,March,2026
Mozambique,Maputo,,Maputo,-25.9653,32.5892,2026-03-19,05:52,18:03,12:11,March,2026
Mozambique,Gaza,,Xai-Xai,-25.05,33.65,2026-03-19,05:48,17:59,12:11,March,2026
Mozambique,Inhambane,,Inhambane,-23.865,35.3833,2026-03-19,05:41,17:52,12:11,March,2026
Mozambique,Sofala,,Beira,-19.8333,34.85,2026-03-19,05:44,17:53,12:09,March,2026
Mozambique,Manica,,Chimoio,-19.1167,33.4833,2026-03-19,05:49,17:59,12:10,March,2026
Mozambique,Tete,,Tete,-16.1569,33.5869,2026-03-19,05:49,17:58,12:09,March,2026
Mozambique,Zambézia,,Quelimane,-17.8764,36.8872,2026-03-19,05:36,17:45,12:09,March,2026
Mozambique,Nampula,,Nampula,-15.1167,39.2667,2026-03-19,05:27,17:35,12:08,March,2026
Mozambique,Niassa,,Lichinga,-13.3128,35.2406,2026-03-19,05:43,17:51,12:08,March,2026
Mozambique,Cabo Delgado,,Pemba,-12.9667,40.5167,2026-03-19,05:22,17:30,12:08,March,2026
Mozambique,Maputo,,Maputo,-25.9653,32.5892,2026-03-20,05:53,18:02,12:09,March,2026
Mozambique,Gaza,,Xai-Xai,-25.05,33.65,2026-03-20,05:49,17:58,12:09,March,2026
Mozambique,Inhambane,,Inhambane,-23.865,35.3833,2026-03-20,05:42,17:51,12:09,March,2026
Mozambique,Sofala,,Beira,-19.8333,34.85,2026-03-20,05:44,17:52,12:08,March,2026
Mozambique,Manica,,Chimoio,-19.1167,33.4833,2026-03-20,05:50,17:58,12:08,March,2026
Mozambique,Tete,,Tete,-16.1569,33.5869,2026-03-20,05:49,17:57,12:08,March,2026
Mozambique,Zambézia,,Quelimane,-17.8764,36.8872,2026-03-20,05:36,17:44,12:08,March,2026
Mozambique,Nampula,,Nampula,-15.1167,39.2667,2026-03-20,05:27,17:35,12:08,March,2026
Mozambique,Niassa,,Lichinga,-13.3128,35.2406,2026-03-20,05:43,17:51,12:08,March,2026
Mozambique,Cabo Delgado,,Pemba,-12.9667,40.5167,2026-03-20,05:22,17:29,12:07,March,2026
Mozambique,Maputo,,Maputo,-25.9653,32.5892,2026-03-21,05:53,18:01,12:08,March,2026
Mozambique,Gaza,,Xai-Xai,-25.05,33.65,2026-03-21,05:49,17:57,12:08,March,2026
Mozambique,Inhambane,,Inhambane,-23.865,35.3833,2026-03-21,05:42,17:50,12:08,March,2026
Mozambique,Sofala,,Beira,-19.8333,34.85,2026-03-21,05:44,17:52,12:08,March,2026
Mozambique,Manica,,Chimoio,-19.1167,33.4833,2026-03-21,05:50,17:57,12:07,March,2026
Mozambique,Tete,,Tete,-16.1569,33.5869,2026-03-21,05:49,17:57,12:08,March,2026
Mozambique,Zambézia,,Quelimane,-17.8764,36.8872,2026-03-21,05:36,17:43,12:07,March,2026
Mozambique,Nampula,,Nampula,-15.1167,39.2667,2026-03-21,05:27,17:34,12:07,March,2026
Mozambique,Niassa,,Lichinga,-13.3128,35.2406,2026-03-21,05:43,17:50,12:07,March,2026
Mozambique,Cabo Delgado,,Pemba,-12.9667,40.5167,2026-03-21,05:22,17:29,12:07,March,2026
Mozambique,Maputo,,Maputo,-25.9653,32.5892,2026-03-22,05:54,18:00,12:06,March,2026
Mozambique,Gaza,,Xai-Xai,-25.05,33.65,2026-03-22,05:49,17:56,12:07,March,2026
Mozambique,Inhambane,,Inhambane,-23.865,35.3833,2026-03-22,05:42,17:49,12:07,March,2026
Mozambique,Sofala,,Beira,-19.8333,34.85,2026-03-22,05:45,17:51,12:06,March,2026
Mozambique,Manica,,Chimoio,-19.1167,33.4833,2026-03-22,05:50,17:56,12:06,March,2026
Mozambique,Tete,,Tete,-16.1569,33.5869,2026-03-22,05:50,17:56,12:06,March,2026
Mozambique,Zambézia,,Quelimane,-17.8764,36.8872,2026-03-22,05:36,17:43,12:07,March,2026
Mozambique,Nampula,,Nampula,-15.1167,39.2667,2026-03-22,05:27,17:33,12:06,March,2026
Mozambique,Niassa,,Lichinga,-13.3128,35.2406,2026-03-22,05:43,17:49,12:06,March,2026
Mozambique,Cabo Delgado,,Pemba,-12.9667,40.5167,2026-03-22,05:22,17:28,12:06,March,2026
Mozambique,Maputo,,Maputo,-25.9653,32.5892,2026-03-23,05:54,17:59,12:05,March,2026
Mozambique,Gaza,,Xai-Xai,-25.05,33.65,2026-03-23,05:50,17:54,12:04,March,2026
Mozambique,Inhambane,,Inhambane,-23.865,35.3833,2026-03-23,05:43,17:48,12:05,March,2026
Mozambique,Sofala,,Beira,-19.8333,34.85,2026-03-23,05:45,17:50,12:05,March,2026
Mozambique,Manica,,Chimoio,-19.1167,33.4833,2026-03-23,05:50,17:55,12:05,March,2026
Mozambique,Tete,,Tete,-16.1569,33.5869,2026-03-23,05:50,17:55,12:05,March,2026
Mozambique,Zambézia,,Quelimane,-17.8764,36.8872,2026-03-23,05:37,17:42,12:05,March,2026
Mozambique,Nampula,,Nampula,-15.1167,39.2667,2026-03-23,05:27,17:32,12:05,March,2026
Mozambique,Niassa,,Lichinga,-13.3128,35.2406,2026-03-23,05:43,17:49,12:06,March,2026
Mozambique,Cabo Delgado,,Pemba,-12.9667,40.5167,2026-03-23,05:22,17:27,12:05,March,2026
Mozambique,Maputo,,Maputo,-25.9653,32.5892,2026-03-24,05:55,17:58,12:03,March,2026
Mozambique,Gaza,,Xai-Xai,-25.05,33.65,2026-03-24,05:50,17:53,12:03,March,2026
Mozambique,Inhambane,,Inhambane,-23.865,35.3833,2026-03-24,05:43,17:47,12:04,March,2026
Mozambique,Sofala,,Beira,-19.8333,34.85,2026-03-24,05:45,17:49,12:04,March,2026
Mozambique,Manica,,Chimoio,-19.1167,33.4833,2026-03-24,05:51,17:54,12:03,March,2026
Mozambique,Tete,,Tete,-16.1569,33.5869,2026-03-24,05:50,17:54,12:04,March,2026
Mozambique,Zambézia,,Quelimane,-17.8764,36.8872,2026-03-24,05:37,17:41,12:04,March,2026
Mozambique,Nampula,,Nampula,-15.1167,39.2667,2026-03-24,05:27,17:32,12:05,March,2026
Mozambique,Niassa,,Lichinga,-13.3128,35.2406,2026-03-24,05:43,17:48,12:05,March,2026
Mozambique,Cabo Delgado,,Pemba,-12.9667,40.5167,2026-03-24,05:22,17:27,12:05,March,2026
Mozambique,Maputo,,Maputo,-25.9653,32.5892,2026-03-25,05:55,17:57,12:02,March,2026
Mozambique,Gaza,,Xai-Xai,-25.05,33.65,2026-03-25,05:51,17:52,12:01,March,2026
Mozambique,Inhambane,,Inhambane,-23.865,35.3833,2026-03-25,05:44,17:46,12:02,March,2026
Mozambique,Sofala,,Beira,-19.8333,34.85,2026-03-25,05:45,17:48,12:03,March,2026
Mozambique,Manica,,Chimoio,-19.1167,33.4833,2026-03-25,05:51,17:54,12:03,March,2026
Mozambique,Tete,,Tete,-16.1569,33.5869,2026-03-25,05:50,17:53,12:03,March,2026
Mozambique,Zambézia,,Quelimane,-17.8764,36.8872,2026-03-25,05:37,17:40,12:03,March,2026
Mozambique,Nampula,,Nampula,-15.1167,39.2667,2026-03-25,05:27,17:31,12:04,March,2026
Mozambique,Niassa,,Lichinga,-13.3128,35.2406,2026-03-25,05:43,17:47,12:04,March,2026
Mozambique,Cabo Delgado,,Pemba,-12.9667,40.5167,2026-03-25,05:22,17:26,12:04,March,2026
Mozambique,Maputo,,Maputo,-25.9653,32.5892,2026-03-26,05:55,17:55,12:00,March,2026
Mozambique,Gaza,,Xai-Xai,-25.05,33.65,2026-03-26,05:51,17:51,12:00,March,2026
Mozambique,Inhambane,,Inhambane,-23.865,35.3833,2026-03-26,05:44,17:45,12:01,March,2026
Mozambique,Sofala,,Beira,-19.8333,34.85,2026-03-26,05:46,17:47,12:01,March,2026
Mozambique,Manica,,Chimoio,-19.1167,33.4833,2026-03-26,05:51,17:53,12:02,March,2026
Mozambique,Tete,,Tete,-16.1569,33.5869,2026-03-26,05:50,17:53,12:03,March,2026
Mozambique,Zambézia,,Quelimane,-17.8764,36.8872,2026-03-26,05:37,17:39,12:02,March,2026
Mozambique,Nampula,,Nampula,-15.1167,39.2667,2026-03-26,05:27,17:30,12:03,March,2026
Mozambique,Niassa,,Lichinga,-13.3128,35.2406,2026-03-26,05:43,17:46,12:03,March,2026
Mozambique,Cabo Delgado,,Pemba,-12.9667,40.5167,2026-03-26,05:22,17:25,12:03,March,2026
Mozambique,Maputo,,Maputo,-25.9653,32.5892,2026-03-27,05:56,17:54,11:58,March,2026
Mozambique,Gaza,,Xai-Xai,-25.05,33.65,2026-03-27,05:51,17:50,11:59,March,2026
Mozambique,Inhambane,,Inhambane,-23.865,35.3833,2026-03-27,05:44,17:44,12:00,March,2026
Mozambique,Sofala,,Beira,-19.8333,34.85,2026-03-27,05:46,17:46,12:00,March,2026
Mozambique,Manica,,Chimoio,-19.1167,33.4833,2026-03-27,05:51,17:52,12:01,March,2026
Mozambique,Tete,,Tete,-16.1569,33.5869,2026-03-27,05:50,17:52,12:02,March,2026
Mozambique,Zambézia,,Quelimane,-17.8764,36.8872,2026-03-27,05:37,17:38,12:01,March,2026
Mozambique,Nampula,,Nampula,-15.1167,39.2667,2026-03-27,05:27,17:29,12:02,March,2026
Mozambique,Niassa,,Lichinga,-13.3128,35.2406,2026-03-27,05:43,17:46,12:03,March,2026
Mozambique,Cabo Delgado,,Pemba,-12.9667,40.5167,2026-03-27,05:22,17:25,12:03,March,2026
Mozambique,Maputo,,Maputo,-25.9653,32.5892,2026-03-28,05:56,17:53,11:57,March,2026
Mozambique,Gaza,,Xai-Xai,-25.05,33.65,2026-03-28,05:52,17:49,11:57,March,2026
Mozambique,Inhambane,,Inhambane,-23.865,35.3833,2026-03-28,05:45,17:43,11:58,March,2026
Mozambique,Sofala,,Beira,-19.8333,34.85,2026-03-28,05:46,17:45,11:59,March,2026
Mozambique,Manica,,Chimoio,-19.1167,33.4833,2026-03-28,05:51,17:51,12:00,March,2026
Mozambique,Tete,,Tete,-16.1569,33.5869,2026-03-28,05:50,17:51,12:01,March,2026
Mozambique,Zambézia,,Quelimane,-17.8764,36.8872,2026-03-28,05:38,17:38,12:00,March,2026
Mozambique,Nampula,,Nampula,-15.1167,39.2667,2026-03-28,05:28,17:29,12:01,March,2026
Mozambique,Niassa,,Lichinga,-13.3128,35.2406,2026-03-28,05:43,17:45,12:02,March,2026
Mozambique,Cabo Delgado,,Pemba,-12.9667,40.5167,2026-03-28,05:22,17:24,12:02,March,2026
Mozambique,Maputo,,Maputo,-25.9653,32.5892,2026-03-29,05:57,17:52,11:55,March,2026
Mozambique,Gaza,,Xai-Xai,-25.05,33.65,2026-03-29,05:52,17:48,11:56,March,2026
Mozambique,Inhambane,,Inhambane,-23.865,35.3833,2026-03-29,05:45,17:41,11:56,March,2026
Mozambique,Sofala,,Beira,-19.8333,34.85,2026-03-29,05:46,17:45,11:59,March,2026
Mozambique,Manica,,Chimoio,-19.1167,33.4833,2026-03-29,05:52,17:50,11:58,March,2026
Mozambique,Tete,,Tete,-16.1569,33.5869,2026-03-29,05:51,17:50,11:59,March,2026
Mozambique,Zambézia,,Quelimane,-17.8764,36.8872,2026-03-29,05:38,17:37,11:59,March,2026
Mozambique,Nampula,,Nampula,-15.1167,39.2667,2026-03-29,05:28,17:28,12:00,March,2026
Mozambique,Niassa,,Lichinga,-13.3128,35.2406,2026-03-29,05:43,17:44,12:01,March,2026
Mozambique,Cabo Delgado,,Pemba,-12.9667,40.5167,2026-03-29,05:22,17:23,12:01,March,2026
Mozambique,Maputo,,Maputo,-25.9653,32.5892,2026-03-30,05:57,17:51,11:54,March,2026
Mozambique,Gaza,,Xai-Xai,-25.05,33.65,2026-03-30,05:53,17:47,11:54,March,2026
Mozambique,Inhambane,,Inhambane,-23.865,35.3833,2026-03-30,05:45,17:40,11:55,March,2026
Mozambique,Sofala,,Beira,-19.8333,34.85,2026-03-30,05:47,17:44,11:57,March,2026
Mozambique,Manica,,Chimoio,-19.1167,33.4833,2026-03-30,05:52,17:49,11:57,March,2026
Mozambique,Tete,,Tete,-16.1569,33.5869,2026-03-30,05:51,17:50,11:59,March,2026
Mozambique,Zambézia,,Quelimane,-17.8764,36.8872,2026-03-30,05:38,17:36,11:58,March,2026
Mozambique,Nampula,,Nampula,-15.1167,39.2667,2026-03-30,05:28,17:27,11:59,March,2026
Mozambique,Niassa,,Lichinga,-13.3128,35.2406,2026-03-30,05:43,17:44,12:01,March,2026
Mozambique,Cabo Delgado,,Pemba,-12.9667,40.5167,2026-03-30,05:22,17:23,12:01,March,2026
Mozambique,Maputo,,Maputo,-25.9653,32.5892,2026-03-31,05:58,17:50,11:52,March,2026
Mozambique,Gaza,,Xai-Xai,-25.05,33.65,2026-03-31,05:53,17:46,11:53,March,2026
Mozambique,Inhambane,,Inhambane,-23.865,35.3833,2026-03-31,05:46,17:39,11:53,March,2026
Mozambique,Sofala,,Beira,-19.8333,34.85,2026-03-31,05:47,17:43,11:56,March,2026
Mozambique,Manica,,Chimoio,-19.1167,33.4833,2026-03-31,05:52,17:48,11:56,March,2026
Mozambique,Tete,,Tete,-16.1569,33.5869,2026-03-31,05:51,17:49,11:58,March,2026
Mozambique,Zambézia,,Quelimane,-17.8764,36.8872,2026-03-31,05:38,17:35,11:57,March,2026
Mozambique,Nampula,,Nampula,-15.1167,39.2667,2026-03-31,05:28,17:26,11:58,March,2026
Mozambique,Niassa,,Lichinga,-13.3128,35.2406,2026-03-31,05:43,17:43,12:00,March,2026
Mozambique,Cabo Delgado,,Pemba,-12.9667,40.5167,2026-03-31,05:22,17:22,12:00,March,2026
Mozambique,Maputo,,Maputo,-25.9653,32.5892,2026-04-01,05:58,17:49,11:51,April,2026
Mozambique,Gaza,,Xai-Xai,-25.05,33.65,2026-04-01,05:54,17:45,11:51,April,2026
Mozambique,Inhambane,,Inhambane,-23.865,35.3833,2026-04-01,05:46,17:38,11:52,April,2026
Mozambique,Sofala,,Beira,-19.8333,34.85,2026-04-01,05:47,17:42,11:55,April,2026
Mozambique,Manica,,Chimoio,-19.1167,33.4833,2026-04-01,05:52,17:48,11:56,April,2026
Mozambique,Tete,,Tete,-16.1569,33.5869,2026-04-01,05:51,17:48,11:57,April,2026
Mozambique,Zambézia,,Quelimane,-17.8764,36.8872,2026-04-01,05:38,17:34,11:56,April,2026
Mozambique,Nampula,,Nampula,-15.1167,39.2667,2026-04-01,05:28,17:26,11:58,April,2026
Mozambique,Niassa,,Lichinga,-13.3128,35.2406,2026-04-01,05:44,17:42,11:58,April,2026
Mozambique,Cabo Delgado,,Pemba,-12.9667,40.5167,2026-04-01,05:22,17:21,11:59,April,2026
Mozambique,Maputo,,Maputo,-25.9653,32.5892,2026-04-02,05:59,17:48,11:49,April,2026
Mozambique,Gaza,,Xai-Xai,-25.05,33.65,2026-04-02,05:54,17:44,11:50,April,2026
Mozambique,Inhambane,,Inhambane,-23.865,35.3833,2026-04-02,05:47,17:37,11:50,April,2026
Mozambique,Sofala,,Beira,-19.8333,34.85,2026-04-02,05:47,17:41,11:54,April,2026
Mozambique,Manica,,Chimoio,-19.1167,33.4833,2026-04-02,05:53,17:47,11:54,April,2026
Mozambique,Tete,,Tete,-16.1569,33.5869,2026-04-02,05:51,17:47,11:56,April,2026
Mozambique,Zambézia,,Quelimane,-17.8764,36.8872,2026-04-02,05:38,17:34,11:56,April,2026
Mozambique,Nampula,,Nampula,-15.1167,39.2667,2026-04-02,05:28,17:25,11:57,April,2026
Mozambique,Niassa,,Lichinga,-13.3128,35.2406,2026-04-02,05:44,17:42,11:58,April,2026
Mozambique,Cabo Delgado,,Pemba,-12.9667,40.5167,2026-04-02,05:22,17:21,11:59,April,2026
Mozambique,Maputo,,Maputo,-25.9653,32.5892,2026-04-03,05:59,17:47,11:48,April,2026
Mozambique,Gaza,,Xai-Xai,-25.05,33.65,2026-04-03,05:54,17:43,11:49,April,2026
Mozambique,Inhambane,,Inhambane,-23.865,35.3833,2026-04-03,05:47,17:36,11:49,April,2026
Mozambique,Sofala,,Beira,-19.8333,34.85,2026-04-03,05:48,17:40,11:52,April,2026
Mozambique,Manica,,Chimoio,-19.1167,33.4833,2026-04-03,05:53,17:46,11:53,April,2026
Mozambique,Tete,,Tete,-16.1569,33.5869,2026-04-03,05:51,17:47,11:56,April,2026
Mozambique,Zambézia,,Quelimane,-17.8764,36.8872,2026-04-03,05:39,17:33,11:54,April,2026
Mozambique,Nampula,,Nampula,-15.1167,39.2667,2026-04-03,05:28,17:24,11:56,April,2026
Mozambique,Niassa,,Lichinga,-13.3128,35.2406,2026-04-03,05:44,17:41,11:57,April,2026
Mozambique,Cabo Delgado,,Pemba,-12.9667,40.5167,2026-04-03,05:22,17:20,11:58,April,2026
Mozambique,Maputo,,Maputo,-25.9653,32.5892,2026-04-04,05:59,17:46,11:47,April,2026
Mozambique,Gaza,,Xai-Xai,-25.05,33.65,2026-04-04,05:55,17:42,11:47,April,2026
Mozambique,Inhambane,,Inhambane,-23.865,35.3833,2026-04-04,05:47,17:35,11:48,April,2026
Mozambique,Sofala,,Beira,-19.8333,34.85,2026-04-04,05:48,17:39,11:51,April,2026
Mozambique,Manica,,Chimoio,-19.1167,33.4833,2026-04-04,05:53,17:45,11:52,April,2026
Mozambique,Tete,,Tete,-16.1569,33.5869,2026-04-04,05:51,17:46,11:55,April,2026
Mozambique,Zambézia,,Quelimane,-17.8764,36.8872,2026-04-04,05:39,17:32,11:53,April,2026
Mozambique,Nampula,,Nampula,-15.1167,39.2667,2026-04-04,05:28,17:23,11:55,April,2026
Mozambique,Niassa,,Lichinga,-13.3128,35.2406,2026-04-04,05:44,17:40,11:56,April,2026
Mozambique,Cabo Delgado,,Pemba,-12.9667,40.5167,2026-04-04,05:22,17:19,11:57,April,2026
Mozambique,Maputo,,Maputo,-25.9653,32.5892,2026-04-05,06:00,17:45,11:45,April,2026
Mozambique,Gaza,,Xai-Xai,-25.05,33.65,2026-04-05,05:55,17:41,11:46,April,2026
Mozambique,Inhambane,,Inhambane,-23.865,35.3833,2026-04-05,05:48,17:34,11:46,April,2026
Mozambique,Sofala,,Beira,-19.8333,34.85,2026-04-05,05:48,17:38,11:50,April,2026
Mozambique,Manica,,Chimoio,-19.1167,33.4833,2026-04-05,05:53,17:44,11:51,April,2026
Mozambique,Tete,,Tete,-16.1569,33.5869,2026-04-05,05:52,17:45,11:53,April,2026
Mozambique,Zambézia,,Quelimane,-17.8764,36.8872,2026-04-05,05:39,17:31,11:52,April,2026
Mozambique,Nampula,,Nampula,-15.1167,39.2667,2026-04-05,05:28,17:23,11:55,April,2026
Mozambique,Niassa,,Lichinga,-13.3128,35.2406,2026-04-05,05:44,17:40,11:56,April,2026
Mozambique,Cabo Delgado,,Pemba,-12.9667,40.5167,2026-04-05,05:22,17:19,11:57,April,2026
Mozambique,Maputo,,Maputo,-25.9653,32.5892,2026-04-06,06:00,17:44,11:44,April,2026
Mozambique,Gaza,,Xai-Xai,-25.05,33.65,2026-04-06,05:56,17:40,11:44,April,2026
Mozambique,Inhambane,,Inhambane,-23.865,35.3833,2026-04-06,05:48,17:34,11:46,April,2026
Mozambique,Sofala,,Beira,-19.8333,34.85,2026-04-06,05:48,17:38,11:50,April,2026
Mozambique,Manica,,Chimoio,-19.1167,33.4833,2026-04-06,05:53,17:43,11:50,April,2026
Mozambique,Tete,,Tete,-16.1569,33.5869,2026-04-06,05:52,17:44,11:52,April,2026
Mozambique,Zambézia,,Quelimane,-17.8764,36.8872,2026-04-06,05:39,17:30,11:51,April,2026
Mozambique,Nampula,,Nampula,-15.1167,39.2667,2026-04-06,05:28,17:22,11:54,April,2026
Mozambique,Niassa,,Lichinga,-13.3128,35.2406,2026-04-06,05:44,17:39,11:55,April,2026
Mozambique,Cabo Delgado,,Pemba,-12.9667,40.5167,2026-04-06,05:23,17:18,11:55,April,2026
Mozambique,Maputo,,Maputo,-25.9653,32.5892,2026-04-07,06:01,17:43,11:42,April,2026
Mozambique,Gaza,,Xai-Xai,-25.05,33.65,2026-04-07,05:56,17:39,11:43,April,2026
Mozambique,Inhambane,,Inhambane,-23.865,35.3833,2026-04-07,05:48,17:33,11:45,April,2026
Mozambique,Sofala,,Beira,-19.8333,34.85,2026-04-07,05:49,17:37,11:48,April,2026
Mozambique,Manica,,Chimoio,-19.1167,33.4833,2026-04-07,05:54,17:43,11:49,April,2026
Mozambique,Tete,,Tete,-16.1569,33.5869,2026-04-07,05:52,17:44,11:52,April,2026
Mozambique,Zambézia,,Quelimane,-17.8764,36.8872,2026-04-07,05:39,17:30,11:51,April,2026
Mozambique,Nampula,,Nampula,-15.1167,39.2667,2026-04-07,05:29,17:21,11:52,April,2026
Mozambique,Niassa,,Lichinga,-13.3128,35.2406,2026-04-07,05:44,17:38,11:54,April,2026
Mozambique,Cabo Delgado,,Pemba,-12.9667,40.5167,2026-04-07,05:23,17:17,11:54,April,2026
Mozambique,Maputo,,Maputo,-25.9653,32.5892,2026-04-08,06:01,17:42,11:41,April,2026
Mozambique,Gaza,,Xai-Xai,-25.05,33.65,2026-04-08,05:56,17:38,11:42,April,2026
Mozambique,Inhambane,,Inhambane,-23.865,35.3833,2026-04-08,05:49,17:32,11:43,April,2026
Mozambique,Sofala,,Beira,-19.8333,34.85,2026-04-08,05:49,17:36,11:47,April,2026
Mozambique,Manica,,Chimoio,-19.1167,33.4833,2026-04-08,05:54,17:42,11:48,April,2026
Mozambique,Tete,,Tete,-16.1569,33.5869,2026-04-08,05:52,17:43,11:51,April,2026
Mozambique,Zambézia,,Quelimane,-17.8764,36.8872,2026-04-08,05:40,17:29,11:49,April,2026
Mozambique,Nampula,,Nampula,-15.1167,39.2667,2026-04-08,05:29,17:21,11:52,April,2026
Mozambique,Niassa,,Lichinga,-13.3128,35.2406,2026-04-08,05:44,17:38,11:54,April,2026
Mozambique,Cabo Delgado,,Pemba,-12.9667,40.5167,2026-04-08,05:23,17:17,11:54,April,2026
Mozambique,Maputo,,Maputo,-25.9653,32.5892,2026-04-09,06:02,17:41,11:39,April,2026
Mozambique,Gaza,,Xai-Xai,-25.05,33.65,2026-04-09,05:57,17:37,11:40,April,2026
Mozambique,Inhambane,,Inhambane,-23.865,35.3833,2026-04-09,05:49,17:31,11:42,April,2026
Mozambique,Sofala,,Beira,-19.8333,34.85,2026-04-09,05:49,17:35,11:46,April,2026
Mozambique,Manica,,Chimoio,-19.1167,33.4833,2026-04-09,05:54,17:41,11:47,April,2026
Mozambique,Tete,,Tete,-16.1569,33.5869,2026-04-09,05:52,17:42,11:50,April,2026
Mozambique,Zambézia,,Quelimane,-17.8764,36.8872,2026-04-09,05:40,17:28,11:48,April,2026
Mozambique,Nampula,,Nampula,-15.1167,39.2667,2026-04-09,05:29,17:20,11:51,April,2026
Mozambique,Niassa,,Lichinga,-13.3128,35.2406,2026-04-09,05:44,17:37,11:53,April,2026
Mozambique,Cabo Delgado,,Pemba,-12.9667,40.5167,2026-04-09,05:23,17:16,11:53,April,2026
Mozambique,Maputo,,Maputo,-25.9653,32.5892,2026-04-10,06:02,17:40,11:38,April,2026
Mozambique,Gaza,,Xai-Xai,-25.05,33.65,2026-04-10,05:57,17:36,11:39,April,2026
Mozambique,Inhambane,,Inhambane,-23.865,35.3833,2026-04-10,05:50,17:30,11:40,April,2026
Mozambique,Sofala,,Beira,-19.8333,34.85,2026-04-10,05:49,17:34,11:45,April,2026
Mozambique,Manica,,Chimoio,-19.1167,33.4833,2026-04-10,05:54,17:40,11:46,April,2026
Mozambique,Tete,,Tete,-16.1569,33.5869,2026-04-10,05:52,17:41,11:49,April,2026
Mozambique,Zambézia,,Quelimane,-17.8764,36.8872,2026-04-10,05:40,17:27,11:47,April,2026
Mozambique,Nampula,,Nampula,-15.1167,39.2667,2026-04-10,05:29,17:19,11:50,April,2026
Mozambique,Niassa,,Lichinga,-13.3128,35.2406,2026-04-10,05:44,17:36,11:52,April,2026
Mozambique,Cabo Delgado,,Pemba,-12.9667,40.5167,2026-04-10,05:23,17:15,11:52,April,2026
Mozambique,Maputo,,Maputo,-25.9653,32.5892,2026-04-11,06:02,17:38,11:36,April,2026
Mozambique,Gaza,,Xai-Xai,-25.05,33.65,2026-04-11,05:58,17:35,11:37,April,2026
Mozambique,Inhambane,,Inhambane,-23.865,35.3833,2026-04-11,05:50,17:29,11:39,April,2026
Mozambique,Sofala,,Beira,-19.8333,34.85,2026-04-11,05:50,17:33,11:43,April,2026
Mozambique,Manica,,Chimoio,-19.1167,33.4833,2026-04-11,05:55,17:39,11:44,April,2026
Mozambique,Tete,,Tete,-16.1569,33.5869,2026-04-11,05:52,17:41,11:49,April,2026
Mozambique,Zambézia,,Quelimane,-17.8764,36.8872,2026-04-11,05:40,17:26,11:46,April,2026
Mozambique,Nampula,,Nampula,-15.1167,39.2667,2026-04-11,05:29,17:19,11:50,April,2026
Mozambique,Niassa,,Lichinga,-13.3128,35.2406,2026-04-11,05:44,17:36,11:52,April,2026
Mozambique,Cabo Delgado,,Pemba,-12.9667,40.5167,2026-04-11,05:23,17:15,11:52,April,2026
Mozambique,Maputo,,Maputo,-25.9653,32.5892,2026-04-12,06:03,17:37,11:34,April,2026
Mozambique,Gaza,,Xai-Xai,-25.05,33.65,2026-04-12,05:58,17:34,11:36,April,2026
Mozambique,Inhambane,,Inhambane,-23.865,35.3833,2026-04-12,05:50,17:28,11:38,April,2026
Mozambique,Sofala,,Beira,-19.8333,34.85,2026-04-12,05:50,17:33,11:43,April,2026
Mozambique,Manica,,Chimoio,-19.1167,33.4833,2026-04-12,05:55,17:38,11:43,April,2026
Mozambique,Tete,,Tete,-16.1569,33.5869,2026-04-12,05:52,17:40,11:48,April,2026
Mozambique,Zambézia,,Quelimane,-17.8764,36.8872,2026-04-12,05:40,17:26,11:46,April,2026
Mozambique,Nampula,,Nampula,-15.1167,39.2667,2026-04-12,05:29,17:18,11:49,April,2026
Mozambique,Niassa,,Lichinga,-13.3128,35.2406,2026-04-12,05:44,17:35,11:51,April,2026
Mozambique,Cabo Delgado,,Pemba,-12.9667,40.5167,2026-04-12,05:23,17:14,11:51,April,2026
Mozambique,Maputo,,Maputo,-25.9653,32.5892,2026-04-13,06:03,17:36,11:33,April,2026
Mozambique,Gaza,,Xai-Xai,-25.05,33.65,2026-04-13,05:58,17:33,11:35,April,2026
Mozambique,Inhambane,,Inhambane,-23.865,35.3833,2026-04-13,05:51,17:27,11:36,April,2026
Mozambique,Sofala,,Beira,-19.8333,34.85,2026-04-13,05:50,17:32,11:42,April,2026
Mozambique,Manica,,Chimoio,-19.1167,33.4833,2026-04-13,05:55,17:38,11:43,April,2026
Mozambique,Tete,,Tete,-16.1569,33.5869,2026-04-13,05:53,17:39,11:46,April,2026
Mozambique,Zambézia,,Quelimane,-17.8764,36.8872,2026-04-13,05:41,17:25,11:44,April,2026
Mozambique,Nampula,,Nampula,-15.1167,39.2667,2026-04-13,05:29,17:17,11:48,April,2026
Mozambique,Niassa,,Lichinga,-13.3128,35.2406,2026-04-13,05:44,17:34,11:50,April,2026
Mozambique,Cabo Delgado,,Pemba,-12.9667,40.5167,2026-04-13,05:23,17:14,11:51,April,2026
Mozambique,Maputo,,Maputo,-25.9653,32.5892,2026-04-14,06:04,17:35,11:31,April,2026
Mozambique,Gaza,,Xai-Xai,-25.05,33.65,2026-04-14,05:59,17:32,11:33,April,2026
Mozambique,Inhambane,,Inhambane,-23.865,35.3833,2026-04-14,05:51,17:26,11:35,April,2026
Mozambique,Sofala,,Beira,-19.8333,34.85,2026-04-14,05:50,17:31,11:41,April,2026
Mozambique,Manica,,Chimoio,-19.1167,33.4833,2026-04-14,05:55,17:37,11:42,April,2026
Mozambique,Tete,,Tete,-16.1569,33.5869,2026-04-14,05:53,17:39,11:46,April,2026
Mozambique,Zambézia,,Quelimane,-17.8764,36.8872,2026-04-14,05:41,17:24,11:43,April,2026
Mozambique,Nampula,,Nampula,-15.1167,39.2667,2026-04-14,05:29,17:16,11:47,April,2026
Mozambique,Niassa,,Lichinga,-13.3128,35.2406,2026-04-14,05:44,17:34,11:50,April,2026
Mozambique,Cabo Delgado,,Pemba,-12.9667,40.5167,2026-04-14,05:23,17:13,11:50,April,2026
Mozambique,Maputo,,Maputo,-25.9653,32.5892,2026-04-15,06:04,17:34,11:30,April,2026
Mozambique,Gaza,,Xai-Xai,-25.05,33.65,2026-04-15,05:59,17:31,11:32,April,2026
Mozambique,Inhambane,,Inhambane,-23.865,35.3833,2026-04-15,05:51,17:25,11:34,April,2026
Mozambique,Sofala,,Beira,-19.8333,34.85,2026-04-15,05:51,17:30,11:39,April,2026
Mozambique,Manica,,Chimoio,-19.1167,33.4833,2026-04-15,05:56,17:36,11:40,April,2026
Mozambique,Tete,,Tete,-16.1569,33.5869,2026-04-15,05:53,17:38,11:45,April,2026
Mozambique,Zambézia,,Quelimane,-17.8764,36.8872,2026-04-15,05:41,17:23,11:42,April,2026
Mozambique,Nampula,,Nampula,-15.1167,39.2667,2026-04-15,05:30,17:16,11:46,April,2026
Mozambique,Niassa,,Lichinga,-13.3128,35.2406,2026-04-15,05:44,17:33,11:49,April,2026
Mozambique,Cabo Delgado,,Pemba,-12.9667,40.5167,2026-04-15,05:23,17:12,11:49,April,2026
Mozambique,Maputo,,Maputo,-25.9653,32.5892,2026-04-16,06:05,17:34,11:29,April,2026
Mozambique,Gaza,,Xai-Xai,-25.05,33.65,2026-04-16,06:00,17:30,11:30,April,2026
Mozambique,Inhambane,,Inhambane,-23.865,35.3833,2026-04-16,05:52,17:24,11:32,April,2026
Mozambique,Sofala,,Beira,-19.8333,34.85,2026-04-16,05:51,17:29,11:38,April,2026
Mozambique,Manica,,Chimoio,-19.1167,33.4833,2026-04-16,05:56,17:35,11:39,April,2026
Mozambique,Tete,,Tete,-16.1569,33.5869,2026-04-16,05:53,17:37,11:44,April,2026
Mozambique,Zambézia,,Quelimane,-17.8764,36.8872,2026-04-16,05:41,17:23,11:42,April,2026
Mozambique,Nampula,,Nampula,-15.1167,39.2667,2026-04-16,05:30,17:15,11:45,April,2026
Mozambique,Niassa,,Lichinga,-13.3128,35.2406,2026-04-16,05:44,17:33,11:49,April,2026
Mozambique,Cabo Delgado,,Pemba,-12.9667,40.5167,2026-04-16,05:23,17:12,11:49,April,2026
Mozambique,Maputo,,Maputo,-25.9653,32.5892,2026-04-17,06:05,17:33,11:28,April,2026
Mozambique,Gaza,,Xai-Xai,-25.05,33.65,2026-04-17,06:00,17:29,11:29,April,2026
Mozambique,Inhambane,,Inhambane,-23.865,35.3833,2026-04-17,05:52,17:23,11:31,April,2026
Mozambique,Sofala,,Beira,-19.8333,34.85,2026-04-17,05:51,17:29,11:38,April,2026
Mozambique,Manica,,Chimoio,-19.1167,33.4833,2026-04-17,05:56,17:35,11:39,April,2026
Mozambique,Tete,,Tete,-16.1569,33.5869,2026-04-17,05:53,17:36,11:43,April,2026
Mozambique,Zambézia,,Quelimane,-17.8764,36.8872,2026-04-17,05:41,17:22,11:41,April,2026
Mozambique,Nampula,,Nampula,-15.1167,39.2667,2026-04-17,05:30,17:15,11:45,April,2026
Mozambique,Niassa,,Lichinga,-13.3128,35.2406,2026-04-17,05:45,17:32,11:47,April,2026
Mozambique,Cabo Delgado,,Pemba,-12.9667,40.5167,2026-04-17,05:23,17:11,11:48,April,2026
Mozambique,Maputo,,Maputo,-25.9653,32.5892,2026-04-18,06:06,17:32,11:26,April,2026
Mozambique,Gaza,,Xai-Xai,-25.05,33.65,2026-04-18,06:01,17:28,11:27,April,2026
Mozambique,Inhambane,,Inhambane,-23.865,35.3833,2026-04-18,05:53,17:22,11:29,April,2026
Mozambique,Sofala,,Beira,-19.8333,34.85,2026-04-18,05:51,17:28,11:37,April,2026
Mozambique,Manica,,Chimoio,-19.1167,33.4833,2026-04-18,05:56,17:34,11:38,April,2026
Mozambique,Tete,,Tete,-16.1569,33.5869,2026-04-18,05:53,17:36,11:43,April,2026
Mozambique,Zambézia,,Quelimane,-17.8764,36.8872,2026-04-18,05:42,17:21,11:39,April,2026
Mozambique,Nampula,,Nampula,-15.1167,39.2667,2026-04-18,05:30,17:14,11:44,April,2026
Mozambique,Niassa,,Lichinga,-13.3128,35.2406,2026-04-18,05:45,17:31,11:46,April,2026
Mozambique,Cabo Delgado,,Pemba,-12.9667,40.5167,2026-04-18,05:23,17:11,11:48,April,2026
Mozambique,Maputo,,Maputo,-25.9653,32.5892,2026-04-19,06:06,17:31,11:25,April,2026
Mozambique,Gaza,,Xai-Xai,-25.05,33.65,2026-04-19,06:01,17:27,11:26,April,2026
Mozambique,Inhambane,,Inhambane,-23.865,35.3833,2026-04-19,05:53,17:21,11:28,April,2026
Mozambique,Sofala,,Beira,-19.8333,34.85,2026-04-19,05:52,17:27,11:35,April,2026
Mozambique,Manica,,Chimoio,-19.1167,33.4833,2026-04-19,05:57,17:33,11:36,April,2026
Mozambique,Tete,,Tete,-16.1569,33.5869,2026-04-19,05:54,17:35,11:41,April,2026
Mozambique,Zambézia,,Quelimane,-17.8764,36.8872,2026-04-19,05:42,17:21,11:39,April,2026
Mozambique,Nampula,,Nampula,-15.1167,39.2667,2026-04-19,05:30,17:13,11:43,April,2026
Mozambique,Niassa,,Lichinga,-13.3128,35.2406,2026-04-19,05:45,17:31,11:46,April,2026
Mozambique,Cabo Delgado,,Pemba,-12.9667,40.5167,2026-04-19,05:23,17:10,11:47,April,2026
Mozambique,Maputo,,Maputo,-25.9653,32.5892,2026-04-20,06:07,17:30,11:23,April,2026
Mozambique,Gaza,,Xai-Xai,-25.05,33.65,2026-04-20,06:01,17:26,11:25,April,2026
Mozambique,Inhambane,,Inhambane,-23.865,35.3833,2026-04-20,05:53,17:21,11:28,April,2026
Mozambique,Sofala,,Beira,-19.8333,34.85,2026-04-20,05:52,17:26,11:34,April,2026
Mozambique,Manica,,Chimoio,-19.1167,33.4833,2026-04-20,05:57,17:32,11:35,April,2026
Mozambique,Tete,,Tete,-16.1569,33.5869,2026-04-20,05:54,17:34,11:40,April,2026
Mozambique,Zambézia,,Quelimane,-17.8764,36.8872,2026-04-20,05:42,17:20,11:38,April,2026
Mozambique,Nampula,,Nampula,-15.1167,39.2667,2026-04-20,05:30,17:13,11:43,April,2026
Mozambique,Niassa,,Lichinga,-13.3128,35.2406,2026-04-20,05:45,17:30,11:45,April,2026
Mozambique,Cabo Delgado,,Pemba,-12.9667,40.5167,2026-04-20,05:23,17:09,11:46,April,2026
Mozambique,Maputo,,Maputo,-25.9653,32.5892,2026-04-21,06:07,17:29,11:22,April,2026
Mozambique,Gaza,,Xai-Xai,-25.05,33.65,2026-04-21,06:02,17:25,11:23,April,2026
Mozambique,Inhambane,,Inhambane,-23.865,35.3833,2026-04-21,05:54,17:20,11:26,April,2026
Mozambique,Sofala,,Beira,-19.8333,34.85,2026-04-21,05:52,17:26,11:34,April,2026
Mozambique,Manica,,Chimoio,-19.1167,33.4833,2026-04-21,05:57,17:32,11:35,April,2026
Mozambique,Tete,,Tete,-16.1569,33.5869,2026-04-21,05:54,17:34,11:40,April,2026
Mozambique,Zambézia,,Quelimane,-17.8764,36.8872,2026-04-21,05:42,17:19,11:37,April,2026
Mozambique,Nampula,,Nampula,-15.1167,39.2667,2026-04-21,05:30,17:12,11:42,April,2026
Mozambique,Niassa,,Lichinga,-13.3128,35.2406,2026-04-21,05:45,17:30,11:45,April,2026
Mozambique,Cabo Delgado,,Pemba,-12.9667,40.5167,2026-04-21,05:24,17:09,11:45,April,2026
Mozambique,Maputo,,Maputo,-25.9653,32.5892,2026-04-22,06:08,17:28,11:20,April,2026
Mozambique,Gaza,,Xai-Xai,-25.05,33.65,2026-04-22,06:02,17:25,11:23,April,2026
Mozambique,Inhambane,,Inhambane,-23.865,35.3833,2026-04-22,05:54,17:19,11:25,April,2026
Mozambique,Sofala,,Beira,-19.8333,34.85,2026-04-22,05:53,17:25,11:32,April,2026
Mozambique,Manica,,Chimoio,-19.1167,33.4833,2026-04-22,05:57,17:31,11:34,April,2026
Mozambique,Tete,,Tete,-16.1569,33.5869,2026-04-22,05:54,17:33,11:39,April,2026
Mozambique,Zambézia,,Quelimane,-17.8764,36.8872,2026-04-22,05:43,17:18,11:35,April,2026
Mozambique,Nampula,,Nampula,-15.1167,39.2667,2026-04-22,05:31,17:11,11:40,April,2026
Mozambique,Niassa,,Lichinga,-13.3128,35.2406,2026-04-22,05:45,17:29,11:44,April,2026
Mozambique,Cabo Delgado,,Pemba,-12.9667,40.5167,2026-04-22,05:24,17:08,11:44,April,2026
Mozambique,Maputo,,Maputo,-25.9653,32.5892,2026-04-23,06:08,17:27,11:19,April,2026
Mozambique,Gaza,,Xai-Xai,-25.05,33.65,2026-04-23,06:03,17:24,11:21,April,2026
Mozambique,Inhambane,,Inhambane,-23.865,35.3833,2026-04-23,05:55,17:18,11:23,April,2026
Mozambique,Sofala,,Beira,-19.8333,34.85,2026-04-23,05:53,17:24,11:31,April,2026
Mozambique,Manica,,Chimoio,-19.1167,33.4833,2026-04-23,05:58,17:30,11:32,April,2026
Mozambique,Tete,,Tete,-16.1569,33.5869,2026-04-23,05:54,17:33,11:39,April,2026
Mozambique,Zambézia,,Quelimane,-17.8764,36.8872,2026-04-23,05:43,17:18,11:35,April,2026
Mozambique,Nampula,,Nampula,-15.1167,39.2667,2026-04-23,05:31,17:11,11:40,April,2026
Mozambique,Niassa,,Lichinga,-13.3128,35.2406,2026-04-23,05:45,17:29,11:44,April,2026
Mozambique,Cabo Delgado,,Pemba,-12.9667,40.5167,2026-04-23,05:24,17:08,11:44,April,2026
Mozambique,Maputo,,Maputo,-25.9653,32.5892,2026-04-24,06:08,17:26,11:18,April,2026
Mozambique,Gaza,,Xai-Xai,-25.05,33.65,2026-04-24,06:03,17:23,11:20,April,2026
Mozambique,Inhambane,,Inhambane,-23.865,35.3833,2026-04-24,05:55,17:17,11:22,April,2026
Mozambique,Sofala,,Beira,-19.8333,34.85,2026-04-24,05:53,17:23,11:30,April,2026
Mozambique,Manica,,Chimoio,-19.1167,33.4833,2026-04-24,05:58,17:30,11:32,April,2026
Mozambique,Tete,,Tete,-16.1569,33.5869,2026-04-24,05:55,17:32,11:37,April,2026
Mozambique,Zambézia,,Quelimane,-17.8764,36.8872,2026-04-24,05:43,17:17,11:34,April,2026
Mozambique,Nampula,,Nampula,-15.1167,39.2667,2026-04-24,05:31,17:10,11:39,April,2026
Mozambique,Niassa,,Lichinga,-13.3128,35.2406,2026-04-24,05:45,17:28,11:43,April,2026
Mozambique,Cabo Delgado,,Pemba,-12.9667,40.5167,2026-04-24,05:24,17:07,11:43,April,2026
Mozambique,Maputo,,Maputo,-25.9653,32.5892,2026-04-25,06:09,17:25,11:16,April,2026
Mozambique,Gaza,,Xai-Xai,-25.05,33.65,2026-04-25,06:04,17:22,11:18,April,2026
Mozambique,Inhambane,,Inhambane,-23.865,35.3833,2026-04-25,05:55,17:16,11:21,April,2026
Mozambique,Sofala,,Beira,-19.8333,34.85,2026-04-25,05:53,17:23,11:30,April,2026
Mozambique,Manica,,Chimoio,-19.1167,33.4833,2026-04-25,05:58,17:29,11:31,April,2026
Mozambique,Tete,,Tete,-16.1569,33.5869,2026-04-25,05:55,17:31,11:36,April,2026
Mozambique,Zambézia,,Quelimane,-17.8764,36.8872,2026-04-25,05:43,17:17,11:34,April,2026
Mozambique,Nampula,,Nampula,-15.1167,39.2667,2026-04-25,05:31,17:10,11:39,April,2026
Mozambique,Niassa,,Lichinga,-13.3128,35.2406,2026-04-25,05:45,17:28,11:43,April,2026
Mozambique,Cabo Delgado,,Pemba,-12.9667,40.5167,2026-04-25,05:24,17:07,11:43,April,2026
Mozambique,Maputo,,Maputo,-25.9653,32.5892,2026-04-26,06:09,17:24,11:15,April,2026
Mozambique,Gaza,,Xai-Xai,-25.05,33.65,2026-04-26,06:04,17:21,11:17,April,2026
Mozambique,Inhambane,,Inhambane,-23.865,35.3833,2026-04-26,05:56,17:16,11:20,April,2026
Mozambique,Sofala,,Beira,-19.8333,34.85,2026-04-26,05:54,17:22,11:28,April,2026
Mozambique,Manica,,Chimoio,-19.1167,33.4833,2026-04-26,05:58,17:28,11:30,April,2026
Mozambique,Tete,,Tete,-16.1569,33.5869,2026-04-26,05:55,17:31,11:36,April,2026
Mozambique,Zambézia,,Quelimane,-17.8764,36.8872,2026-04-26,05:44,17:16,11:32,April,2026
Mozambique,Nampula,,Nampula,-15.1167,39.2667,2026-04-26,05:31,17:09,11:38,April,2026
Mozambique,Niassa,,Lichinga,-13.3128,35.2406,2026-04-26,05:46,17:27,11:41,April,2026
Mozambique,Cabo Delgado,,Pemba,-12.9667,40.5167,2026-04-26,05:24,17:06,11:42,April,2026
Mozambique,Maputo,,Maputo,-25.9653,32.5892,2026-04-27,06:10,17:24,11:14,April,2026
Mozambique,Gaza,,Xai-Xai,-25.05,33.65,2026-04-27,06:05,17:20,11:15,April,2026
Mozambique,Inhambane,,Inhambane,-23.865,35.3833,2026-04-27,05:56,17:15,11:19,April,2026
Mozambique,Sofala,,Beira,-19.8333,34.85,2026-04-27,05:54,17:21,11:27,April,2026
Mozambique,Manica,,Chimoio,-19.1167,33.4833,2026-04-27,05:59,17:28,11:29,April,2026
Mozambique,Tete,,Tete,-16.1569,33.5869,2026-04-27,05:55,17:30,11:35,April,2026
Mozambique,Zambézia,,Quelimane,-17.8764,36.8872,2026-04-27,05:44,17:15,11:31,April,2026
Mozambique,Nampula,,Nampula,-15.1167,39.2667,2026-04-27,05:31,17:09,11:38,April,2026
Mozambique,Niassa,,Lichinga,-13.3128,35.2406,2026-04-27,05:46,17:27,11:41,April,2026
Mozambique,Cabo Delgado,,Pemba,-12.9667,40.5167,2026-04-27,05:24,17:06,11:42,April,2026
Mozambique,Maputo,,Maputo,-25.9653,32.5892,2026-04-28,06:10,17:23,11:13,April,2026
Mozambique,Gaza,,Xai-Xai,-25.05,33.65,2026-04-28,06:05,17:20,11:15,April,2026
Mozambique,Inhambane,,Inhambane,-23.865,35.3833,2026-04-28,05:57,17:14,11:17,April,2026
Mozambique,Sofala,,Beira,-19.8333,34.85,2026-04-28,05:54,17:21,11:27,April,2026
Mozambique,Manica,,Chimoio,-19.1167,33.4833,2026-04-28,05:59,17:27,11:28,April,2026
Mozambique,Tete,,Tete,-16.1569,33.5869,2026-04-28,05:55,17:30,11:35,April,2026
Mozambique,Zambézia,,Quelimane,-17.8764,36.8872,2026-04-28,05:44,17:15,11:31,April,2026
Mozambique,Nampula,,Nampula,-15.1167,39.2667,2026-04-28,05:32,17:08,11:36,April,2026
Mozambique,Niassa,,Lichinga,-13.3128,35.2406,2026-04-28,05:46,17:26,11:40,April,2026
Mozambique,Cabo Delgado,,Pemba,-12.9667,40.5167,2026-04-28,05:24,17:05,11:41,April,2026
Mozambique,Maputo,,Maputo,-25.9653,32.5892,2026-04-29,06:11,17:22,11:11,April,2026
Mozambique,Gaza,,Xai-Xai,-25.05,33.65,2026-04-29,06:06,17:19,11:13,April,2026
Mozambique,Inhambane,,Inhambane,-23.865,35.3833,2026-04-29,05:57,17:13,11:16,April,2026
Mozambique,Sofala,,Beira,-19.8333,34.85,2026-04-29,05:55,17:20,11:25,April,2026
Mozambique,Manica,,Chimoio,-19.1167,33.4833,2026-04-29,05:59,17:26,11:27,April,2026
Mozambique,Tete,,Tete,-16.1569,33.5869,2026-04-29,05:56,17:29,11:33,April,2026
Mozambique,Zambézia,,Quelimane,-17.8764,36.8872,2026-04-29,05:44,17:14,11:30,April,2026
Mozambique,Nampula,,Nampula,-15.1167,39.2667,2026-04-29,05:32,17:08,11:36,April,2026
Mozambique,Niassa,,Lichinga,-13.3128,35.2406,2026-04-29,05:46,17:26,11:40,April,2026
Mozambique,Cabo Delgado,,Pemba,-12.9667,40.5167,2026-04-29,05:25,17:05,11:40,April,2026
Mozambique,Maputo,,Maputo,-25.9653,32.5892,2026-04-30,06:11,17:21,11:10,April,2026
Mozambique,Gaza,,Xai-Xai,-25.05,33.65,2026-04-30,06:06,17:18,11:12,April,2026
Mozambique,Inhambane,,Inhambane,-23.865,35.3833,2026-04-30,05:58,17:13,11:15,April,2026
Mozambique,Sofala,,Beira,-19.8333,34.85,2026-04-30,05:55,17:19,11:24,April,2026
Mozambique,Manica,,Chimoio,-19.1167,33.4833,2026-04-30,06:00,17:26,11:26,April,2026
Mozambique,Tete,,Tete,-16.1569,33.5869,2026-04-30,05:56,17:29,11:33,April,2026
Mozambique,Zambézia,,Quelimane,-17.8764,36.8872,2026-04-30,05:45,17:14,11:29,April,2026
Mozambique,Nampula,,Nampula,-15.1167,39.2667,2026-04-30,05:32,17:07,11:35,April,2026
Mozambique,Niassa,,Lichinga,-13.3128,35.2406,2026-04-30,05:46,17:25,11:39,April,2026
Mozambique,Cabo Delgado,,Pemba,-12.9667,40.5167,2026-04-30,05:25,17:04,11:39,April,2026
Mozambique,Maputo,,Maputo,-25.9653,32.5892,2026-05-01,06:12,17:20,11:08,May,2026
Mozambique,Gaza,,Xai-Xai,-25.05,33.65,2026-05-01,06:06,17:17,11:11,May,2026
Mozambique,Inhambane,,Inhambane,-23.865,35.3833,2026-05-01,05:58,17:12,11:14,May,2026
Mozambique,Sofala,,Beira,-19.8333,34.85,2026-05-01,05:55,17:19,11:24,May,2026
Mozambique,Manica,,Chimoio,-19.1167,33.4833,2026-05-01,06:00,17:25,11:25,May,2026
Mozambique,Tete,,Tete,-16.1569,33.5869,2026-05-01,05:56,17:28,11:32,May,2026
Mozambique,Zambézia,,Quelimane,-17.8764,36.8872,2026-05-01,05:45,17:13,11:28,May,2026
Mozambique,Nampula,,Nampula,-15.1167,39.2667,2026-05-01,05:32,17:07,11:35,May,2026
Mozambique,Niassa,,Lichinga,-13.3128,35.2406,2026-05-01,05:46,17:25,11:39,May,2026
Mozambique,Cabo Delgado,,Pemba,-12.9667,40.5167,2026-05-01,05:25,17:04,11:39,May,2026
Mozambique,Maputo,,Maputo,-25.9653,32.5892,2026-05-02,06:12,17:20,11:08,May,2026
Mozambique,Gaza,,Xai-Xai,-25.05,33.65,2026-05-02,06:07,17:17,11:10,May,2026
Mozambique,Inhambane,,Inhambane,-23.865,35.3833,2026-05-02,05:59,17:11,11:12,May,2026
Mozambique,Sofala,,Beira,-19.8333,34.85,2026-05-02,05:56,17:18,11:22,May,2026
Mozambique,Manica,,Chimoio,-19.1167,33.4833,2026-05-02,06:00,17:25,11:25,May,2026
Mozambique,Tete,,Tete,-16.1569,33.5869,2026-05-02,05:56,17:28,11:32,May,2026
Mozambique,Zambézia,,Quelimane,-17.8764,36.8872,2026-05-02,05:45,17:12,11:27,May,2026
Mozambique,Nampula,,Nampula,-15.1167,39.2667,2026-05-02,05:32,17:06,11:34,May,2026
Mozambique,Niassa,,Lichinga,-13.3128,35.2406,2026-05-02,05:47,17:24,11:37,May,2026
Mozambique,Cabo Delgado,,Pemba,-12.9667,40.5167,2026-05-02,05:25,17:04,11:39,May,2026
Mozambique,Maputo,,Maputo,-25.9653,32.5892,2026-05-03,06:13,17:19,11:06,May,2026
Mozambique,Gaza,,Xai-Xai,-25.05,33.65,2026-05-03,06:07,17:16,11:09,May,2026
Mozambique,Inhambane,,Inhambane,-23.865,35.3833,2026-05-03,05:59,17:10,11:11,May,2026
Mozambique,Sofala,,Beira,-19.8333,34.85,2026-05-03,05:56,17:18,11:22,May,2026
Mozambique,Manica,,Chimoio,-19.1167,33.4833,2026-05-03,06:01,17:24,11:23,May,2026
Mozambique,Tete,,Tete,-16.1569,33.5869,2026-05-03,05:57,17:27,11:30,May,2026
Mozambique,Zambézia,,Quelimane,-17.8764,36.8872,2026-05-03,05:45,17:12,11:27,May,2026
Mozambique,Nampula,,Nampula,-15.1167,39.2667,2026-05-03,05:33,17:06,11:33,May,2026
Mozambique,Niassa,,Lichinga,-13.3128,35.2406,2026-05-03,05:47,17:24,11:37,May,2026
Mozambique,Cabo Delgado,,Pemba,-12.9667,40.5167,2026-05-03,05:25,17:03,11:38,May,2026
Mozambique,Maputo,,Maputo,-25.9653,32.5892,2026-05-04,06:13,17:18,11:05,May,2026
Mozambique,Gaza,,Xai-Xai,-25.05,33.65,2026-05-04,06:08,17:15,11:07,May,2026
Mozambique,Inhambane,,Inhambane,-23.865,35.3833,2026-05-04,05:59,17:10,11:11,May,2026
Mozambique,Sofala,,Beira,-19.8333,34.85,2026-05-04,05:56,17:17,11:21,May,2026
Mozambique,Manica,,Chimoio,-19.1167,33.4833,2026-05-04,06:01,17:23,11:22,May,2026
Mozambique,Tete,,Tete,-16.1569,33.5869,2026-05-04,05:57,17:27,11:30,May,2026
Mozambique,Zambézia,,Quelimane,-17.8764,36.8872,2026-05-04,05:46,17:11,11:25,May,2026
Mozambique,Nampula,,Nampula,-15.1167,39.2667,2026-05-04,05:33,17:05,11:32,May,2026
Mozambique,Niassa,,Lichinga,-13.3128,35.2406,2026-05-04,05:47,17:23,11:36,May,2026
Mozambique,Cabo Delgado,,Pemba,-12.9667,40.5167,2026-05-04,05:25,17:03,11:38,May,2026
Mozambique,Maputo,,Maputo,-25.9653,32.5892,2026-05-05,06:14,17:17,11:03,May,2026
Mozambique,Gaza,,Xai-Xai,-25.05,33.65,2026-05-05,06:08,17:14,11:06,May,2026
Mozambique,Inhambane,,Inhambane,-23.865,35.3833,2026-05-05,06:00,17:09,11:09,May,2026
Mozambique,Sofala,,Beira,-19.8333,34.85,2026-05-05,05:57,17:17,11:20,May,2026
Mozambique,Manica,,Chimoio,-19.1167,33.4833,2026-05-05,06:01,17:23,11:22,May,2026
Mozambique,Tete,,Tete,-16.1569,33.5869,2026-05-05,05:57,17:26,11:29,May,2026
Mozambique,Zambézia,,Quelimane,-17.8764,36.8872,2026-05-05,05:46,17:11,11:25,May,2026
Mozambique,Nampula,,Nampula,-15.1167,39.2667,2026-05-05,05:33,17:05,11:32,May,2026
Mozambique,Niassa,,Lichinga,-13.3128,35.2406,2026-05-05,05:47,17:23,11:36,May,2026
Mozambique,Cabo Delgado,,Pemba,-12.9667,40.5167,2026-05-05,05:26,17:02,11:36,May,2026
Mozambique,Maputo,,Maputo,-25.9653,32.5892,2026-05-06,06:14,17:17,11:03,May,2026
Mozambique,Gaza,,Xai-Xai,-25.05,33.65,2026-05-06,06:09,17:14,11:05,May,2026
Mozambique,Inhambane,,Inhambane,-23.865,35.3833,2026-05-06,06:00,17:08,11:08,May,2026
Mozambique,Sofala,,Beira,-19.8333,34.85,2026-05-06,05:57,17:16,11:19,May,2026
Mozambique,Manica,,Chimoio,-19.1167,33.4833,2026-05-06,06:02,17:22,11:20,May,2026
Mozambique,Tete,,Tete,-16.1569,33.5869,2026-05-06,05:57,17:26,11:29,May,2026
Mozambique,Zambézia,,Quelimane,-17.8764,36.8872,2026-05-06,05:46,17:10,11:24,May,2026
Mozambique,Nampula,,Nampula,-15.1167,39.2667,2026-05-06,05:33,17:04,11:31,May,2026
Mozambique,Niassa,,Lichinga,-13.3128,35.2406,2026-05-06,05:47,17:23,11:36,May,2026
Mozambique,Cabo Delgado,,Pemba,-12.9667,40.5167,2026-05-06,05:26,17:02,11:36,May,2026
Mozambique,Maputo,,Maputo,-25.9653,32.5892,2026-05-07,06:15,17:16,11:01,May,2026
Mozambique,Gaza,,Xai-Xai,-25.05,33.65,2026-05-07,06:09,17:13,11:04,May,2026
Mozambique,Inhambane,,Inhambane,-23.865,35.3833,2026-05-07,06:01,17:08,11:07,May,2026
Mozambique,Sofala,,Beira,-19.8333,34.85,2026-05-07,05:57,17:16,11:19,May,2026
Mozambique,Manica,,Chimoio,-19.1167,33.4833,2026-05-07,06:02,17:22,11:20,May,2026
Mozambique,Tete,,Tete,-16.1569,33.5869,2026-05-07,05:58,17:25,11:27,May,2026
Mozambique,Zambézia,,Quelimane,-17.8764,36.8872,2026-05-07,05:47,17:10,11:23,May,2026
Mozambique,Nampula,,Nampula,-15.1167,39.2667,2026-05-07,05:34,17:04,11:30,May,2026
Mozambique,Niassa,,Lichinga,-13.3128,35.2406,2026-05-07,05:47,17:22,11:35,May,2026
Mozambique,Cabo Delgado,,Pemba,-12.9667,40.5167,2026-05-07,05:26,17:02,11:36,May,2026
Mozambique,Maputo,,Maputo,-25.9653,32.5892,2026-05-08,06:15,17:15,11:00,May,2026
Mozambique,Gaza,,Xai-Xai,-25.05,33.65,2026-05-08,06:10,17:12,11:02,May,2026
Mozambique,Inhambane,,Inhambane,-23.865,35.3833,2026-05-08,06:01,17:07,11:06,May,2026
Mozambique,Sofala,,Beira,-19.8333,34.85,2026-05-08,05:58,17:15,11:17,May,2026
Mozambique,Manica,,Chimoio,-19.1167,33.4833,2026-05-08,06:02,17:21,11:19,May,2026
Mozambique,Tete,,Tete,-16.1569,33.5869,2026-05-08,05:58,17:25,11:27,May,2026
Mozambique,Zambézia,,Quelimane,-17.8764,36.8872,2026-05-08,05:47,17:09,11:22,May,2026
Mozambique,Nampula,,Nampula,-15.1167,39.2667,2026-05-08,05:34,17:04,11:30,May,2026
Mozambique,Niassa,,Lichinga,-13.3128,35.2406,2026-05-08,05:48,17:22,11:34,May,2026
Mozambique,Cabo Delgado,,Pemba,-12.9667,40.5167,2026-05-08,05:26,17:01,11:35,May,2026
Mozambique,Maputo,,Maputo,-25.9653,32.5892,2026-05-09,06:16,17:15,10:59,May,2026
Mozambique,Gaza,,Xai-Xai,-25.05,33.65,2026-05-09,06:10,17:12,11:02,May,2026
Mozambique,Inhambane,,Inhambane,-23.865,35.3833,2026-05-09,06:02,17:07,11:05,May,2026
Mozambique,Sofala,,Beira,-19.8333,34.85,2026-05-09,05:58,17:15,11:17,May,2026
Mozambique,Manica,,Chimoio,-19.1167,33.4833,2026-05-09,06:03,17:21,11:18,May,2026
Mozambique,Tete,,Tete,-16.1569,33.5869,2026-05-09,05:58,17:25,11:27,May,2026
Mozambique,Zambézia,,Quelimane,-17.8764,36.8872,2026-05-09,05:47,17:09,11:22,May,2026
Mozambique,Nampula,,Nampula,-15.1167,39.2667,2026-05-09,05:34,17:03,11:29,May,2026
Mozambique,Niassa,,Lichinga,-13.3128,35.2406,2026-05-09,05:48,17:22,11:34,May,2026
Mozambique,Cabo Delgado,,Pemba,-12.9667,40.5167,2026-05-09,05:26,17:01,11:35,May,2026
Mozambique,Maputo,,Maputo,-25.9653,32.5892,2026-05-10,06:17,17:14,10:57,May,2026
Mozambique,Gaza,,Xai-Xai,-25.05,33.65,2026-05-10,06:11,17:11,11:00,May,2026
Mozambique,Inhambane,,Inhambane,-23.865,35.3833,2026-05-10,06:02,17:06,11:04,May,2026
Mozambique,Sofala,,Beira,-19.8333,34.85,2026-05-10,05:59,17:14,11:15,May,2026
Mozambique,Manica,,Chimoio,-19.1167,33.4833,2026-05-10,06:03,17:21,11:18,May,2026
Mozambique,Tete,,Tete,-16.1569,33.5869,2026-05-10,05:59,17:24,11:25,May,2026
Mozambique,Zambézia,,Quelimane,-17.8764,36.8872,2026-05-10,05:48,17:09,11:21,May,2026
Mozambique,Nampula,,Nampula,-15.1167,39.2667,2026-05-10,05:34,17:03,11:29,May,2026
Mozambique,Niassa,,Lichinga,-13.3128,35.2406,2026-05-10,05:48,17:21,11:33,May,2026
Mozambique,Cabo Delgado,,Pemba,-12.9667,40.5167,2026-05-10,05:27,17:01,11:34,May,2026
Mozambique,Maputo,,Maputo,-25.9653,32.5892,2026-05-11,06:17,17:14,10:57,May,2026
Mozambique,Gaza,,Xai-Xai,-25.05,33.65,2026-05-11,06:11,17:11,11:00,May,2026
Mozambique,Inhambane,,Inhambane,-23.865,35.3833,2026-05-11,06:03,17:06,11:03,May,2026
Mozambique,Sofala,,Beira,-19.8333,34.85,2026-05-11,05:59,17:14,11:15,May,2026
Mozambique,Manica,,Chimoio,-19.1167,33.4833,2026-05-11,06:03,17:20,11:17,May,2026
Mozambique,Tete,,Tete,-16.1569,33.5869,2026-05-11,05:59,17:24,11:25,May,2026
Mozambique,Zambézia,,Quelimane,-17.8764,36.8872,2026-05-11,05:48,17:08,11:20,May,2026
Mozambique,Nampula,,Nampula,-15.1167,39.2667,2026-05-11,05:35,17:02,11:27,May,2026
Mozambique,Niassa,,Lichinga,-13.3128,35.2406,2026-05-11,05:48,17:21,11:33,May,2026
Mozambique,Cabo Delgado,,Pemba,-12.9667,40.5167,2026-05-11,05:27,17:00,11:33,May,2026
Mozambique,Maputo,,Maputo,-25.9653,32.5892,2026-05-12,06:18,17:13,10:55,May,2026
Mozambique,Gaza,,Xai-Xai,-25.05,33.65,2026-05-12,06:12,17:10,10:58,May,2026
Mozambique,Inhambane,,Inhambane,-23.865,35.3833,2026-05-12,06:03,17:05,11:02,May,2026
Mozambique,Sofala,,Beira,-19.8333,34.85,2026-05-12,05:59,17:13,11:14,May,2026
Mozambique,Manica,,Chimoio,-19.1167,33.4833,2026-05-12,06:04,17:20,11:16,May,2026
Mozambique,Tete,,Tete,-16.1569,33.5869,2026-05-12,05:59,17:23,11:24,May,2026
Mozambique,Zambézia,,Quelimane,-17.8764,36.8872,2026-05-12,05:48,17:08,11:20,May,2026
Mozambique,Nampula,,Nampula,-15.1167,39.2667,2026-05-12,05:35,17:02,11:27,May,2026
Mozambique,Niassa,,Lichinga,-13.3128,35.2406,2026-05-12,05:49,17:21,11:32,May,2026
Mozambique,Cabo Delgado,,Pemba,-12.9667,40.5167,2026-05-12,05:27,17:00,11:33,May,2026
Mozambique,Maputo,,Maputo,-25.9653,32.5892,2026-05-13,06:18,17:12,10:54,May,2026
Mozambique,Gaza,,Xai-Xai,-25.05,33.65,2026-05-13,06:12,17:10,10:58,May,2026
Mozambique,Inhambane,,Inhambane,-23.865,35.3833,2026-05-13,06:04,17:05,11:01,May,2026
Mozambique,Sofala,,Beira,-19.8333,34.85,2026-05-13,06:00,17:13,11:13,May,2026
Mozambique,Manica,,Chimoio,-19.1167,33.4833,2026-05-13,06:04,17:19,11:15,May,2026
Mozambique,Tete,,Tete,-16.1569,33.5869,2026-05-13,05:59,17:23,11:24,May,2026
Mozambique,Zambézia,,Quelimane,-17.8764,36.8872,2026-05-13,05:49,17:07,11:18,May,2026
Mozambique,Nampula,,Nampula,-15.1167,39.2667,2026-05-13,05:35,17:02,11:27,May,2026
Mozambique,Niassa,,Lichinga,-13.3128,35.2406,2026-05-13,05:49,17:20,11:31,May,2026
Mozambique,Cabo Delgado,,Pemba,-12.9667,40.5167,2026-05-13,05:27,17:00,11:33,May,2026
Mozambique,Maputo,,Maputo,-25.9653,32.5892,2026-05-14,06:19,17:12,10:53,May,2026
Mozambique,Gaza,,Xai-Xai,-25.05,33.65,2026-05-14,06:13,17:09,10:56,May,2026
Mozambique,Inhambane,,Inhambane,-23.865,35.3833,2026-05-14,06:04,17:04,11:00,May,2026
Mozambique,Sofala,,Beira,-19.8333,34.85,2026-05-14,06:00,17:12,11:12,May,2026
Mozambique,Manica,,Chimoio,-19.1167,33.4833,2026-05-14,06:04,17:19,11:15,May,2026
Mozambique,Tete,,Tete,-16.1569,33.5869,2026-05-14,06:00,17:23,11:23,May,2026
Mozambique,Zambézia,,Quelimane,-17.8764,36.8872,2026-05-14,05:49,17:07,11:18,May,2026
Mozambique,Nampula,,Nampula,-15.1167,39.2667,2026-05-14,05:36,17:01,11:25,May,2026
Mozambique,Niassa,,Lichinga,-13.3128,35.2406,2026-05-14,05:49,17:20,11:31,May,2026
Mozambique,Cabo Delgado,,Pemba,-12.9667,40.5167,2026-05-14,05:27,17:00,11:33,May,2026
Mozambique,Maputo,,Maputo,-25.9653,32.5892,2026-05-15,06:19,17:11,10:52,May,2026
Mozambique,Gaza,,Xai-Xai,-25.05,33.65,2026-05-15,06:13,17:09,10:56,May,2026
Mozambique,Inhambane,,Inhambane,-23.865,35.3833,2026-05-15,06:05,17:04,10:59,May,2026
Mozambique,Sofala,,Beira,-19.8333,34.85,2026-05-15,06:00,17:12,11:12,May,2026
Mozambique,Manica,,Chimoio,-19.1167,33.4833,2026-05-15,06:05,17:18,11:13,May,2026
Mozambique,Tete,,Tete,-16.1569,33.5869,2026-05-15,06:00,17:22,11:22,May,2026
Mozambique,Zambézia,,Quelimane,-17.8764,36.8872,2026-05-15,05:49,17:07,11:18,May,2026
Mozambique,Nampula,,Nampula,-15.1167,39.2667,2026-05-15,05:36,17:01,11:25,May,2026
Mozambique,Niassa,,Lichinga,-13.3128,35.2406,2026-05-15,05:49,17:20,11:31,May,2026
Mozambique,Cabo Delgado,,Pemba,-12.9667,40.5167,2026-05-15,05:28,16:59,11:31,May,2026
Mozambique,Maputo,,Maputo,-25.9653,32.5892,2026-05-16,06:20,17:11,10:51,May,2026
Mozambique,Gaza,,Xai-Xai,-25.05,33.65,2026-05-16,06:14,17:08,10:54,May,2026
Mozambique,Inhambane,,Inhambane,-23.865,35.3833,2026-05-16,06:05,17:03,10:58,May,2026
Mozambique,Sofala,,Beira,-19.8333,34.85,2026-05-16,06:01,17:12,11:11,May,2026
Mozambique,Manica,,Chimoio,-19.1167,33.4833,2026-05-16,06:05,17:18,11:13,May,2026
Mozambique,Tete,,Tete,-16.1569,33.5869,2026-05-16,06:00,17:22,11:22,May,2026
Mozambique,Zambézia,,Quelimane,-17.8764,36.8872,2026-05-16,05:50,17:06,11:16,May,2026
Mozambique,Nampula,,Nampula,-15.1167,39.2667,2026-05-16,05:36,17:01,11:25,May,2026
Mozambique,Niassa,,Lichinga,-13.3128,35.2406,2026-05-16,05:50,17:20,11:30,May,2026
Mozambique,Cabo Delgado,,Pemba,-12.9667,40.5167,2026-05-16,05:28,16:59,11:31,May,2026
Mozambique,Maputo,,Maputo,-25.9653,32.5892,2026-05-17,06:20,17:10,10:50,May,2026
Mozambique,Gaza,,Xai-Xai,-25.05,33.65,2026-05-17,06:14,17:08,10:54,May,2026
Mozambique,Inhambane,,Inhambane,-23.865,35.3833,2026-05-17,06:06,17:03,10:57,May,2026
Mozambique,Sofala,,Beira,-19.8333,34.85,2026-05-17,06:01,17:11,11:10,May,2026
Mozambique,Manica,,Chimoio,-19.1167,33.4833,2026-05-17,06:06,17:18,11:12,May,2026
Mozambique,Tete,,Tete,-16.1569,33.5869,2026-05-17,06:01,17:22,11:21,May,2026
Mozambique,Zambézia,,Quelimane,-17.8764,36.8872,2026-05-17,05:50,17:06,11:16,May,2026
Mozambique,Nampula,,Nampula,-15.1167,39.2667,2026-05-17,05:36,17:01,11:25,May,2026
Mozambique,Niassa,,Lichinga,-13.3128,35.2406,2026-05-17,05:50,17:19,11:29,May,2026
Mozambique,Cabo Delgado,,Pemba,-12.9667,40.5167,2026-05-17,05:28,16:59,11:31,May,2026
Mozambique,Maputo,,Maputo,-25.9653,32.5892,2026-05-18,06:21,17:10,10:49,May,2026
Mozambique,Gaza,,Xai-Xai,-25.05,33.65,2026-05-18,06:15,17:07,10:52,May,2026
Mozambique,Inhambane,,Inhambane,-23.865,35.3833,2026-05-18,06:06,17:02,10:56,May,2026
Mozambique,Sofala,,Beira,-19.8333,34.85,2026-05-18,06:02,17:11,11:09,May,2026
Mozambique,Manica,,Chimoio,-19.1167,33.4833,2026-05-18,06:06,17:17,11:11,May,2026
Mozambique,Tete,,Tete,-16.1569,33.5869,2026-05-18,06:01,17:22,11:21,May,2026
Mozambique,Zambézia,,Quelimane,-17.8764,36.8872,2026-05-18,05:50,17:06,11:16,May,2026
Mozambique,Nampula,,Nampula,-15.1167,39.2667,2026-05-18,05:37,17:00,11:23,May,2026
Mozambique,Niassa,,Lichinga,-13.3128,35.2406,2026-05-18,05:50,17:19,11:29,May,2026
Mozambique,Cabo Delgado,,Pemba,-12.9667,40.5167,2026-05-18,05:28,16:59,11:31,May,2026
Mozambique,Maputo,,Maputo,-25.9653,32.5892,2026-05-19,06:21,17:09,10:48,May,2026
Mozambique,Gaza,,Xai-Xai,-25.05,33.65,2026-05-19,06:15,17:07,10:52,May,2026
Mozambique,Inhambane,,Inhambane,-23.865,35.3833,2026-05-19,06:06,17:02,10:56,May,2026
Mozambique,Sofala,,Beira,-19.8333,34.85,2026-05-19,06:02,17:11,11:09,May,2026
Mozambique,Manica,,Chimoio,-19.1167,33.4833,2026-05-19,06:06,17:17,11:11,May,2026
Mozambique,Tete,,Tete,-16.1569,33.5869,2026-05-19,06:01,17:21,11:20,May,2026
Mozambique,Zambézia,,Quelimane,-17.8764,36.8872,2026-05-19,05:51,17:05,11:14,May,2026
Mozambique,Nampula,,Nampula,-15.1167,39.2667,2026-05-19,05:37,17:00,11:23,May,2026
Mozambique,Niassa,,Lichinga,-13.3128,35.2406,2026-05-19,05:50,17:19,11:29,May,2026
Mozambique,Cabo Delgado,,Pemba,-12.9667,40.5167,2026-05-19,05:29,16:58,11:29,May,2026
Mozambique,Maputo,,Maputo,-25.9653,32.5892,2026-05-20,06:22,17:09,10:47,May,2026
Mozambique,Gaza,,Xai-Xai,-25.05,33.65,2026-05-20,06:16,17:06,10:50,May,2026
Mozambique,Inhambane,,Inhambane,-23.865,35.3833,2026-05-20,06:07,17:01,10:54,May,2026
Mozambique,Sofala,,Beira,-19.8333,34.85,2026-05-20,06:02,17:10,11:08,May,2026
Mozambique,Manica,,Chimoio,-19.1167,33.4833,2026-05-20,06:07,17:17,11:10,May,2026
Mozambique,Tete,,Tete,-16.1569,33.5869,2026-05-20,06:02,17:21,11:19,May,2026
Mozambique,Zambézia,,Quelimane,-17.8764,36.8872,2026-05-20,05:51,17:05,11:14,May,2026
Mozambique,Nampula,,Nampula,-15.1167,39.2667,2026-05-20,05:37,17:00,11:23,May,2026
Mozambique,Niassa,,Lichinga,-13.3128,35.2406,2026-05-20,05:51,17:19,11:28,May,2026
Mozambique,Cabo Delgado,,Pemba,-12.9667,40.5167,2026-05-20,05:29,16:58,11:29,May,2026
Mozambique,Maputo,,Maputo,-25.9653,32.5892,2026-05-21,06:22,17:09,10:47,May,2026
Mozambique,Gaza,,Xai-Xai,-25.05,33.65,2026-05-21,06:16,17:06,10:50,May,2026
Mozambique,Inhambane,,Inhambane,-23.865,35.3833,2026-05-21,06:07,17:01,10:54,May,2026
Mozambique,Sofala,,Beira,-19.8333,34.85,2026-05-21,06:03,17:10,11:07,May,2026
Mozambique,Manica,,Chimoio,-19.1167,33.4833,2026-05-21,06:07,17:17,11:10,May,2026
Mozambique,Tete,,Tete,-16.1569,33.5869,2026-05-21,06:02,17:21,11:19,May,2026
Mozambique,Zambézia,,Quelimane,-17.8764,36.8872,2026-05-21,05:51,17:05,11:14,May,2026
Mozambique,Nampula,,Nampula,-15.1167,39.2667,2026-05-21,05:38,17:00,11:22,May,2026
Mozambique,Niassa,,Lichinga,-13.3128,35.2406,2026-05-21,05:51,17:19,11:28,May,2026
Mozambique,Cabo Delgado,,Pemba,-12.9667,40.5167,2026-05-21,05:29,16:58,11:29,May,2026
Mozambique,Maputo,,Maputo,-25.9653,32.5892,2026-05-22,06:23,17:08,10:45,May,2026
Mozambique,Gaza,,Xai-Xai,-25.05,33.65,2026-05-22,06:17,17:06,10:49,May,2026
Mozambique,Inhambane,,Inhambane,-23.865,35.3833,2026-05-22,06:08,17:01,10:53,May,2026
Mozambique,Sofala,,Beira,-19.8333,34.85,2026-05-22,06:03,17:10,11:07,May,2026
Mozambique,Manica,,Chimoio,-19.1167,33.4833,2026-05-22,06:07,17:16,11:09,May,2026
Mozambique,Tete,,Tete,-16.1569,33.5869,2026-05-22,06:02,17:21,11:19,May,2026
Mozambique,Zambézia,,Quelimane,-17.8764,36.8872,2026-05-22,05:52,17:05,11:13,May,2026
Mozambique,Nampula,,Nampula,-15.1167,39.2667,2026-05-22,05:38,17:00,11:22,May,2026
Mozambique,Niassa,,Lichinga,-13.3128,35.2406,2026-05-22,05:51,17:19,11:28,May,2026
Mozambique,Cabo Delgado,,Pemba,-12.9667,40.5167,2026-05-22,05:30,16:58,11:28,May,2026
Mozambique,Maputo,,Maputo,-25.9653,32.5892,2026-05-23,06:23,17:08,10:45,May,2026
Mozambique,Gaza,,Xai-Xai,-25.05,33.65,2026-05-23,06:17,17:05,10:48,May,2026
Mozambique,Inhambane,,Inhambane,-23.865,35.3833,2026-05-23,06:08,17:00,10:52,May,2026
Mozambique,Sofala,,Beira,-19.8333,34.85,2026-05-23,06:04,17:09,11:05,May,2026
Mozambique,Manica,,Chimoio,-19.1167,33.4833,2026-05-23,06:08,17:16,11:08,May,2026
Mozambique,Tete,,Tete,-16.1569,33.5869,2026-05-23,06:03,17:21,11:18,May,2026
Mozambique,Zambézia,,Quelimane,-17.8764,36.8872,2026-05-23,05:52,17:05,11:13,May,2026
Mozambique,Nampula,,Nampula,-15.1167,39.2667,2026-05-23,05:38,16:59,11:21,May,2026
Mozambique,Niassa,,Lichinga,-13.3128,35.2406,2026-05-23,05:51,17:18,11:27,May,2026
Mozambique,Cabo Delgado,,Pemba,-12.9667,40.5167,2026-05-23,05:30,16:58,11:28,May,2026
Mozambique,Maputo,,Maputo,-25.9653,32.5892,2026-05-24,06:24,17:07,10:43,May,2026
Mozambique,Gaza,,Xai-Xai,-25.05,33.65,2026-05-24,06:18,17:05,10:47,May,2026
Mozambique,Inhambane,,Inhambane,-23.865,35.3833,2026-05-24,06:09,17:00,10:51,May,2026
Mozambique,Sofala,,Beira,-19.8333,34.85,2026-05-24,06:04,17:09,11:05,May,2026
Mozambique,Manica,,Chimoio,-19.1167,33.4833,2026-05-24,06:08,17:16,11:08,May,2026
Mozambique,Tete,,Tete,-16.1569,33.5869,2026-05-24,06:03,17:20,11:17,May,2026
Mozambique,Zambézia,,Quelimane,-17.8764,36.8872,2026-05-24,05:53,17:04,11:11,May,2026
Mozambique,Nampula,,Nampula,-15.1167,39.2667,2026-05-24,05:39,16:59,11:20,May,2026
Mozambique,Niassa,,Lichinga,-13.3128,35.2406,2026-05-24,05:52,17:18,11:26,May,2026
Mozambique,Cabo Delgado,,Pemba,-12.9667,40.5167,2026-05-24,05:30,16:58,11:28,May,2026
Mozambique,Maputo,,Maputo,-25.9653,32.5892,2026-05-25,06:24,17:07,10:43,May,2026
Mozambique,Gaza,,Xai-Xai,-25.05,33.65,2026-05-25,06:18,17:05,10:47,May,2026
Mozambique,Inhambane,,Inhambane,-23.865,35.3833,2026-05-25,06:09,17:00,10:51,May,2026
Mozambique,Sofala,,Beira,-19.8333,34.85,2026-05-25,06:04,17:09,11:05,May,2026
Mozambique,Manica,,Chimoio,-19.1167,33.4833,2026-05-25,06:09,17:16,11:07,May,2026
Mozambique,Tete,,Tete,-16.1569,33.5869,2026-05-25,06:03,17:20,11:17,May,2026
Mozambique,Zambézia,,Quelimane,-17.8764,36.8872,2026-05-25,05:53,17:04,11:11,May,2026
Mozambique,Nampula,,Nampula,-15.1167,39.2667,2026-05-25,05:39,16:59,11:20,May,2026
Mozambique,Niassa,,Lichinga,-13.3128,35.2406,2026-05-25,05:52,17:18,11:26,May,2026
Mozambique,Cabo Delgado,,Pemba,-12.9667,40.5167,2026-05-25,05:30,16:58,11:28,May,2026
Mozambique,Maputo,,Maputo,-25.9653,32.5892,2026-05-26,06:25,17:07,10:42,May,2026
Mozambique,Gaza,,Xai-Xai,-25.05,33.65,2026-05-26,06:19,17:04,10:45,May,2026
Mozambique,Inhambane,,Inhambane,-23.865,35.3833,2026-05-26,06:10,17:00,10:50,May,2026
Mozambique,Sofala,,Beira,-19.8333,34.85,2026-05-26,06:05,17:09,11:04,May,2026
Mozambique,Manica,,Chimoio,-19.1167,33.4833,2026-05-26,06:09,17:15,11:06,May,2026
Mozambique,Tete,,Tete,-16.1569,33.5869,2026-05-26,06:04,17:20,11:16,May,2026
Mozambique,Zambézia,,Quelimane,-17.8764,36.8872,2026-05-26,05:53,17:04,11:11,May,2026
Mozambique,Nampula,,Nampula,-15.1167,39.2667,2026-05-26,05:39,16:59,11:20,May,2026
Mozambique,Niassa,,Lichinga,-13.3128,35.2406,2026-05-26,05:52,17:18,11:26,May,2026
Mozambique,Cabo Delgado,,Pemba,-12.9667,40.5167,2026-05-26,05:31,16:58,11:27,May,2026
Mozambique,Maputo,,Maputo,-25.9653,32.5892,2026-05-27,06:25,17:06,10:41,May,2026
Mozambique,Gaza,,Xai-Xai,-25.05,33.65,2026-05-27,06:19,17:04,10:45,May,2026
Mozambique,Inhambane,,Inhambane,-23.865,35.3833,2026-05-27,06:10,16:59,10:49,May,2026
Mozambique,Sofala,,Beira,-19.8333,34.85,2026-05-27,06:05,17:09,11:04,May,2026
Mozambique,Manica,,Chimoio,-19.1167,33.4833,2026-05-27,06:09,17:15,11:06,May,2026
Mozambique,Tete,,Tete,-16.1569,33.5869,2026-05-27,06:04,17:20,11:16,May,2026
Mozambique,Zambézia,,Quelimane,-17.8764,36.8872,2026-05-27,05:54,17:04,11:10,May,2026
Mozambique,Nampula,,Nampula,-15.1167,39.2667,2026-05-27,05:40,16:59,11:19,May,2026
Mozambique,Niassa,,Lichinga,-13.3128,35.2406,2026-05-27,05:53,17:18,11:25,May,2026
Mozambique,Cabo Delgado,,Pemba,-12.9667,40.5167,2026-05-27,05:31,16:57,11:26,May,2026
Mozambique,Maputo,,Maputo,-25.9653,32.5892,2026-05-28,06:26,17:06,10:40,May,2026
Mozambique,Gaza,,Xai-Xai,-25.05,33.65,2026-05-28,06:20,17:04,10:44,May,2026
Mozambique,Inhambane,,Inhambane,-23.865,35.3833,2026-05-28,06:11,16:59,10:48,May,2026
Mozambique,Sofala,,Beira,-19.8333,34.85,2026-05-28,06:06,17:08,11:02,May,2026
Mozambique,Manica,,Chimoio,-19.1167,33.4833,2026-05-28,06:10,17:15,11:05,May,2026
Mozambique,Tete,,Tete,-16.1569,33.5869,2026-05-28,06:04,17:20,11:16,May,2026
Mozambique,Zambézia,,Quelimane,-17.8764,36.8872,2026-05-28,05:54,17:04,11:10,May,2026
Mozambique,Nampula,,Nampula,-15.1167,39.2667,2026-05-28,05:40,16:59,11:19,May,2026
Mozambique,Niassa,,Lichinga,-13.3128,35.2406,2026-05-28,05:53,17:18,11:25,May,2026
Mozambique,Cabo Delgado,,Pemba,-12.9667,40.5167,2026-05-28,05:31,16:57,11:26,May,2026
Mozambique,Maputo,,Maputo,-25.9653,32.5892,2026-05-29,06:26,17:06,10:40,May,2026
Mozambique,Gaza,,Xai-Xai,-25.05,33.65,2026-05-29,06:20,17:04,10:44,May,2026
Mozambique,Inhambane,,Inhambane,-23.865,35.3833,2026-05-29,06:11,16:59,10:48,May,2026
Mozambique,Sofala,,Beira,-19.8333,34.85,2026-05-29,06:06,17:08,11:02,May,2026
Mozambique,Manica,,Chimoio,-19.1167,33.4833,2026-05-29,06:10,17:15,11:05,May,2026
Mozambique,Tete,,Tete,-16.1569,33.5869,2026-05-29,06:05,17:20,11:15,May,2026
Mozambique,Zambézia,,Quelimane,-17.8764,36.8872,2026-05-29,05:54,17:04,11:10,May,2026
Mozambique,Nampula,,Nampula,-15.1167,39.2667,2026-05-29,05:40,16:59,11:19,May,2026
Mozambique,Niassa,,Lichinga,-13.3128,35.2406,2026-05-29,05:53,17:18,11:25,May,2026
Mozambique,Cabo Delgado,,Pemba,-12.9667,40.5167,2026-05-29,05:32,16:57,11:25,May,2026
Mozambique,Maputo,,Maputo,-25.9653,32.5892,2026-05-30,06:27,17:06,10:39,May,2026
Mozambique,Gaza,,Xai-Xai,-25.05,33.65,2026-05-30,06:21,17:03,10:42,May,2026
Mozambique,Inhambane,,Inhambane,-23.865,35.3833,2026-05-30,06:12,16:59,10:47,May,2026
Mozambique,Sofala,,Beira,-19.8333,34.85,2026-05-30,06:06,17:08,11:02,May,2026
Mozambique,Manica,,Chimoio,-19.1167,33.4833,2026-05-30,06:11,17:15,11:04,May,2026
Mozambique,Tete,,Tete,-16.1569,33.5869,2026-05-30,06:05,17:20,11:15,May,2026
Mozambique,Zambézia,,Quelimane,-17.8764,36.8872,2026-05-30,05:55,17:03,11:08,May,2026
Mozambique,Nampula,,Nampula,-15.1167,39.2667,2026-05-30,05:40,16:59,11:19,May,2026
Mozambique,Niassa,,Lichinga,-13.3128,35.2406,2026-05-30,05:54,17:18,11:24,May,2026
Mozambique,Cabo Delgado,,Pemba,-12.9667,40.5167,2026-05-30,05:32,16:57,11:25,May,2026
Mozambique,Maputo,,Maputo,-25.9653,32.5892,2026-05-31,06:27,17:06,10:39,May,2026
Mozambique,Gaza,,Xai-Xai,-25.05,33.65,2026-05-31,06:21,17:03,10:42,May,2026
Mozambique,Inhambane,,Inhambane,-23.865,35.3833,2026-05-31,06:12,16:58,10:46,May,2026
Mozambique,Sofala,,Beira,-19.8333,34.85,2026-05-31,06:07,17:08,11:01,May,2026
Mozambique,Manica,,Chimoio,-19.1167,33.4833,2026-05-31,06:11,17:15,11:04,May,2026
Mozambique,Tete,,Tete,-16.1569,33.5869,2026-05-31,06:05,17:20,11:15,May,2026
Mozambique,Zambézia,,Quelimane,-17.8764,36.8872,2026-05-31,05:55,17:03,11:08,May,2026
Mozambique,Nampula,,Nampula,-15.1167,39.2667,2026-05-31,05:41,16:59,11:18,May,2026
Mozambique,Niassa,,Lichinga,-13.3128,35.2406,2026-05-31,05:54,17:18,11:24,May,2026
Mozambique,Cabo Delgado,,Pemba,-12.9667,40.5167,2026-05-31,05:32,16:57,11:25,May,2026
Mozambique,Maputo,,Maputo,-25.9653,32.5892,2026-06-01,06:28,17:05,10:37,June,2026
Mozambique,Gaza,,Xai-Xai,-25.05,33.65,2026-06-01,06:22,17:03,10:41,June,2026
Mozambique,Inhambane,,Inhambane,-23.865,35.3833,2026-06-01,06:12,16:58,10:46,June,2026
Mozambique,Sofala,,Beira,-19.8333,34.85,2026-06-01,06:07,17:08,11:01,June,2026
Mozambique,Manica,,Chimoio,-19.1167,33.4833,2026-06-01,06:11,17:15,11:04,June,2026
Mozambique,Tete,,Tete,-16.1569,33.5869,2026-06-01,06:06,17:20,11:14,June,2026
Mozambique,Zambézia,,Quelimane,-17.8764,36.8872,2026-06-01,05:55,17:03,11:08,June,2026
Mozambique,Nampula,,Nampula,-15.1167,39.2667,2026-06-01,05:41,16:59,11:18,June,2026
Mozambique,Niassa,,Lichinga,-13.3128,35.2406,2026-06-01,05:54,17:18,11:24,June,2026
Mozambique,Cabo Delgado,,Pemba,-12.9667,40.5167,2026-06-01,05:32,16:57,11:25,June,2026
Mozambique,Maputo,,Maputo,-25.9653,32.5892,2026-06-02,06:28,17:05,10:37,June,2026
Mozambique,Gaza,,Xai-Xai,-25.05,33.65,2026-06-02,06:22,17:03,10:41,June,2026
Mozambique,Inhambane,,Inhambane,-23.865,35.3833,2026-06-02,06:13,16:58,10:45,June,2026
Mozambique,Sofala,,Beira,-19.8333,34.85,2026-06-02,06:07,17:08,11:01,June,2026
Mozambique,Manica,,Chimoio,-19.1167,33.4833,2026-06-02,06:12,17:15,11:03,June,2026
Mozambique,Tete,,Tete,-16.1569,33.5869,2026-06-02,06:06,17:19,11:13,June,2026
Mozambique,Zambézia,,Quelimane,-17.8764,36.8872,2026-06-02,05:56,17:03,11:07,June,2026
Mozambique,Nampula,,Nampula,-15.1167,39.2667,2026-06-02,05:41,16:59,11:18,June,2026
Mozambique,Niassa,,Lichinga,-13.3128,35.2406,2026-06-02,05:54,17:18,11:24,June,2026
Mozambique,Cabo Delgado,,Pemba,-12.9667,40.5167,2026-06-02,05:33,16:57,11:24,June,2026
Mozambique,Maputo,,Maputo,-25.9653,32.5892,2026-06-03,06:29,17:05,10:36,June,2026
Mozambique,Gaza,,Xai-Xai,-25.05,33.65,2026-06-03,06:23,17:03,10:40,June,2026
Mozambique,Inhambane,,Inhambane,-23.865,35.3833,2026-06-03,06:13,16:58,10:45,June,2026
Mozambique,Sofala,,Beira,-19.8333,34.85,2026-06-03,06:08,17:08,11:00,June,2026
Mozambique,Manica,,Chimoio,-19.1167,33.4833,2026-06-03,06:12,17:15,11:03,June,2026
Mozambique,Tete,,Tete,-16.1569,33.5869,2026-06-03,06:06,17:19,11:13,June,2026
Mozambique,Zambézia,,Quelimane,-17.8764,36.8872,2026-06-03,05:56,17:03,11:07,June,2026
Mozambique,Nampula,,Nampula,-15.1167,39.2667,2026-06-03,05:42,16:59,11:17,June,2026
Mozambique,Niassa,,Lichinga,-13.3128,35.2406,2026-06-03,05:55,17:18,11:23,June,2026
Mozambique,Cabo Delgado,,Pemba,-12.9667,40.5167,2026-06-03,05:33,16:57,11:24,June,2026
Mozambique,Maputo,,Maputo,-25.9653,32.5892,2026-06-04,06:29,17:05,10:36,June,2026
Mozambique,Gaza,,Xai-Xai,-25.05,33.65,2026-06-04,06:23,17:03,10:40,June,2026
Mozambique,Inhambane,,Inhambane,-23.865,35.3833,2026-06-04,06:14,16:58,10:44,June,2026
Mozambique,Sofala,,Beira,-19.8333,34.85,2026-06-04,06:08,17:08,11:00,June,2026
Mozambique,Manica,,Chimoio,-19.1167,33.4833,2026-06-04,06:12,17:15,11:03,June,2026
Mozambique,Tete,,Tete,-16.1569,33.5869,2026-06-04,06:07,17:19,11:12,June,2026
Mozambique,Zambézia,,Quelimane,-17.8764,36.8872,2026-06-04,05:57,17:03,11:06,June,2026
Mozambique,Nampula,,Nampula,-15.1167,39.2667,2026-06-04,05:42,16:59,11:17,June,2026
Mozambique,Niassa,,Lichinga,-13.3128,35.2406,2026-06-04,05:55,17:18,11:23,June,2026
Mozambique,Cabo Delgado,,Pemba,-12.9667,40.5167,2026-06-04,05:33,16:57,11:24,June,2026
Mozambique,Maputo,,Maputo,-25.9653,32.5892,2026-06-05,06:30,17:05,10:35,June,2026
Mozambique,Gaza,,Xai-Xai,-25.05,33.65,2026-06-05,06:23,17:02,10:39,June,2026
Mozambique,Inhambane,,Inhambane,-23.865,35.3833,2026-06-05,06:14,16:58,10:44,June,2026
Mozambique,Sofala,,Beira,-19.8333,34.85,2026-06-05,06:09,17:08,10:59,June,2026
Mozambique,Manica,,Chimoio,-19.1167,33.4833,2026-06-05,06:13,17:15,11:02,June,2026
Mozambique,Tete,,Tete,-16.1569,33.5869,2026-06-05,06:07,17:19,11:12,June,2026
Mozambique,Zambézia,,Quelimane,-17.8764,36.8872,2026-06-05,05:57,17:03,11:06,June,2026
Mozambique,Nampula,,Nampula,-15.1167,39.2667,2026-06-05,05:42,16:59,11:17,June,2026
Mozambique,Niassa,,Lichinga,-13.3128,35.2406,2026-06-05,05:55,17:18,11:23,June,2026
Mozambique,Cabo Delgado,,Pemba,-12.9667,40.5167,2026-06-05,05:34,16:57,11:23,June,2026
Mozambique,Maputo,,Maputo,-25.9653,32.5892,2026-06-06,06:30,17:05,10:35,June,2026
Mozambique,Gaza,,Xai-Xai,-25.05,33.65,2026-06-06,06:24,17:02,10:38,June,2026
Mozambique,Inhambane,,Inhambane,-23.865,35.3833,2026-06-06,06:15,16:58,10:43,June,2026
Mozambique,Sofala,,Beira,-19.8333,34.85,2026-06-06,06:09,17:08,10:59,June,2026
Mozambique,Manica,,Chimoio,-19.1167,33.4833,2026-06-06,06:13,17:15,11:02,June,2026
Mozambique,Tete,,Tete,-16.1569,33.5869,2026-06-06,06:07,17:20,11:13,June,2026
Mozambique,Zambézia,,Quelimane,-17.8764,36.8872,2026-06-06,05:57,17:03,11:06,June,2026
Mozambique,Nampula,,Nampula,-15.1167,39.2667,2026-06-06,05:43,16:59,11:16,June,2026
Mozambique,Niassa,,Lichinga,-13.3128,35.2406,2026-06-06,05:56,17:18,11:22,June,2026
Mozambique,Cabo Delgado,,Pemba,-12.9667,40.5167,2026-06-06,05:34,16:57,11:23,June,2026
Mozambique,Maputo,,Maputo,-25.9653,32.5892,2026-06-07,06:30,17:05,10:35,June,2026
Mozambique,Gaza,,Xai-Xai,-25.05,33.65,2026-06-07,06:24,17:02,10:38,June,2026
Mozambique,Inhambane,,Inhambane,-23.865,35.3833,2026-06-07,06:15,16:58,10:43,June,2026
Mozambique,Sofala,,Beira,-19.8333,34.85,2026-06-07,06:09,17:08,10:59,June,2026
Mozambique,Manica,,Chimoio,-19.1167,33.4833,2026-06-07,06:13,17:15,11:02,June,2026
Mozambique,Tete,,Tete,-16.1569,33.5869,2026-06-07,06:08,17:20,11:12,June,2026
Mozambique,Zambézia,,Quelimane,-17.8764,36.8872,2026-06-07,05:58,17:03,11:05,June,2026
Mozambique,Nampula,,Nampula,-15.1167,39.2667,2026-06-07,05:43,16:59,11:16,June,2026
Mozambique,Niassa,,Lichinga,-13.3128,35.2406,2026-06-07,05:56,17:18,11:22,June,2026
Mozambique,Cabo Delgado,,Pemba,-12.9667,40.5167,2026-06-07,05:34,16:57,11:23,June,2026
Mozambique,Maputo,,Maputo,-25.9653,32.5892,2026-06-08,06:31,17:05,10:34,June,2026
Mozambique,Gaza,,Xai-Xai,-25.05,33.65,2026-06-08,06:25,17:02,10:37,June,2026
Mozambique,Inhambane,,Inhambane,-23.865,35.3833,2026-06-08,06:15,16:58,10:43,June,2026
Mozambique,Sofala,,Beira,-19.8333,34.85,2026-06-08,06:10,17:08,10:58,June,2026
Mozambique,Manica,,Chimoio,-19.1167,33.4833,2026-06-08,06:14,17:15,11:01,June,2026
Mozambique,Tete,,Tete,-16.1569,33.5869,2026-06-08,06:08,17:20,11:12,June,2026
Mozambique,Zambézia,,Quelimane,-17.8764,36.8872,2026-06-08,05:58,17:03,11:05,June,2026
Mozambique,Nampula,,Nampula,-15.1167,39.2667,2026-06-08,05:43,16:59,11:16,June,2026
Mozambique,Niassa,,Lichinga,-13.3128,35.2406,2026-06-08,05:56,17:18,11:22,June,2026
Mozambique,Cabo Delgado,,Pemba,-12.9667,40.5167,2026-06-08,05:35,16:58,11:23,June,2026
Mozambique,Maputo,,Maputo,-25.9653,32.5892,2026-06-09,06:31,17:05,10:34,June,2026
Mozambique,Gaza,,Xai-Xai,-25.05,33.65,2026-06-09,06:25,17:02,10:37,June,2026
Mozambique,Inhambane,,Inhambane,-23.865,35.3833,2026-06-09,06:16,16:58,10:42,June,2026
Mozambique,Sofala,,Beira,-19.8333,34.85,2026-06-09,06:10,17:08,10:58,June,2026
Mozambique,Manica,,Chimoio,-19.1167,33.4833,2026-06-09,06:14,17:15,11:01,June,2026
Mozambique,Tete,,Tete,-16.1569,33.5869,2026-06-09,06:08,17:20,11:12,June,2026
Mozambique,Zambézia,,Quelimane,-17.8764,36.8872,2026-06-09,05:58,17:03,11:05,June,2026
Mozambique,Nampula,,Nampula,-15.1167,39.2667,2026-06-09,05:44,16:59,11:15,June,2026
Mozambique,Niassa,,Lichinga,-13.3128,35.2406,2026-06-09,05:57,17:18,11:21,June,2026
Mozambique,Cabo Delgado,,Pemba,-12.9667,40.5167,2026-06-09,05:35,16:58,11:23,June,2026
Mozambique,Maputo,,Maputo,-25.9653,32.5892,2026-06-10,06:32,17:05,10:33,June,2026
Mozambique,Gaza,,Xai-Xai,-25.05,33.65,2026-06-10,06:26,17:02,10:36,June,2026
Mozambique,Inhambane,,Inhambane,-23.865,35.3833,2026-06-10,06:16,16:58,10:42,June,2026
Mozambique,Sofala,,Beira,-19.8333,34.85,2026-06-10,06:10,17:08,10:58,June,2026
Mozambique,Manica,,Chimoio,-19.1167,33.4833,2026-06-10,06:14,17:15,11:01,June,2026
Mozambique,Tete,,Tete,-16.1569,33.5869,2026-06-10,06:09,17:20,11:11,June,2026
Mozambique,Zambézia,,Quelimane,-17.8764,36.8872,2026-06-10,05:59,17:03,11:04,June,2026
Mozambique,Nampula,,Nampula,-15.1167,39.2667,2026-06-10,05:44,16:59,11:15,June,2026
Mozambique,Niassa,,Lichinga,-13.3128,35.2406,2026-06-10,05:57,17:18,11:21,June,2026
Mozambique,Cabo Delgado,,Pemba,-12.9667,40.5167,2026-06-10,05:35,16:58,11:23,June,2026
Mozambique,Maputo,,Maputo,-25.9653,32.5892,2026-06-11,06:32,17:05,10:33,June,2026
Mozambique,Gaza,,Xai-Xai,-25.05,33.65,2026-06-11,06:26,17:02,10:36,June,2026
Mozambique,Inhambane,,Inhambane,-23.865,35.3833,2026-06-11,06:17,16:58,10:41,June,2026
Mozambique,Sofala,,Beira,-19.8333,34.85,2026-06-11,06:11,17:08,10:57,June,2026
Mozambique,Manica,,Chimoio,-19.1167,33.4833,2026-06-11,06:15,17:15,11:00,June,2026
Mozambique,Tete,,Tete,-16.1569,33.5869,2026-06-11,06:09,17:20,11:11,June,2026
Mozambique,Zambézia,,Quelimane,-17.8764,36.8872,2026-06-11,05:59,17:03,11:04,June,2026
Mozambique,Nampula,,Nampula,-15.1167,39.2667,2026-06-11,05:44,16:59,11:15,June,2026
Mozambique,Niassa,,Lichinga,-13.3128,35.2406,2026-06-11,05:57,17:18,11:21,June,2026
Mozambique,Cabo Delgado,,Pemba,-12.9667,40.5167,2026-06-11,05:35,16:58,11:23,June,2026
Mozambique,Maputo,,Maputo,-25.9653,32.5892,2026-06-12,06:32,17:05,10:33,June,2026
Mozambique,Gaza,,Xai-Xai,-25.05,33.65,2026-06-12,06:26,17:02,10:36,June,2026
Mozambique,Inhambane,,Inhambane,-23.865,35.3833,2026-06-12,06:17,16:58,10:41,June,2026
Mozambique,Sofala,,Beira,-19.8333,34.85,2026-06-12,06:11,17:08,10:57,June,2026
Mozambique,Manica,,Chimoio,-19.1167,33.4833,2026-06-12,06:15,17:15,11:00,June,2026
Mozambique,Tete,,Tete,-16.1569,33.5869,2026-06-12,06:09,17:20,11:11,June,2026
Mozambique,Zambézia,,Quelimane,-17.8764,36.8872,2026-06-12,05:59,17:04,11:05,June,2026
Mozambique,Nampula,,Nampula,-15.1167,39.2667,2026-06-12,05:45,16:59,11:14,June,2026
Mozambique,Niassa,,Lichinga,-13.3128,35.2406,2026-06-12,05:57,17:18,11:21,June,2026
Mozambique,Cabo Delgado,,Pemba,-12.9667,40.5167,2026-06-12,05:36,16:58,11:22,June,2026
Mozambique,Maputo,,Maputo,-25.9653,32.5892,2026-06-13,06:33,17:05,10:32,June,2026
Mozambique,Gaza,,Xai-Xai,-25.05,33.65,2026-06-13,06:27,17:02,10:35,June,2026
Mozambique,Inhambane,,Inhambane,-23.865,35.3833,2026-06-13,06:17,16:58,10:41,June,2026
Mozambique,Sofala,,Beira,-19.8333,34.85,2026-06-13,06:11,17:08,10:57,June,2026
Mozambique,Manica,,Chimoio,-19.1167,33.4833,2026-06-13,06:15,17:15,11:00,June,2026
Mozambique,Tete,,Tete,-16.1569,33.5869,2026-06-13,06:09,17:20,11:11,June,2026
Mozambique,Zambézia,,Quelimane,-17.8764,36.8872,2026-06-13,05:59,17:04,11:05,June,2026
Mozambique,Nampula,,Nampula,-15.1167,39.2667,2026-06-13,05:45,16:59,11:14,June,2026
Mozambique,Niassa,,Lichinga,-13.3128,35.2406,2026-06-13,05:58,17:19,11:21,June,2026
Mozambique,Cabo Delgado,,Pemba,-12.9667,40.5167,2026-06-13,05:36,16:58,11:22,June,2026
Mozambique,Maputo,,Maputo,-25.9653,32.5892,2026-06-14,06:33,17:05,10:32,June,2026
Mozambique,Gaza,,Xai-Xai,-25.05,33.65,2026-06-14,06:27,17:02,10:35,June,2026
Mozambique,Inhambane,,Inhambane,-23.865,35.3833,2026-06-14,06:18,16:58,10:40,June,2026
Mozambique,Sofala,,Beira,-19.8333,34.85,2026-06-14,06:12,17:08,10:56,June,2026
Mozambique,Manica,,Chimoio,-19.1167,33.4833,2026-06-14,06:16,17:15,10:59,June,2026
Mozambique,Tete,,Tete,-16.1569,33.5869,2026-06-14,06:10,17:20,11:10,June,2026
Mozambique,Zambézia,,Quelimane,-17.8764,36.8872,2026-06-14,06:00,17:04,11:04,June,2026
Mozambique,Nampula,,Nampula,-15.1167,39.2667,2026-06-14,05:45,16:59,11:14,June,2026
Mozambique,Niassa,,Lichinga,-13.3128,35.2406,2026-06-14,05:58,17:19,11:21,June,2026
Mozambique,Cabo Delgado,,Pemba,-12.9667,40.5167,2026-06-14,05:36,16:58,11:22,June,2026
Mozambique,Maputo,,Maputo,-25.9653,32.5892,2026-06-15,06:33,17:05,10:32,June,2026
Mozambique,Gaza,,Xai-Xai,-25.05,33.65,2026-06-15,06:27,17:03,10:36,June,2026
Mozambique,Inhambane,,Inhambane,-23.865,35.3833,2026-06-15,06:18,16:58,10:40,June,2026
Mozambique,Sofala,,Beira,-19.8333,34.85,2026-06-15,06:12,17:08,10:56,June,2026
Mozambique,Manica,,Chimoio,-19.1167,33.4833,2026-06-15,06:16,17:15,10:59,June,2026
Mozambique,Tete,,Tete,-16.1569,33.5869,2026-06-15,06:10,17:20,11:10,June,2026
Mozambique,Zambézia,,Quelimane,-17.8764,36.8872,2026-06-15,06:00,17:04,11:04,June,2026
Mozambique,Nampula,,Nampula,-15.1167,39.2667,2026-06-15,05:45,17:00,11:15,June,2026
Mozambique,Niassa,,Lichinga,-13.3128,35.2406,2026-06-15,05:58,17:19,11:21,June,2026
Mozambique,Cabo Delgado,,Pemba,-12.9667,40.5167,2026-06-15,05:36,16:58,11:22,June,2026
Mozambique,Maputo,,Maputo,-25.9653,32.5892,2026-06-16,06:34,17:05,10:31,June,2026
Mozambique,Gaza,,Xai-Xai,-25.05,33.65,2026-06-16,06:28,17:03,10:35,June,2026
Mozambique,Inhambane,,Inhambane,-23.865,35.3833,2026-06-16,06:18,16:58,10:40,June,2026
Mozambique,Sofala,,Beira,-19.8333,34.85,2026-06-16,06:12,17:08,10:56,June,2026
Mozambique,Manica,,Chimoio,-19.1167,33.4833,2026-06-16,06:16,17:15,10:59,June,2026
Mozambique,Tete,,Tete,-16.1569,33.5869,2026-06-16,06:10,17:20,11:10,June,2026
Mozambique,Zambézia,,Quelimane,-17.8764,36.8872,2026-06-16,06:00,17:04,11:04,June,2026
Mozambique,Nampula,,Nampula,-15.1167,39.2667,2026-06-16,05:46,17:00,11:14,June,2026
Mozambique,Niassa,,Lichinga,-13.3128,35.2406,2026-06-16,05:58,17:19,11:21,June,2026
Mozambique,Cabo Delgado,,Pemba,-12.9667,40.5167,2026-06-16,05:37,16:59,11:22,June,2026
Mozambique,Maputo,,Maputo,-25.9653,32.5892,2026-06-17,06:34,17:05,10:31,June,2026
Mozambique,Gaza,,Xai-Xai,-25.05,33.65,2026-06-17,06:28,17:03,10:35,June,2026
Mozambique,Inhambane,,Inhambane,-23.865,35.3833,2026-06-17,06:18,16:58,10:40,June,2026
Mozambique,Sofala,,Beira,-19.8333,34.85,2026-06-17,06:13,17:09,10:56,June,2026
Mozambique,Manica,,Chimoio,-19.1167,33.4833,2026-06-17,06:17,17:15,10:58,June,2026
Mozambique,Tete,,Tete,-16.1569,33.5869,2026-06-17,06:11,17:21,11:10,June,2026
Mozambique,Zambézia,,Quelimane,-17.8764,36.8872,2026-06-17,06:01,17:04,11:03,June,2026
Mozambique,Nampula,,Nampula,-15.1167,39.2667,2026-06-17,05:46,17:00,11:14,June,2026
Mozambique,Niassa,,Lichinga,-13.3128,35.2406,2026-06-17,05:59,17:19,11:20,June,2026
Mozambique,Cabo Delgado,,Pemba,-12.9667,40.5167,2026-06-17,05:37,16:59,11:22,June,2026
Mozambique,Maputo,,Maputo,-25.9653,32.5892,2026-06-18,06:34,17:05,10:31,June,2026
Mozambique,Gaza,,Xai-Xai,-25.05,33.65,2026-06-18,06:28,17:03,10:35,June,2026
Mozambique,Inhambane,,Inhambane,-23.865,35.3833,2026-06-18,06:19,16:59,10:40,June,2026
Mozambique,Sofala,,Beira,-19.8333,34.85,2026-06-18,06:13,17:09,10:56,June,2026
Mozambique,Manica,,Chimoio,-19.1167,33.4833,2026-06-18,06:17,17:16,10:59,June,2026
Mozambique,Tete,,Tete,-16.1569,33.5869,2026-06-18,06:11,17:21,11:10,June,2026
Mozambique,Zambézia,,Quelimane,-17.8764,36.8872,2026-06-18,06:01,17:04,11:03,June,2026
Mozambique,Nampula,,Nampula,-15.1167,39.2667,2026-06-18,05:46,17:00,11:14,June,2026
Mozambique,Niassa,,Lichinga,-13.3128,35.2406,2026-06-18,05:59,17:19,11:20,June,2026
Mozambique,Cabo Delgado,,Pemba,-12.9667,40.5167,2026-06-18,05:37,16:59,11:22,June,2026
Mozambique,Maputo,,Maputo,-25.9653,32.5892,2026-06-19,06:35,17:05,10:30,June,2026
Mozambique,Gaza,,Xai-Xai,-25.05,33.65,2026-06-19,06:28,17:03,10:35,June,2026
Mozambique,Inhambane,,Inhambane,-23.865,35.3833,2026-06-19,06:19,16:59,10:40,June,2026
Mozambique,Sofala,,Beira,-19.8333,34.85,2026-06-19,06:13,17:09,10:56,June,2026
Mozambique,Manica,,Chimoio,-19.1167,33.4833,2026-06-19,06:17,17:16,10:59,June,2026
Mozambique,Tete,,Tete,-16.1569,33.5869,2026-06-19,06:11,17:21,11:10,June,2026
Mozambique,Zambézia,,Quelimane,-17.8764,36.8872,2026-06-19,06:01,17:05,11:04,June,2026
Mozambique,Nampula,,Nampula,-15.1167,39.2667,2026-06-19,05:46,17:00,11:14,June,2026
Mozambique,Niassa,,Lichinga,-13.3128,35.2406,2026-06-19,05:59,17:20,11:21,June,2026
Mozambique,Cabo Delgado,,Pemba,-12.9667,40.5167,2026-06-19,05:37,16:59,11:22,June,2026
Mozambique,Maputo,,Maputo,-25.9653,32.5892,2026-06-20,06:35,17:06,10:31,June,2026
Mozambique,Gaza,,Xai-Xai,-25.05,33.65,2026-06-20,06:29,17:03,10:34,June,2026
Mozambique,Inhambane,,Inhambane,-23.865,35.3833,2026-06-20,06:19,16:59,10:40,June,2026
Mozambique,Sofala,,Beira,-19.8333,34.85,2026-06-20,06:13,17:09,10:56,June,2026
Mozambique,Manica,,Chimoio,-19.1167,33.4833,2026-06-20,06:17,17:16,10:59,June,2026
Mozambique,Tete,,Tete,-16.1569,33.5869,2026-06-20,06:11,17:21,11:10,June,2026
Mozambique,Zambézia,,Quelimane,-17.8764,36.8872,2026-06-20,06:01,17:05,11:04,June,2026
Mozambique,Nampula,,Nampula,-15.1167,39.2667,2026-06-20,05:47,17:00,11:13,June,2026
Mozambique,Niassa,,Lichinga,-13.3128,35.2406,2026-06-20,05:59,17:20,11:21,June,2026
Mozambique,Cabo Delgado,,Pemba,-12.9667,40.5167,2026-06-20,05:38,16:59,11:21,June,2026
Mozambique,Maputo,,Maputo,-25.9653,32.5892,2026-06-21,06:35,17:06,10:31,June,2026
Mozambique,Gaza,,Xai-Xai,-25.05,33.65,2026-06-21,06:29,17:04,10:35,June,2026
Mozambique,Inhambane,,Inhambane,-23.865,35.3833,2026-06-21,06:20,16:59,10:39,June,2026
Mozambique,Sofala,,Beira,-19.8333,34.85,2026-06-21,06:14,17:09,10:55,June,2026
Mozambique,Manica,,Chimoio,-19.1167,33.4833,2026-06-21,06:18,17:16,10:58,June,2026
Mozambique,Tete,,Tete,-16.1569,33.5869,2026-06-21,06:12,17:21,11:09,June,2026
Mozambique,Zambézia,,Quelimane,-17.8764,36.8872,2026-06-21,06:02,17:05,11:03,June,2026
Mozambique,Nampula,,Nampula,-15.1167,39.2667,2026-06-21,05:47,17:01,11:14,June,2026
Mozambique,Niassa,,Lichinga,-13.3128,35.2406,2026-06-21,06:00,17:20,11:20,June,2026
Mozambique,Cabo Delgado,,Pemba,-12.9667,40.5167,2026-06-21,05:38,17:00,11:22,June,2026
Mozambique,Maputo,,Maputo,-25.9653,32.5892,2026-06-22,06:35,17:06,10:31,June,2026
Mozambique,Gaza,,Xai-Xai,-25.05,33.65,2026-06-22,06:29,17:04,10:35,June,2026
Mozambique,Inhambane,,Inhambane,-23.865,35.3833,2026-06-22,06:20,16:59,10:39,June,2026
Mozambique,Sofala,,Beira,-19.8333,34.85,2026-06-22,06:14,17:10,10:56,June,2026
Mozambique,Manica,,Chimoio,-19.1167,33.4833,2026-06-22,06:18,17:16,10:58,June,2026
Mozambique,Tete,,Tete,-16.1569,33.5869,2026-06-22,06:12,17:22,11:10,June,2026
Mozambique,Zambézia,,Quelimane,-17.8764,36.8872,2026-06-22,06:02,17:05,11:03,June,2026
Mozambique,Nampula,,Nampula,-15.1167,39.2667,2026-06-22,05:47,17:01,11:14,June,2026
Mozambique,Niassa,,Lichinga,-13.3128,35.2406,2026-06-22,06:00,17:20,11:20,June,2026
Mozambique,Cabo Delgado,,Pemba,-12.9667,40.5167,2026-06-22,05:38,17:00,11:22,June,2026
Mozambique,Maputo,,Maputo,-25.9653,32.5892,2026-06-23,06:36,17:06,10:30,June,2026
Mozambique,Gaza,,Xai-Xai,-25.05,33.65,2026-06-23,06:29,17:04,10:35,June,2026
Mozambique,Inhambane,,Inhambane,-23.865,35.3833,2026-06-23,06:20,17:00,10:40,June,2026
Mozambique,Sofala,,Beira,-19.8333,34.85,2026-06-23,06:14,17:10,10:56,June,2026
Mozambique,Manica,,Chimoio,-19.1167,33.4833,2026-06-23,06:18,17:17,10:59,June,2026
Mozambique,Tete,,Tete,-16.1569,33.5869,2026-06-23,06:12,17:22,11:10,June,2026
Mozambique,Zambézia,,Quelimane,-17.8764,36.8872,2026-06-23,06:02,17:05,11:03,June,2026
Mozambique,Nampula,,Nampula,-15.1167,39.2667,2026-06-23,05:47,17:01,11:14,June,2026
Mozambique,Niassa,,Lichinga,-13.3128,35.2406,2026-06-23,06:00,17:20,11:20,June,2026
Mozambique,Cabo Delgado,,Pemba,-12.9667,40.5167,2026-06-23,05:38,17:00,11:22,June,2026
Mozambique,Maputo,,Maputo,-25.9653,32.5892,2026-06-24,06:36,17:06,10:30,June,2026
Mozambique,Gaza,,Xai-Xai,-25.05,33.65,2026-06-24,06:30,17:04,10:34,June,2026
Mozambique,Inhambane,,Inhambane,-23.865,35.3833,2026-06-24,06:20,17:00,10:40,June,2026
Mozambique,Sofala,,Beira,-19.8333,34.85,2026-06-24,06:14,17:10,10:56,June,2026
Mozambique,Manica,,Chimoio,-19.1167,33.4833,2026-06-24,06:18,17:17,10:59,June,2026
Mozambique,Tete,,Tete,-16.1569,33.5869,2026-06-24,06:12,17:22,11:10,June,2026
Mozambique,Zambézia,,Quelimane,-17.8764,36.8872,2026-06-24,06:02,17:06,11:04,June,2026
Mozambique,Nampula,,Nampula,-15.1167,39.2667,2026-06-24,05:48,17:01,11:13,June,2026
Mozambique,Niassa,,Lichinga,-13.3128,35.2406,2026-06-24,06:00,17:21,11:21,June,2026
Mozambique,Cabo Delgado,,Pemba,-12.9667,40.5167,2026-06-24,05:39,17:00,11:21,June,2026
Mozambique,Maputo,,Maputo,-25.9653,32.5892,2026-06-25,06:36,17:07,10:31,June,2026
Mozambique,Gaza,,Xai-Xai,-25.05,33.65,2026-06-25,06:30,17:04,10:34,June,2026
Mozambique,Inhambane,,Inhambane,-23.865,35.3833,2026-06-25,06:20,17:00,10:40,June,2026
Mozambique,Sofala,,Beira,-19.8333,34.85,2026-06-25,06:14,17:10,10:56,June,2026
Mozambique,Manica,,Chimoio,-19.1167,33.4833,2026-06-25,06:18,17:17,10:59,June,2026
Mozambique,Tete,,Tete,-16.1569,33.5869,2026-06-25,06:12,17:22,11:10,June,2026
Mozambique,Zambézia,,Quelimane,-17.8764,36.8872,2026-06-25,06:02,17:06,11:04,June,2026
Mozambique,Nampula,,Nampula,-15.1167,39.2667,2026-06-25,05:48,17:02,11:14,June,2026
Mozambique,Niassa,,Lichinga,-13.3128,35.2406,2026-06-25,06:01,17:21,11:20,June,2026
Mozambique,Cabo Delgado,,Pemba,-12.9667,40.5167,2026-06-25,05:39,17:00,11:21,June,2026
Mozambique,Maputo,,Maputo,-25.9653,32.5892,2026-06-26,06:36,17:07,10:31,June,2026
Mozambique,Gaza,,Xai-Xai,-25.05,33.65,2026-06-26,06:30,17:05,10:35,June,2026
Mozambique,Inhambane,,Inhambane,-23.865,35.3833,2026-06-26,06:20,17:00,10:40,June,2026
Mozambique,Sofala,,Beira,-19.8333,34.85,2026-06-26,06:15,17:11,10:56,June,2026
Mozambique,Manica,,Chimoio,-19.1167,33.4833,2026-06-26,06:19,17:17,10:58,June,2026
Mozambique,Tete,,Tete,-16.1569,33.5869,2026-06-26,06:13,17:23,11:10,June,2026
Mozambique,Zambézia,,Quelimane,-17.8764,36.8872,2026-06-26,06:03,17:06,11:03,June,2026
Mozambique,Nampula,,Nampula,-15.1167,39.2667,2026-06-26,05:48,17:02,11:14,June,2026
Mozambique,Niassa,,Lichinga,-13.3128,35.2406,2026-06-26,06:01,17:21,11:20,June,2026
Mozambique,Cabo Delgado,,Pemba,-12.9667,40.5167,2026-06-26,05:39,17:01,11:22,June,2026
Mozambique,Maputo,,Maputo,-25.9653,32.5892,2026-06-27,06:36,17:07,10:31,June,2026
Mozambique,Gaza,,Xai-Xai,-25.05,33.65,2026-06-27,06:30,17:05,10:35,June,2026
Mozambique,Inhambane,,Inhambane,-23.865,35.3833,2026-06-27,06:21,17:01,10:40,June,2026
Mozambique,Sofala,,Beira,-19.8333,34.85,2026-06-27,06:15,17:11,10:56,June,2026
Mozambique,Manica,,Chimoio,-19.1167,33.4833,2026-06-27,06:19,17:18,10:59,June,2026
Mozambique,Tete,,Tete,-16.1569,33.5869,2026-06-27,06:13,17:23,11:10,June,2026
Mozambique,Zambézia,,Quelimane,-17.8764,36.8872,2026-06-27,06:03,17:06,11:03,June,2026
Mozambique,Nampula,,Nampula,-15.1167,39.2667,2026-06-27,05:48,17:02,11:14,June,2026
Mozambique,Niassa,,Lichinga,-13.3128,35.2406,2026-06-27,06:01,17:21,11:20,June,2026
Mozambique,Cabo Delgado,,Pemba,-12.9667,40.5167,2026-06-27,05:39,17:01,11:22,June,2026
Mozambique,Maputo,,Maputo,-25.9653,32.5892,2026-06-28,06:36,17:08,10:32,June,2026
Mozambique,Gaza,,Xai-Xai,-25.05,33.65,2026-06-28,06:30,17:05,10:35,June,2026
Mozambique,Inhambane,,Inhambane,-23.865,35.3833,2026-06-28,06:21,17:01,10:40,June,2026
Mozambique,Sofala,,Beira,-19.8333,34.85,2026-06-28,06:15,17:11,10:56,June,2026
Mozambique,Manica,,Chimoio,-19.1167,33.4833,2026-06-28,06:19,17:18,10:59,June,2026
Mozambique,Tete,,Tete,-16.1569,33.5869,2026-06-28,06:13,17:23,11:10,June,2026
Mozambique,Zambézia,,Quelimane,-17.8764,36.8872,2026-06-28,06:03,17:07,11:04,June,2026
Mozambique,Nampula,,Nampula,-15.1167,39.2667,2026-06-28,05:48,17:02,11:14,June,2026
Mozambique,Niassa,,Lichinga,-13.3128,35.2406,2026-06-28,06:01,17:22,11:21,June,2026
Mozambique,Cabo Delgado,,Pemba,-12.9667,40.5167,2026-06-28,05:39,17:01,11:22,June,2026
Mozambique,Maputo,,Maputo,-25.9653,32.5892,2026-06-29,06:36,17:08,10:32,June,2026
Mozambique,Gaza,,Xai-Xai,-25.05,33.65,2026-06-29,06:30,17:06,10:36,June,2026
Mozambique,Inhambane,,Inhambane,-23.865,35.3833,2026-06-29,06:21,17:01,10:40,June,2026
Mozambique,Sofala,,Beira,-19.8333,34.85,2026-06-29,06:15,17:11,10:56,June,2026
Mozambique,Manica,,Chimoio,-19.1167,33.4833,2026-06-29,06:19,17:18,10:59,June,2026
Mozambique,Tete,,Tete,-16.1569,33.5869,2026-06-29,06:13,17:23,11:10,June,2026
Mozambique,Zambézia,,Quelimane,-17.8764,36.8872,2026-06-29,06:03,17:07,11:04,June,2026
Mozambique,Nampula,,Nampula,-15.1167,39.2667,2026-06-29,05:48,17:03,11:15,June,2026
Mozambique,Niassa,,Lichinga,-13.3128,35.2406,2026-06-29,06:01,17:22,11:21,June,2026
Mozambique,Cabo Delgado,,Pemba,-12.9667,40.5167,2026-06-29,05:39,17:01,11:22,June,2026
Mozambique,Maputo,,Maputo,-25.9653,32.5892,2026-06-30,06:37,17:08,10:31,June,2026
Mozambique,Gaza,,Xai-Xai,-25.05,33.65,2026-06-30,06:30,17:06,10:36,June,2026
Mozambique,Inhambane,,Inhambane,-23.865,35.3833,2026-06-30,06:21,17:01,10:40,June,2026
Mozambique,Sofala,,Beira,-19.8333,34.85,2026-06-30,06:15,17:12,10:57,June,2026
Mozambique,Manica,,Chimoio,-19.1167,33.4833,2026-06-30,06:19,17:18,10:59,June,2026
Mozambique,Tete,,Tete,-16.1569,33.5869,2026-06-30,06:13,17:24,11:11,June,2026
Mozambique,Zambézia,,Quelimane,-17.8764,36.8872,2026-06-30,06:03,17:07,11:04,June,2026
Mozambique,Nampula,,Nampula,-15.1167,39.2667,2026-06-30,05:49,17:03,11:14,June,2026
Mozambique,Niassa,,Lichinga,-13.3128,35.2406,2026-06-30,06:01,17:22,11:21,June,2026
Mozambique,Cabo Delgado,,Pemba,-12.9667,40.5167,2026-06-30,05:40,17:02,11:22,June,2026
Mozambique,Maputo,,Maputo,-25.9653,32.5892,2026-07-01,06:37,17:09,10:32,July,2026
Mozambique,Gaza,,Xai-Xai,-25.05,33.65,2026-07-01,06:30,17:06,10:36,July,2026
Mozambique,Inhambane,,Inhambane,-23.865,35.3833,2026-07-01,06:21,17:02,10:41,July,2026
Mozambique,Sofala,,Beira,-19.8333,34.85,2026-07-01,06:15,17:12,10:57,July,2026
Mozambique,Manica,,Chimoio,-19.1167,33.4833,2026-07-01,06:19,17:19,11:00,July,2026
Mozambique,Tete,,Tete,-16.1569,33.5869,2026-07-01,06:13,17:24,11:11,July,2026
Mozambique,Zambézia,,Quelimane,-17.8764,36.8872,2026-07-01,06:03,17:08,11:05,July,2026
Mozambique,Nampula,,Nampula,-15.1167,39.2667,2026-07-01,05:49,17:03,11:14,July,2026
Mozambique,Niassa,,Lichinga,-13.3128,35.2406,2026-07-01,06:02,17:22,11:20,July,2026
Mozambique,Cabo Delgado,,Pemba,-12.9667,40.5167,2026-07-01,05:40,17:02,11:22,July,2026
Mozambique,Maputo,,Maputo,-25.9653,32.5892,2026-07-02,06:37,17:09,10:32,July,2026
Mozambique,Gaza,,Xai-Xai,-25.05,33.65,2026-07-02,06:31,17:07,10:36,July,2026
Mozambique,Inhambane,,Inhambane,-23.865,35.3833,2026-07-02,06:21,17:02,10:41,July,2026
Mozambique,Sofala,,Beira,-19.8333,34.85,2026-07-02,06:15,17:12,10:57,July,2026
Mozambique,Manica,,Chimoio,-19.1167,33.4833,2026-07-02,06:19,17:19,11:00,July,2026
Mozambique,Tete,,Tete,-16.1569,33.5869,2026-07-02,06:13,17:24,11:11,July,2026
Mozambique,Zambézia,,Quelimane,-17.8764,36.8872,2026-07-02,06:03,17:08,11:05,July,2026
Mozambique,Nampula,,Nampula,-15.1167,39.2667,2026-07-02,05:49,17:03,11:14,July,2026
Mozambique,Niassa,,Lichinga,-13.3128,35.2406,2026-07-02,06:02,17:23,11:21,July,2026
Mozambique,Cabo Delgado,,Pemba,-12.9667,40.5167,2026-07-02,05:40,17:02,11:22,July,2026
Mozambique,Maputo,,Maputo,-25.9653,32.5892,2026-07-03,06:37,17:09,10:32,July,2026
Mozambique,Gaza,,Xai-Xai,-25.05,33.65,2026-07-03,06:31,17:07,10:36,July,2026
Mozambique,Inhambane,,Inhambane,-23.865,35.3833,2026-07-03,06:21,17:02,10:41,July,2026
Mozambique,Sofala,,Beira,-19.8333,34.85,2026-07-03,06:15,17:13,10:58,July,2026
Mozambique,Manica,,Chimoio,-19.1167,33.4833,2026-07-03,06:19,17:19,11:00,July,2026
Mozambique,Tete,,Tete,-16.1569,33.5869,2026-07-03,06:14,17:24,11:10,July,2026
Mozambique,Zambézia,,Quelimane,-17.8764,36.8872,2026-07-03,06:04,17:08,11:04,July,2026
Mozambique,Nampula,,Nampula,-15.1167,39.2667,2026-07-03,05:49,17:04,11:15,July,2026
Mozambique,Niassa,,Lichinga,-13.3128,35.2406,2026-07-03,06:02,17:23,11:21,July,2026
Mozambique,Cabo Delgado,,Pemba,-12.9667,40.5167,2026-07-03,05:40,17:03,11:23,July,2026
Mozambique,Maputo,,Maputo,-25.9653,32.5892,2026-07-04,06:37,17:10,10:33,July,2026
Mozambique,Gaza,,Xai-Xai,-25.05,33.65,2026-07-04,06:31,17:07,10:36,July,2026
Mozambique,Inhambane,,Inhambane,-23.865,35.3833,2026-07-04,06:21,17:03,10:42,July,2026
Mozambique,Sofala,,Beira,-19.8333,34.85,2026-07-04,06:15,17:13,10:58,July,2026
Mozambique,Manica,,Chimoio,-19.1167,33.4833,2026-07-04,06:20,17:20,11:00,July,2026
Mozambique,Tete,,Tete,-16.1569,33.5869,2026-07-04,06:14,17:25,11:11,July,2026
Mozambique,Zambézia,,Quelimane,-17.8764,36.8872,2026-07-04,06:04,17:08,11:04,July,2026
Mozambique,Nampula,,Nampula,-15.1167,39.2667,2026-07-04,05:49,17:04,11:15,July,2026
Mozambique,Niassa,,Lichinga,-13.3128,35.2406,2026-07-04,06:02,17:23,11:21,July,2026
Mozambique,Cabo Delgado,,Pemba,-12.9667,40.5167,2026-07-04,05:40,17:03,11:23,July,2026
Mozambique,Maputo,,Maputo,-25.9653,32.5892,2026-07-05,06:37,17:10,10:33,July,2026
Mozambique,Gaza,,Xai-Xai,-25.05,33.65,2026-07-05,06:31,17:08,10:37,July,2026
Mozambique,Inhambane,,Inhambane,-23.865,35.3833,2026-07-05,06:21,17:03,10:42,July,2026
Mozambique,Sofala,,Beira,-19.8333,34.85,2026-07-05,06:15,17:13,10:58,July,2026
Mozambique,Manica,,Chimoio,-19.1167,33.4833,2026-07-05,06:20,17:20,11:00,July,2026
Mozambique,Tete,,Tete,-16.1569,33.5869,2026-07-05,06:14,17:25,11:11,July,2026
Mozambique,Zambézia,,Quelimane,-17.8764,36.8872,2026-07-05,06:04,17:09,11:05,July,2026
Mozambique,Nampula,,Nampula,-15.1167,39.2667,2026-07-05,05:49,17:04,11:15,July,2026
Mozambique,Niassa,,Lichinga,-13.3128,35.2406,2026-07-05,06:02,17:24,11:22,July,2026
Mozambique,Cabo Delgado,,Pemba,-12.9667,40.5167,2026-07-05,05:40,17:03,11:23,July,2026
Mozambique,Maputo,,Maputo,-25.9653,32.5892,2026-07-06,06:37,17:10,10:33,July,2026
Mozambique,Gaza,,Xai-Xai,-25.05,33.65,2026-07-06,06:31,17:08,10:37,July,2026
Mozambique,Inhambane,,Inhambane,-23.865,35.3833,2026-07-06,06:21,17:04,10:43,July,2026
Mozambique,Sofala,,Beira,-19.8333,34.85,2026-07-06,06:15,17:14,10:59,July,2026
Mozambique,Manica,,Chimoio,-19.1167,33.4833,2026-07-06,06:20,17:20,11:00,July,2026
Mozambique,Tete,,Tete,-16.1569,33.5869,2026-07-06,06:14,17:25,11:11,July,2026
Mozambique,Zambézia,,Quelimane,-17.8764,36.8872,2026-07-06,06:04,17:09,11:05,July,2026
Mozambique,Nampula,,Nampula,-15.1167,39.2667,2026-07-06,05:49,17:05,11:16,July,2026
Mozambique,Niassa,,Lichinga,-13.3128,35.2406,2026-07-06,06:02,17:24,11:22,July,2026
Mozambique,Cabo Delgado,,Pemba,-12.9667,40.5167,2026-07-06,05:40,17:03,11:23,July,2026
Mozambique,Maputo,,Maputo,-25.9653,32.5892,2026-07-07,06:37,17:11,10:34,July,2026
Mozambique,Gaza,,Xai-Xai,-25.05,33.65,2026-07-07,06:31,17:08,10:37,July,2026
Mozambique,Inhambane,,Inhambane,-23.865,35.3833,2026-07-07,06:21,17:04,10:43,July,2026
Mozambique,Sofala,,Beira,-19.8333,34.85,2026-07-07,06:16,17:14,10:58,July,2026
Mozambique,Manica,,Chimoio,-19.1167,33.4833,2026-07-07,06:20,17:21,11:01,July,2026
Mozambique,Tete,,Tete,-16.1569,33.5869,2026-07-07,06:14,17:26,11:12,July,2026
Mozambique,Zambézia,,Quelimane,-17.8764,36.8872,2026-07-07,06:04,17:09,11:05,July,2026
Mozambique,Nampula,,Nampula,-15.1167,39.2667,2026-07-07,05:49,17:05,11:16,July,2026
Mozambique,Niassa,,Lichinga,-13.3128,35.2406,2026-07-07,06:02,17:24,11:22,July,2026
Mozambique,Cabo Delgado,,Pemba,-12.9667,40.5167,2026-07-07,05:40,17:04,11:24,July,2026
Mozambique,Maputo,,Maputo,-25.9653,32.5892,2026-07-08,06:37,17:11,10:34,July,2026
Mozambique,Gaza,,Xai-Xai,-25.05,33.65,2026-07-08,06:30,17:09,10:39,July,2026
Mozambique,Inhambane,,Inhambane,-23.865,35.3833,2026-07-08,06:21,17:04,10:43,July,2026
Mozambique,Sofala,,Beira,-19.8333,34.85,2026-07-08,06:15,17:14,10:59,July,2026
Mozambique,Manica,,Chimoio,-19.1167,33.4833,2026-07-08,06:20,17:21,11:01,July,2026
Mozambique,Tete,,Tete,-16.1569,33.5869,2026-07-08,06:14,17:26,11:12,July,2026
Mozambique,Zambézia,,Quelimane,-17.8764,36.8872,2026-07-08,06:04,17:10,11:06,July,2026
Mozambique,Nampula,,Nampula,-15.1167,39.2667,2026-07-08,05:49,17:05,11:16,July,2026
Mozambique,Niassa,,Lichinga,-13.3128,35.2406,2026-07-08,06:02,17:24,11:22,July,2026
Mozambique,Cabo Delgado,,Pemba,-12.9667,40.5167,2026-07-08,05:40,17:04,11:24,July,2026
Mozambique,Maputo,,Maputo,-25.9653,32.5892,2026-07-09,06:36,17:12,10:36,July,2026
Mozambique,Gaza,,Xai-Xai,-25.05,33.65,2026-07-09,06:30,17:09,10:39,July,2026
Mozambique,Inhambane,,Inhambane,-23.865,35.3833,2026-07-09,06:21,17:05,10:44,July,2026
Mozambique,Sofala,,Beira,-19.8333,34.85,2026-07-09,06:15,17:15,11:00,July,2026
Mozambique,Manica,,Chimoio,-19.1167,33.4833,2026-07-09,06:20,17:21,11:01,July,2026
Mozambique,Tete,,Tete,-16.1569,33.5869,2026-07-09,06:14,17:26,11:12,July,2026
Mozambique,Zambézia,,Quelimane,-17.8764,36.8872,2026-07-09,06:04,17:10,11:06,July,2026
Mozambique,Nampula,,Nampula,-15.1167,39.2667,2026-07-09,05:49,17:05,11:16,July,2026
Mozambique,Niassa,,Lichinga,-13.3128,35.2406,2026-07-09,06:02,17:25,11:23,July,2026
Mozambique,Cabo Delgado,,Pemba,-12.9667,40.5167,2026-07-09,05:41,17:04,11:23,July,2026
Mozambique,Maputo,,Maputo,-25.9653,32.5892,2026-07-10,06:36,17:12,10:36,July,2026
Mozambique,Gaza,,Xai-Xai,-25.05,33.65,2026-07-10,06:30,17:10,10:40,July,2026
Mozambique,Inhambane,,Inhambane,-23.865,35.3833,2026-07-10,06:21,17:05,10:44,July,2026
Mozambique,Sofala,,Beira,-19.8333,34.85,2026-07-10,06:15,17:15,11:00,July,2026
Mozambique,Manica,,Chimoio,-19.1167,33.4833,2026-07-10,06:20,17:22,11:02,July,2026
Mozambique,Tete,,Tete,-16.1569,33.5869,2026-07-10,06:14,17:27,11:13,July,2026
Mozambique,Zambézia,,Quelimane,-17.8764,36.8872,2026-07-10,06:04,17:10,11:06,July,2026
Mozambique,Nampula,,Nampula,-15.1167,39.2667,2026-07-10,05:49,17:06,11:17,July,2026
Mozambique,Niassa,,Lichinga,-13.3128,35.2406,2026-07-10,06:02,17:25,11:23,July,2026
Mozambique,Cabo Delgado,,Pemba,-12.9667,40.5167,2026-07-10,05:41,17:05,11:24,July,2026
Mozambique,Maputo,,Maputo,-25.9653,32.5892,2026-07-11,06:36,17:13,10:37,July,2026
Mozambique,Gaza,,Xai-Xai,-25.05,33.65,2026-07-11,06:30,17:10,10:40,July,2026
Mozambique,Inhambane,,Inhambane,-23.865,35.3833,2026-07-11,06:21,17:06,10:45,July,2026
Mozambique,Sofala,,Beira,-19.8333,34.85,2026-07-11,06:15,17:15,11:00,July,2026
Mozambique,Manica,,Chimoio,-19.1167,33.4833,2026-07-11,06:20,17:22,11:02,July,2026
Mozambique,Tete,,Tete,-16.1569,33.5869,2026-07-11,06:14,17:27,11:13,July,2026
Mozambique,Zambézia,,Quelimane,-17.8764,36.8872,2026-07-11,06:04,17:11,11:07,July,2026
Mozambique,Nampula,,Nampula,-15.1167,39.2667,2026-07-11,05:49,17:06,11:17,July,2026
Mozambique,Niassa,,Lichinga,-13.3128,35.2406,2026-07-11,06:02,17:25,11:23,July,2026
Mozambique,Cabo Delgado,,Pemba,-12.9667,40.5167,2026-07-11,05:41,17:05,11:24,July,2026
Mozambique,Maputo,,Maputo,-25.9653,32.5892,2026-07-12,06:36,17:13,10:37,July,2026
Mozambique,Gaza,,Xai-Xai,-25.05,33.65,2026-07-12,06:30,17:11,10:41,July,2026
Mozambique,Inhambane,,Inhambane,-23.865,35.3833,2026-07-12,06:21,17:06,10:45,July,2026
Mozambique,Sofala,,Beira,-19.8333,34.85,2026-07-12,06:15,17:16,11:01,July,2026
Mozambique,Manica,,Chimoio,-19.1167,33.4833,2026-07-12,06:19,17:22,11:03,July,2026
Mozambique,Tete,,Tete,-16.1569,33.5869,2026-07-12,06:14,17:27,11:13,July,2026
Mozambique,Zambézia,,Quelimane,-17.8764,36.8872,2026-07-12,06:04,17:11,11:07,July,2026
Mozambique,Nampula,,Nampula,-15.1167,39.2667,2026-07-12,05:49,17:06,11:17,July,2026
Mozambique,Niassa,,Lichinga,-13.3128,35.2406,2026-07-12,06:02,17:26,11:24,July,2026
Mozambique,Cabo Delgado,,Pemba,-12.9667,40.5167,2026-07-12,05:41,17:05,11:24,July,2026
Mozambique,Maputo,,Maputo,-25.9653,32.5892,2026-07-13,06:36,17:13,10:37,July,2026
Mozambique,Gaza,,Xai-Xai,-25.05,33.65,2026-07-13,06:30,17:11,10:41,July,2026
Mozambique,Inhambane,,Inhambane,-23.865,35.3833,2026-07-13,06:21,17:06,10:45,July,2026
Mozambique,Sofala,,Beira,-19.8333,34.85,2026-07-13,06:15,17:16,11:01,July,2026
Mozambique,Manica,,Chimoio,-19.1167,33.4833,2026-07-13,06:19,17:23,11:04,July,2026
Mozambique,Tete,,Tete,-16.1569,33.5869,2026-07-13,06:14,17:28,11:14,July,2026
Mozambique,Zambézia,,Quelimane,-17.8764,36.8872,2026-07-13,06:04,17:11,11:07,July,2026
Mozambique,Nampula,,Nampula,-15.1167,39.2667,2026-07-13,05:49,17:07,11:18,July,2026
Mozambique,Niassa,,Lichinga,-13.3128,35.2406,2026-07-13,06:02,17:26,11:24,July,2026
Mozambique,Cabo Delgado,,Pemba,-12.9667,40.5167,2026-07-13,05:41,17:05,11:24,July,2026
Mozambique,Maputo,,Maputo,-25.9653,32.5892,2026-07-14,06:36,17:14,10:38,July,2026
Mozambique,Gaza,,Xai-Xai,-25.05,33.65,2026-07-14,06:30,17:11,10:41,July,2026
Mozambique,Inhambane,,Inhambane,-23.865,35.3833,2026-07-14,06:20,17:07,10:47,July,2026
Mozambique,Sofala,,Beira,-19.8333,34.85,2026-07-14,06:15,17:16,11:01,July,2026
Mozambique,Manica,,Chimoio,-19.1167,33.4833,2026-07-14,06:19,17:23,11:04,July,2026
Mozambique,Tete,,Tete,-16.1569,33.5869,2026-07-14,06:14,17:28,11:14,July,2026
Mozambique,Zambézia,,Quelimane,-17.8764,36.8872,2026-07-14,06:03,17:12,11:09,July,2026
Mozambique,Nampula,,Nampula,-15.1167,39.2667,2026-07-14,05:49,17:07,11:18,July,2026
Mozambique,Niassa,,Lichinga,-13.3128,35.2406,2026-07-14,06:02,17:26,11:24,July,2026
Mozambique,Cabo Delgado,,Pemba,-12.9667,40.5167,2026-07-14,05:41,17:06,11:25,July,2026
Mozambique,Maputo,,Maputo,-25.9653,32.5892,2026-07-15,06:35,17:14,10:39,July,2026
Mozambique,Gaza,,Xai-Xai,-25.05,33.65,2026-07-15,06:29,17:12,10:43,July,2026
Mozambique,Inhambane,,Inhambane,-23.865,35.3833,2026-07-15,06:20,17:07,10:47,July,2026
Mozambique,Sofala,,Beira,-19.8333,34.85,2026-07-15,06:15,17:17,11:02,July,2026
Mozambique,Manica,,Chimoio,-19.1167,33.4833,2026-07-15,06:19,17:24,11:05,July,2026
Mozambique,Tete,,Tete,-16.1569,33.5869,2026-07-15,06:14,17:28,11:14,July,2026
Mozambique,Zambézia,,Quelimane,-17.8764,36.8872,2026-07-15,06:03,17:12,11:09,July,2026
Mozambique,Nampula,,Nampula,-15.1167,39.2667,2026-07-15,05:49,17:07,11:18,July,2026
Mozambique,Niassa,,Lichinga,-13.3128,35.2406,2026-07-15,06:02,17:26,11:24,July,2026
Mozambique,Cabo Delgado,,Pemba,-12.9667,40.5167,2026-07-15,05:41,17:06,11:25,July,2026
Mozambique,Maputo,,Maputo,-25.9653,32.5892,2026-07-16,06:35,17:15,10:40,July,2026
Mozambique,Gaza,,Xai-Xai,-25.05,33.65,2026-07-16,06:29,17:12,10:43,July,2026
Mozambique,Inhambane,,Inhambane,-23.865,35.3833,2026-07-16,06:20,17:08,10:48,July,2026
Mozambique,Sofala,,Beira,-19.8333,34.85,2026-07-16,06:15,17:17,11:02,July,2026
Mozambique,Manica,,Chimoio,-19.1167,33.4833,2026-07-16,06:19,17:24,11:05,July,2026
Mozambique,Tete,,Tete,-16.1569,33.5869,2026-07-16,06:14,17:29,11:15,July,2026
Mozambique,Zambézia,,Quelimane,-17.8764,36.8872,2026-07-16,06:03,17:12,11:09,July,2026
Mozambique,Nampula,,Nampula,-15.1167,39.2667,2026-07-16,05:49,17:08,11:19,July,2026
Mozambique,Niassa,,Lichinga,-13.3128,35.2406,2026-07-16,06:02,17:27,11:25,July,2026
Mozambique,Cabo Delgado,,Pemba,-12.9667,40.5167,2026-07-16,05:40,17:06,11:26,July,2026
Mozambique,Maputo,,Maputo,-25.9653,32.5892,2026-07-17,06:35,17:15,10:40,July,2026
Mozambique,Gaza,,Xai-Xai,-25.05,33.65,2026-07-17,06:29,17:13,10:44,July,2026
Mozambique,Inhambane,,Inhambane,-23.865,35.3833,2026-07-17,06:20,17:08,10:48,July,2026
Mozambique,Sofala,,Beira,-19.8333,34.85,2026-07-17,06:15,17:18,11:03,July,2026
Mozambique,Manica,,Chimoio,-19.1167,33.4833,2026-07-17,06:19,17:24,11:05,July,2026
Mozambique,Tete,,Tete,-16.1569,33.5869,2026-07-17,06:13,17:29,11:16,July,2026
Mozambique,Zambézia,,Quelimane,-17.8764,36.8872,2026-07-17,06:03,17:13,11:10,July,2026
Mozambique,Nampula,,Nampula,-15.1167,39.2667,2026-07-17,05:49,17:08,11:19,July,2026
Mozambique,Niassa,,Lichinga,-13.3128,35.2406,2026-07-17,06:02,17:27,11:25,July,2026
Mozambique,Cabo Delgado,,Pemba,-12.9667,40.5167,2026-07-17,05:40,17:06,11:26,July,2026
Mozambique,Maputo,,Maputo,-25.9653,32.5892,2026-07-18,06:35,17:16,10:41,July,2026
Mozambique,Gaza,,Xai-Xai,-25.05,33.65,2026-07-18,06:29,17:13,10:44,July,2026
Mozambique,Inhambane,,Inhambane,-23.865,35.3833,2026-07-18,06:20,17:09,10:49,July,2026
Mozambique,Sofala,,Beira,-19.8333,34.85,2026-07-18,06:15,17:18,11:03,July,2026
Mozambique,Manica,,Chimoio,-19.1167,33.4833,2026-07-18,06:19,17:25,11:06,July,2026
Mozambique,Tete,,Tete,-16.1569,33.5869,2026-07-18,06:13,17:29,11:16,July,2026
Mozambique,Zambézia,,Quelimane,-17.8764,36.8872,2026-07-18,06:03,17:13,11:10,July,2026
Mozambique,Nampula,,Nampula,-15.1167,39.2667,2026-07-18,05:49,17:08,11:19,July,2026
Mozambique,Niassa,,Lichinga,-13.3128,35.2406,2026-07-18,06:02,17:27,11:25,July,2026
Mozambique,Cabo Delgado,,Pemba,-12.9667,40.5167,2026-07-18,05:40,17:07,11:27,July,2026
Mozambique,Maputo,,Maputo,-25.9653,32.5892,2026-07-19,06:34,17:16,10:42,July,2026
Mozambique,Gaza,,Xai-Xai,-25.05,33.65,2026-07-19,06:28,17:14,10:46,July,2026
Mozambique,Inhambane,,Inhambane,-23.865,35.3833,2026-07-19,06:19,17:09,10:50,July,2026
Mozambique,Sofala,,Beira,-19.8333,34.85,2026-07-19,06:14,17:18,11:04,July,2026
Mozambique,Manica,,Chimoio,-19.1167,33.4833,2026-07-19,06:19,17:25,11:06,July,2026
Mozambique,Tete,,Tete,-16.1569,33.5869,2026-07-19,06:13,17:30,11:17,July,2026
Mozambique,Zambézia,,Quelimane,-17.8764,36.8872,2026-07-19,06:03,17:13,11:10,July,2026
Mozambique,Nampula,,Nampula,-15.1167,39.2667,2026-07-19,05:49,17:09,11:20,July,2026
Mozambique,Niassa,,Lichinga,-13.3128,35.2406,2026-07-19,06:02,17:28,11:26,July,2026
Mozambique,Cabo Delgado,,Pemba,-12.9667,40.5167,2026-07-19,05:40,17:07,11:27,July,2026
Mozambique,Maputo,,Maputo,-25.9653,32.5892,2026-07-20,06:34,17:17,10:43,July,2026
Mozambique,Gaza,,Xai-Xai,-25.05,33.65,2026-07-20,06:28,17:14,10:46,July,2026
Mozambique,Inhambane,,Inhambane,-23.865,35.3833,2026-07-20,06:19,17:09,10:50,July,2026
Mozambique,Sofala,,Beira,-19.8333,34.85,2026-07-20,06:14,17:19,11:05,July,2026
Mozambique,Manica,,Chimoio,-19.1167,33.4833,2026-07-20,06:18,17:25,11:07,July,2026
Mozambique,Tete,,Tete,-16.1569,33.5869,2026-07-20,06:13,17:30,11:17,July,2026
Mozambique,Zambézia,,Quelimane,-17.8764,36.8872,2026-07-20,06:03,17:14,11:11,July,2026
Mozambique,Nampula,,Nampula,-15.1167,39.2667,2026-07-20,05:49,17:09,11:20,July,2026
Mozambique,Niassa,,Lichinga,-13.3128,35.2406,2026-07-20,06:02,17:28,11:26,July,2026
Mozambique,Cabo Delgado,,Pemba,-12.9667,40.5167,2026-07-20,05:40,17:07,11:27,July,2026
Mozambique,Maputo,,Maputo,-25.9653,32.5892,2026-07-21,06:34,17:17,10:43,July,2026
Mozambique,Gaza,,Xai-Xai,-25.05,33.65,2026-07-21,06:28,17:15,10:47,July,2026
Mozambique,Inhambane,,Inhambane,-23.865,35.3833,2026-07-21,06:19,17:10,10:51,July,2026
Mozambique,Sofala,,Beira,-19.8333,34.85,2026-07-21,06:14,17:19,11:05,July,2026
Mozambique,Manica,,Chimoio,-19.1167,33.4833,2026-07-21,06:18,17:26,11:08,July,2026
Mozambique,Tete,,Tete,-16.1569,33.5869,2026-07-21,06:13,17:30,11:17,July,2026
Mozambique,Zambézia,,Quelimane,-17.8764,36.8872,2026-07-21,06:02,17:14,11:12,July,2026
Mozambique,Nampula,,Nampula,-15.1167,39.2667,2026-07-21,05:48,17:09,11:21,July,2026
Mozambique,Niassa,,Lichinga,-13.3128,35.2406,2026-07-21,06:02,17:28,11:26,July,2026
Mozambique,Cabo Delgado,,Pemba,-12.9667,40.5167,2026-07-21,05:40,17:08,11:28,July,2026
Mozambique,Maputo,,Maputo,-25.9653,32.5892,2026-07-22,06:33,17:18,10:45,July,2026
Mozambique,Gaza,,Xai-Xai,-25.05,33.65,2026-07-22,06:27,17:15,10:48,July,2026
Mozambique,Inhambane,,Inhambane,-23.865,35.3833,2026-07-22,06:18,17:10,10:52,July,2026
Mozambique,Sofala,,Beira,-19.8333,34.85,2026-07-22,06:14,17:19,11:05,July,2026
Mozambique,Manica,,Chimoio,-19.1167,33.4833,2026-07-22,06:18,17:26,11:08,July,2026
Mozambique,Tete,,Tete,-16.1569,33.5869,2026-07-22,06:13,17:30,11:17,July,2026
Mozambique,Zambézia,,Quelimane,-17.8764,36.8872,2026-07-22,06:02,17:14,11:12,July,2026
Mozambique,Nampula,,Nampula,-15.1167,39.2667,2026-07-22,05:48,17:09,11:21,July,2026
Mozambique,Niassa,,Lichinga,-13.3128,35.2406,2026-07-22,06:02,17:28,11:26,July,2026
Mozambique,Cabo Delgado,,Pemba,-12.9667,40.5167,2026-07-22,05:40,17:08,11:28,July,2026
Mozambique,Maputo,,Maputo,-25.9653,32.5892,2026-07-23,06:33,17:18,10:45,July,2026
Mozambique,Gaza,,Xai-Xai,-25.05,33.65,2026-07-23,06:27,17:16,10:49,July,2026
Mozambique,Inhambane,,Inhambane,-23.865,35.3833,2026-07-23,06:18,17:11,10:53,July,2026
Mozambique,Sofala,,Beira,-19.8333,34.85,2026-07-23,06:13,17:20,11:07,July,2026
Mozambique,Manica,,Chimoio,-19.1167,33.4833,2026-07-23,06:18,17:26,11:08,July,2026
Mozambique,Tete,,Tete,-16.1569,33.5869,2026-07-23,06:12,17:31,11:19,July,2026
Mozambique,Zambézia,,Quelimane,-17.8764,36.8872,2026-07-23,06:02,17:15,11:13,July,2026
Mozambique,Nampula,,Nampula,-15.1167,39.2667,2026-07-23,05:48,17:10,11:22,July,2026
Mozambique,Niassa,,Lichinga,-13.3128,35.2406,2026-07-23,06:01,17:29,11:28,July,2026
Mozambique,Cabo Delgado,,Pemba,-12.9667,40.5167,2026-07-23,05:40,17:08,11:28,July,2026
Mozambique,Maputo,,Maputo,-25.9653,32.5892,2026-07-24,06:33,17:19,10:46,July,2026
Mozambique,Gaza,,Xai-Xai,-25.05,33.65,2026-07-24,06:27,17:16,10:49,July,2026
Mozambique,Inhambane,,Inhambane,-23.865,35.3833,2026-07-24,06:18,17:11,10:53,July,2026
Mozambique,Sofala,,Beira,-19.8333,34.85,2026-07-24,06:13,17:20,11:07,July,2026
Mozambique,Manica,,Chimoio,-19.1167,33.4833,2026-07-24,06:17,17:27,11:10,July,2026
Mozambique,Tete,,Tete,-16.1569,33.5869,2026-07-24,06:12,17:31,11:19,July,2026
Mozambique,Zambézia,,Quelimane,-17.8764,36.8872,2026-07-24,06:02,17:15,11:13,July,2026
Mozambique,Nampula,,Nampula,-15.1167,39.2667,2026-07-24,05:48,17:10,11:22,July,2026
Mozambique,Niassa,,Lichinga,-13.3128,35.2406,2026-07-24,06:01,17:29,11:28,July,2026
Mozambique,Cabo Delgado,,Pemba,-12.9667,40.5167,2026-07-24,05:40,17:08,11:28,July,2026
Mozambique,Maputo,,Maputo,-25.9653,32.5892,2026-07-25,06:32,17:19,10:47,July,2026
Mozambique,Gaza,,Xai-Xai,-25.05,33.65,2026-07-25,06:26,17:17,10:51,July,2026
Mozambique,Inhambane,,Inhambane,-23.865,35.3833,2026-07-25,06:17,17:12,10:55,July,2026
Mozambique,Sofala,,Beira,-19.8333,34.85,2026-07-25,06:13,17:21,11:08,July,2026
Mozambique,Manica,,Chimoio,-19.1167,33.4833,2026-07-25,06:17,17:27,11:10,July,2026
Mozambique,Tete,,Tete,-16.1569,33.5869,2026-07-25,06:12,17:31,11:19,July,2026
Mozambique,Zambézia,,Quelimane,-17.8764,36.8872,2026-07-25,06:01,17:16,11:15,July,2026
Mozambique,Nampula,,Nampula,-15.1167,39.2667,2026-07-25,05:48,17:10,11:22,July,2026
Mozambique,Niassa,,Lichinga,-13.3128,35.2406,2026-07-25,06:01,17:29,11:28,July,2026
Mozambique,Cabo Delgado,,Pemba,-12.9667,40.5167,2026-07-25,05:39,17:09,11:30,July,2026
Mozambique,Maputo,,Maputo,-25.9653,32.5892,2026-07-26,06:32,17:20,10:48,July,2026
Mozambique,Gaza,,Xai-Xai,-25.05,33.65,2026-07-26,06:26,17:17,10:51,July,2026
Mozambique,Inhambane,,Inhambane,-23.865,35.3833,2026-07-26,06:17,17:12,10:55,July,2026
Mozambique,Sofala,,Beira,-19.8333,34.85,2026-07-26,06:12,17:21,11:09,July,2026
Mozambique,Manica,,Chimoio,-19.1167,33.4833,2026-07-26,06:17,17:28,11:11,July,2026
Mozambique,Tete,,Tete,-16.1569,33.5869,2026-07-26,06:12,17:32,11:20,July,2026
Mozambique,Zambézia,,Quelimane,-17.8764,36.8872,2026-07-26,06:01,17:16,11:15,July,2026
Mozambique,Nampula,,Nampula,-15.1167,39.2667,2026-07-26,05:47,17:11,11:24,July,2026
Mozambique,Niassa,,Lichinga,-13.3128,35.2406,2026-07-26,06:01,17:29,11:28,July,2026
Mozambique,Cabo Delgado,,Pemba,-12.9667,40.5167,2026-07-26,05:39,17:09,11:30,July,2026
Mozambique,Maputo,,Maputo,-25.9653,32.5892,2026-07-27,06:31,17:20,10:49,July,2026
Mozambique,Gaza,,Xai-Xai,-25.05,33.65,2026-07-27,06:25,17:18,10:53,July,2026
Mozambique,Inhambane,,Inhambane,-23.865,35.3833,2026-07-27,06:16,17:13,10:57,July,2026
Mozambique,Sofala,,Beira,-19.8333,34.85,2026-07-27,06:12,17:21,11:09,July,2026
Mozambique,Manica,,Chimoio,-19.1167,33.4833,2026-07-27,06:16,17:28,11:12,July,2026
Mozambique,Tete,,Tete,-16.1569,33.5869,2026-07-27,06:11,17:32,11:21,July,2026
Mozambique,Zambézia,,Quelimane,-17.8764,36.8872,2026-07-27,06:01,17:16,11:15,July,2026
Mozambique,Nampula,,Nampula,-15.1167,39.2667,2026-07-27,05:47,17:11,11:24,July,2026
Mozambique,Niassa,,Lichinga,-13.3128,35.2406,2026-07-27,06:01,17:30,11:29,July,2026
Mozambique,Cabo Delgado,,Pemba,-12.9667,40.5167,2026-07-27,05:39,17:09,11:30,July,2026
Mozambique,Maputo,,Maputo,-25.9653,32.5892,2026-07-28,06:31,17:21,10:50,July,2026
Mozambique,Gaza,,Xai-Xai,-25.05,33.65,2026-07-28,06:25,17:18,10:53,July,2026
Mozambique,Inhambane,,Inhambane,-23.865,35.3833,2026-07-28,06:16,17:13,10:57,July,2026
Mozambique,Sofala,,Beira,-19.8333,34.85,2026-07-28,06:12,17:22,11:10,July,2026
Mozambique,Manica,,Chimoio,-19.1167,33.4833,2026-07-28,06:16,17:28,11:12,July,2026
Mozambique,Tete,,Tete,-16.1569,33.5869,2026-07-28,06:11,17:32,11:21,July,2026
Mozambique,Zambézia,,Quelimane,-17.8764,36.8872,2026-07-28,06:01,17:17,11:16,July,2026
Mozambique,Nampula,,Nampula,-15.1167,39.2667,2026-07-28,05:47,17:11,11:24,July,2026
Mozambique,Niassa,,Lichinga,-13.3128,35.2406,2026-07-28,06:00,17:30,11:30,July,2026
Mozambique,Cabo Delgado,,Pemba,-12.9667,40.5167,2026-07-28,05:39,17:09,11:30,July,2026
Mozambique,Maputo,,Maputo,-25.9653,32.5892,2026-07-29,06:30,17:21,10:51,July,2026
Mozambique,Gaza,,Xai-Xai,-25.05,33.65,2026-07-29,06:24,17:18,10:54,July,2026
Mozambique,Inhambane,,Inhambane,-23.865,35.3833,2026-07-29,06:16,17:14,10:58,July,2026
Mozambique,Sofala,,Beira,-19.8333,34.85,2026-07-29,06:11,17:22,11:11,July,2026
Mozambique,Manica,,Chimoio,-19.1167,33.4833,2026-07-29,06:16,17:29,11:13,July,2026
Mozambique,Tete,,Tete,-16.1569,33.5869,2026-07-29,06:11,17:33,11:22,July,2026
Mozambique,Zambézia,,Quelimane,-17.8764,36.8872,2026-07-29,06:00,17:17,11:17,July,2026
Mozambique,Nampula,,Nampula,-15.1167,39.2667,2026-07-29,05:47,17:11,11:24,July,2026
Mozambique,Niassa,,Lichinga,-13.3128,35.2406,2026-07-29,06:00,17:30,11:30,July,2026
Mozambique,Cabo Delgado,,Pemba,-12.9667,40.5167,2026-07-29,05:39,17:10,11:31,July,2026
Mozambique,Maputo,,Maputo,-25.9653,32.5892,2026-07-30,06:30,17:22,10:52,July,2026
Mozambique,Gaza,,Xai-Xai,-25.05,33.65,2026-07-30,06:24,17:19,10:55,July,2026
Mozambique,Inhambane,,Inhambane,-23.865,35.3833,2026-07-30,06:15,17:14,10:59,July,2026
Mozambique,Sofala,,Beira,-19.8333,34.85,2026-07-30,06:11,17:22,11:11,July,2026
Mozambique,Manica,,Chimoio,-19.1167,33.4833,2026-07-30,06:15,17:29,11:14,July,2026
Mozambique,Tete,,Tete,-16.1569,33.5869,2026-07-30,06:11,17:33,11:22,July,2026
Mozambique,Zambézia,,Quelimane,-17.8764,36.8872,2026-07-30,06:00,17:17,11:17,July,2026
Mozambique,Nampula,,Nampula,-15.1167,39.2667,2026-07-30,05:46,17:12,11:26,July,2026
Mozambique,Niassa,,Lichinga,-13.3128,35.2406,2026-07-30,06:00,17:30,11:30,July,2026
Mozambique,Cabo Delgado,,Pemba,-12.9667,40.5167,2026-07-30,05:38,17:10,11:32,July,2026
Mozambique,Maputo,,Maputo,-25.9653,32.5892,2026-07-31,06:29,17:22,10:53,July,2026
Mozambique,Gaza,,Xai-Xai,-25.05,33.65,2026-07-31,06:23,17:19,10:56,July,2026
Mozambique,Inhambane,,Inhambane,-23.865,35.3833,2026-07-31,06:15,17:14,10:59,July,2026
Mozambique,Sofala,,Beira,-19.8333,34.85,2026-07-31,06:11,17:23,11:12,July,2026
Mozambique,Manica,,Chimoio,-19.1167,33.4833,2026-07-31,06:15,17:29,11:14,July,2026
Mozambique,Tete,,Tete,-16.1569,33.5869,2026-07-31,06:10,17:33,11:23,July,2026
Mozambique,Zambézia,,Quelimane,-17.8764,36.8872,2026-07-31,06:00,17:17,11:17,July,2026
Mozambique,Nampula,,Nampula,-15.1167,39.2667,2026-07-31,05:46,17:12,11:26,July,2026
Mozambique,Niassa,,Lichinga,-13.3128,35.2406,2026-07-31,06:00,17:31,11:31,July,2026
Mozambique,Cabo Delgado,,Pemba,-12.9667,40.5167,2026-07-31,05:38,17:10,11:32,July,2026
Mozambique,Maputo,,Maputo,-25.9653,32.5892,2026-08-01,06:29,17:23,10:54,August,2026
Mozambique,Gaza,,Xai-Xai,-25.05,33.65,2026-08-01,06:23,17:20,10:57,August,2026
Mozambique,Inhambane,,Inhambane,-23.865,35.3833,2026-08-01,06:14,17:15,11:01,August,2026
Mozambique,Sofala,,Beira,-19.8333,34.85,2026-08-01,06:10,17:23,11:13,August,2026
Mozambique,Manica,,Chimoio,-19.1167,33.4833,2026-08-01,06:15,17:30,11:15,August,2026
Mozambique,Tete,,Tete,-16.1569,33.5869,2026-08-01,06:10,17:33,11:23,August,2026
Mozambique,Zambézia,,Quelimane,-17.8764,36.8872,2026-08-01,05:59,17:18,11:19,August,2026
Mozambique,Nampula,,Nampula,-15.1167,39.2667,2026-08-01,05:46,17:12,11:26,August,2026
Mozambique,Niassa,,Lichinga,-13.3128,35.2406,2026-08-01,05:59,17:31,11:32,August,2026
Mozambique,Cabo Delgado,,Pemba,-12.9667,40.5167,2026-08-01,05:38,17:10,11:32,August,2026
Mozambique,Maputo,,Maputo,-25.9653,32.5892,2026-08-02,06:28,17:23,10:55,August,2026
Mozambique,Gaza,,Xai-Xai,-25.05,33.65,2026-08-02,06:22,17:20,10:58,August,2026
Mozambique,Inhambane,,Inhambane,-23.865,35.3833,2026-08-02,06:14,17:15,11:01,August,2026
Mozambique,Sofala,,Beira,-19.8333,34.85,2026-08-02,06:10,17:23,11:13,August,2026
Mozambique,Manica,,Chimoio,-19.1167,33.4833,2026-08-02,06:14,17:30,11:16,August,2026
Mozambique,Tete,,Tete,-16.1569,33.5869,2026-08-02,06:10,17:34,11:24,August,2026
Mozambique,Zambézia,,Quelimane,-17.8764,36.8872,2026-08-02,05:59,17:18,11:19,August,2026
Mozambique,Nampula,,Nampula,-15.1167,39.2667,2026-08-02,05:45,17:12,11:27,August,2026
Mozambique,Niassa,,Lichinga,-13.3128,35.2406,2026-08-02,05:59,17:31,11:32,August,2026
Mozambique,Cabo Delgado,,Pemba,-12.9667,40.5167,2026-08-02,05:37,17:10,11:33,August,2026
Mozambique,Maputo,,Maputo,-25.9653,32.5892,2026-08-03,06:27,17:24,10:57,August,2026
Mozambique,Gaza,,Xai-Xai,-25.05,33.65,2026-08-03,06:22,17:21,10:59,August,2026
Mozambique,Inhambane,,Inhambane,-23.865,35.3833,2026-08-03,06:13,17:16,11:03,August,2026
Mozambique,Sofala,,Beira,-19.8333,34.85,2026-08-03,06:09,17:24,11:15,August,2026
Mozambique,Manica,,Chimoio,-19.1167,33.4833,2026-08-03,06:14,17:30,11:16,August,2026
Mozambique,Tete,,Tete,-16.1569,33.5869,2026-08-03,06:09,17:34,11:25,August,2026
Mozambique,Zambézia,,Quelimane,-17.8764,36.8872,2026-08-03,05:58,17:18,11:20,August,2026
Mozambique,Nampula,,Nampula,-15.1167,39.2667,2026-08-03,05:45,17:13,11:28,August,2026
Mozambique,Niassa,,Lichinga,-13.3128,35.2406,2026-08-03,05:59,17:31,11:32,August,2026
Mozambique,Cabo Delgado,,Pemba,-12.9667,40.5167,2026-08-03,05:37,17:11,11:34,August,2026
Mozambique,Maputo,,Maputo,-25.9653,32.5892,2026-08-04,06:27,17:24,10:57,August,2026
Mozambique,Gaza,,Xai-Xai,-25.05,33.65,2026-08-04,06:21,17:21,11:00,August,2026
Mozambique,Inhambane,,Inhambane,-23.865,35.3833,2026-08-04,06:12,17:16,11:04,August,2026
Mozambique,Sofala,,Beira,-19.8333,34.85,2026-08-04,06:09,17:24,11:15,August,2026
Mozambique,Manica,,Chimoio,-19.1167,33.4833,2026-08-04,06:13,17:31,11:18,August,2026
Mozambique,Tete,,Tete,-16.1569,33.5869,2026-08-04,06:09,17:34,11:25,August,2026
Mozambique,Zambézia,,Quelimane,-17.8764,36.8872,2026-08-04,05:58,17:19,11:21,August,2026
Mozambique,Nampula,,Nampula,-15.1167,39.2667,2026-08-04,05:45,17:13,11:28,August,2026
Mozambique,Niassa,,Lichinga,-13.3128,35.2406,2026-08-04,05:58,17:31,11:33,August,2026
Mozambique,Cabo Delgado,,Pemba,-12.9667,40.5167,2026-08-04,05:37,17:11,11:34,August,2026
Mozambique,Maputo,,Maputo,-25.9653,32.5892,2026-08-05,06:26,17:25,10:59,August,2026
Mozambique,Gaza,,Xai-Xai,-25.05,33.65,2026-08-05,06:21,17:22,11:01,August,2026
Mozambique,Inhambane,,Inhambane,-23.865,35.3833,2026-08-05,06:12,17:17,11:05,August,2026
Mozambique,Sofala,,Beira,-19.8333,34.85,2026-08-05,06:08,17:24,11:16,August,2026
Mozambique,Manica,,Chimoio,-19.1167,33.4833,2026-08-05,06:13,17:31,11:18,August,2026
Mozambique,Tete,,Tete,-16.1569,33.5869,2026-08-05,06:08,17:34,11:26,August,2026
Mozambique,Zambézia,,Quelimane,-17.8764,36.8872,2026-08-05,05:57,17:19,11:22,August,2026
Mozambique,Nampula,,Nampula,-15.1167,39.2667,2026-08-05,05:44,17:13,11:29,August,2026
Mozambique,Niassa,,Lichinga,-13.3128,35.2406,2026-08-05,05:58,17:32,11:34,August,2026
Mozambique,Cabo Delgado,,Pemba,-12.9667,40.5167,2026-08-05,05:36,17:11,11:35,August,2026
Mozambique,Maputo,,Maputo,-25.9653,32.5892,2026-08-06,06:25,17:25,11:00,August,2026
Mozambique,Gaza,,Xai-Xai,-25.05,33.65,2026-08-06,06:20,17:22,11:02,August,2026
Mozambique,Inhambane,,Inhambane,-23.865,35.3833,2026-08-06,06:11,17:17,11:06,August,2026
Mozambique,Sofala,,Beira,-19.8333,34.85,2026-08-06,06:08,17:25,11:17,August,2026
Mozambique,Manica,,Chimoio,-19.1167,33.4833,2026-08-06,06:12,17:31,11:19,August,2026
Mozambique,Tete,,Tete,-16.1569,33.5869,2026-08-06,06:08,17:35,11:27,August,2026
Mozambique,Zambézia,,Quelimane,-17.8764,36.8872,2026-08-06,05:57,17:19,11:22,August,2026
Mozambique,Nampula,,Nampula,-15.1167,39.2667,2026-08-06,05:44,17:13,11:29,August,2026
Mozambique,Niassa,,Lichinga,-13.3128,35.2406,2026-08-06,05:58,17:32,11:34,August,2026
Mozambique,Cabo Delgado,,Pemba,-12.9667,40.5167,2026-08-06,05:36,17:11,11:35,August,2026
Mozambique,Maputo,,Maputo,-25.9653,32.5892,2026-08-07,06:25,17:26,11:01,August,2026
Mozambique,Gaza,,Xai-Xai,-25.05,33.65,2026-08-07,06:19,17:23,11:04,August,2026
Mozambique,Inhambane,,Inhambane,-23.865,35.3833,2026-08-07,06:11,17:17,11:06,August,2026
Mozambique,Sofala,,Beira,-19.8333,34.85,2026-08-07,06:07,17:25,11:18,August,2026
Mozambique,Manica,,Chimoio,-19.1167,33.4833,2026-08-07,06:12,17:32,11:20,August,2026
Mozambique,Tete,,Tete,-16.1569,33.5869,2026-08-07,06:07,17:35,11:28,August,2026
Mozambique,Zambézia,,Quelimane,-17.8764,36.8872,2026-08-07,05:56,17:20,11:24,August,2026
Mozambique,Nampula,,Nampula,-15.1167,39.2667,2026-08-07,05:43,17:14,11:31,August,2026
Mozambique,Niassa,,Lichinga,-13.3128,35.2406,2026-08-07,05:57,17:32,11:35,August,2026
Mozambique,Cabo Delgado,,Pemba,-12.9667,40.5167,2026-08-07,05:36,17:11,11:35,August,2026
Mozambique,Maputo,,Maputo,-25.9653,32.5892,2026-08-08,06:24,17:26,11:02,August,2026
Mozambique,Gaza,,Xai-Xai,-25.05,33.65,2026-08-08,06:19,17:23,11:04,August,2026
Mozambique,Inhambane,,Inhambane,-23.865,35.3833,2026-08-08,06:10,17:18,11:08,August,2026
Mozambique,Sofala,,Beira,-19.8333,34.85,2026-08-08,06:07,17:25,11:18,August,2026
Mozambique,Manica,,Chimoio,-19.1167,33.4833,2026-08-08,06:11,17:32,11:21,August,2026
Mozambique,Tete,,Tete,-16.1569,33.5869,2026-08-08,06:07,17:35,11:28,August,2026
Mozambique,Zambézia,,Quelimane,-17.8764,36.8872,2026-08-08,05:56,17:20,11:24,August,2026
Mozambique,Nampula,,Nampula,-15.1167,39.2667,2026-08-08,05:43,17:14,11:31,August,2026
Mozambique,Niassa,,Lichinga,-13.3128,35.2406,2026-08-08,05:57,17:32,11:35,August,2026
Mozambique,Cabo Delgado,,Pemba,-12.9667,40.5167,2026-08-08,05:35,17:11,11:36,August,2026
Mozambique,Maputo,,Maputo,-25.9653,32.5892,2026-08-09,06:23,17:27,11:04,August,2026
Mozambique,Gaza,,Xai-Xai,-25.05,33.65,2026-08-09,06:18,17:24,11:06,August,2026
Mozambique,Inhambane,,Inhambane,-23.865,35.3833,2026-08-09,06:09,17:18,11:09,August,2026
Mozambique,Sofala,,Beira,-19.8333,34.85,2026-08-09,06:06,17:26,11:20,August,2026
Mozambique,Manica,,Chimoio,-19.1167,33.4833,2026-08-09,06:11,17:32,11:21,August,2026
Mozambique,Tete,,Tete,-16.1569,33.5869,2026-08-09,06:07,17:35,11:28,August,2026
Mozambique,Zambézia,,Quelimane,-17.8764,36.8872,2026-08-09,05:55,17:20,11:25,August,2026
Mozambique,Nampula,,Nampula,-15.1167,39.2667,2026-08-09,05:43,17:14,11:31,August,2026
Mozambique,Niassa,,Lichinga,-13.3128,35.2406,2026-08-09,05:56,17:32,11:36,August,2026
Mozambique,Cabo Delgado,,Pemba,-12.9667,40.5167,2026-08-09,05:35,17:12,11:37,August,2026
Mozambique,Maputo,,Maputo,-25.9653,32.5892,2026-08-10,06:23,17:27,11:04,August,2026
Mozambique,Gaza,,Xai-Xai,-25.05,33.65,2026-08-10,06:17,17:24,11:07,August,2026
Mozambique,Inhambane,,Inhambane,-23.865,35.3833,2026-08-10,06:09,17:19,11:10,August,2026
Mozambique,Sofala,,Beira,-19.8333,34.85,2026-08-10,06:06,17:26,11:20,August,2026
Mozambique,Manica,,Chimoio,-19.1167,33.4833,2026-08-10,06:10,17:32,11:22,August,2026
Mozambique,Tete,,Tete,-16.1569,33.5869,2026-08-10,06:06,17:36,11:30,August,2026
Mozambique,Zambézia,,Quelimane,-17.8764,36.8872,2026-08-10,05:55,17:20,11:25,August,2026
Mozambique,Nampula,,Nampula,-15.1167,39.2667,2026-08-10,05:42,17:14,11:32,August,2026
Mozambique,Niassa,,Lichinga,-13.3128,35.2406,2026-08-10,05:56,17:32,11:36,August,2026
Mozambique,Cabo Delgado,,Pemba,-12.9667,40.5167,2026-08-10,05:35,17:12,11:37,August,2026
Mozambique,Maputo,,Maputo,-25.9653,32.5892,2026-08-11,06:22,17:28,11:06,August,2026
Mozambique,Gaza,,Xai-Xai,-25.05,33.65,2026-08-11,06:16,17:24,11:08,August,2026
Mozambique,Inhambane,,Inhambane,-23.865,35.3833,2026-08-11,06:08,17:19,11:11,August,2026
Mozambique,Sofala,,Beira,-19.8333,34.85,2026-08-11,06:05,17:26,11:21,August,2026
Mozambique,Manica,,Chimoio,-19.1167,33.4833,2026-08-11,06:10,17:33,11:23,August,2026
Mozambique,Tete,,Tete,-16.1569,33.5869,2026-08-11,06:06,17:36,11:30,August,2026
Mozambique,Zambézia,,Quelimane,-17.8764,36.8872,2026-08-11,05:54,17:21,11:27,August,2026
Mozambique,Nampula,,Nampula,-15.1167,39.2667,2026-08-11,05:42,17:14,11:32,August,2026
Mozambique,Niassa,,Lichinga,-13.3128,35.2406,2026-08-11,05:56,17:33,11:37,August,2026
Mozambique,Cabo Delgado,,Pemba,-12.9667,40.5167,2026-08-11,05:34,17:12,11:38,August,2026
Mozambique,Maputo,,Maputo,-25.9653,32.5892,2026-08-12,06:21,17:28,11:07,August,2026
Mozambique,Gaza,,Xai-Xai,-25.05,33.65,2026-08-12,06:16,17:25,11:09,August,2026
Mozambique,Inhambane,,Inhambane,-23.865,35.3833,2026-08-12,06:07,17:20,11:13,August,2026
Mozambique,Sofala,,Beira,-19.8333,34.85,2026-08-12,06:04,17:27,11:23,August,2026
Mozambique,Manica,,Chimoio,-19.1167,33.4833,2026-08-12,06:09,17:33,11:24,August,2026
Mozambique,Tete,,Tete,-16.1569,33.5869,2026-08-12,06:05,17:36,11:31,August,2026
Mozambique,Zambézia,,Quelimane,-17.8764,36.8872,2026-08-12,05:54,17:21,11:27,August,2026
Mozambique,Nampula,,Nampula,-15.1167,39.2667,2026-08-12,05:41,17:15,11:34,August,2026
Mozambique,Niassa,,Lichinga,-13.3128,35.2406,2026-08-12,05:55,17:33,11:38,August,2026
Mozambique,Cabo Delgado,,Pemba,-12.9667,40.5167,2026-08-12,05:34,17:12,11:38,August,2026
Mozambique,Maputo,,Maputo,-25.9653,32.5892,2026-08-13,06:20,17:28,11:08,August,2026
Mozambique,Gaza,,Xai-Xai,-25.05,33.65,2026-08-13,06:15,17:25,11:10,August,2026
Mozambique,Inhambane,,Inhambane,-23.865,35.3833,2026-08-13,06:06,17:20,11:14,August,2026
Mozambique,Sofala,,Beira,-19.8333,34.85,2026-08-13,06:04,17:27,11:23,August,2026
Mozambique,Manica,,Chimoio,-19.1167,33.4833,2026-08-13,06:08,17:33,11:25,August,2026
Mozambique,Tete,,Tete,-16.1569,33.5869,2026-08-13,06:04,17:36,11:32,August,2026
Mozambique,Zambézia,,Quelimane,-17.8764,36.8872,2026-08-13,05:53,17:21,11:28,August,2026
Mozambique,Nampula,,Nampula,-15.1167,39.2667,2026-08-13,05:41,17:15,11:34,August,2026
Mozambique,Niassa,,Lichinga,-13.3128,35.2406,2026-08-13,05:55,17:33,11:38,August,2026
Mozambique,Cabo Delgado,,Pemba,-12.9667,40.5167,2026-08-13,05:33,17:12,11:39,August,2026
Mozambique,Maputo,,Maputo,-25.9653,32.5892,2026-08-14,06:20,17:29,11:09,August,2026
Mozambique,Gaza,,Xai-Xai,-25.05,33.65,2026-08-14,06:14,17:26,11:12,August,2026
Mozambique,Inhambane,,Inhambane,-23.865,35.3833,2026-08-14,06:06,17:20,11:14,August,2026
Mozambique,Sofala,,Beira,-19.8333,34.85,2026-08-14,06:03,17:27,11:24,August,2026
Mozambique,Manica,,Chimoio,-19.1167,33.4833,2026-08-14,06:08,17:34,11:26,August,2026
Mozambique,Tete,,Tete,-16.1569,33.5869,2026-08-14,06:04,17:36,11:32,August,2026
Mozambique,Zambézia,,Quelimane,-17.8764,36.8872,2026-08-14,05:53,17:21,11:28,August,2026
Mozambique,Nampula,,Nampula,-15.1167,39.2667,2026-08-14,05:40,17:15,11:35,August,2026
Mozambique,Niassa,,Lichinga,-13.3128,35.2406,2026-08-14,05:54,17:33,11:39,August,2026
Mozambique,Cabo Delgado,,Pemba,-12.9667,40.5167,2026-08-14,05:33,17:12,11:39,August,2026
Mozambique,Maputo,,Maputo,-25.9653,32.5892,2026-08-15,06:19,17:29,11:10,August,2026
Mozambique,Gaza,,Xai-Xai,-25.05,33.65,2026-08-15,06:13,17:26,11:13,August,2026
Mozambique,Inhambane,,Inhambane,-23.865,35.3833,2026-08-15,06:05,17:21,11:16,August,2026
Mozambique,Sofala,,Beira,-19.8333,34.85,2026-08-15,06:02,17:28,11:26,August,2026
Mozambique,Manica,,Chimoio,-19.1167,33.4833,2026-08-15,06:07,17:34,11:27,August,2026
Mozambique,Tete,,Tete,-16.1569,33.5869,2026-08-15,06:03,17:37,11:34,August,2026
Mozambique,Zambézia,,Quelimane,-17.8764,36.8872,2026-08-15,05:52,17:22,11:30,August,2026
Mozambique,Nampula,,Nampula,-15.1167,39.2667,2026-08-15,05:40,17:15,11:35,August,2026
Mozambique,Niassa,,Lichinga,-13.3128,35.2406,2026-08-15,05:54,17:33,11:39,August,2026
Mozambique,Cabo Delgado,,Pemba,-12.9667,40.5167,2026-08-15,05:32,17:12,11:40,August,2026
Mozambique,Maputo,,Maputo,-25.9653,32.5892,2026-08-16,06:18,17:30,11:12,August,2026
Mozambique,Gaza,,Xai-Xai,-25.05,33.65,2026-08-16,06:13,17:27,11:14,August,2026
Mozambique,Inhambane,,Inhambane,-23.865,35.3833,2026-08-16,06:04,17:21,11:17,August,2026
Mozambique,Sofala,,Beira,-19.8333,34.85,2026-08-16,06:02,17:28,11:26,August,2026
Mozambique,Manica,,Chimoio,-19.1167,33.4833,2026-08-16,06:06,17:34,11:28,August,2026
Mozambique,Tete,,Tete,-16.1569,33.5869,2026-08-16,06:03,17:37,11:34,August,2026
Mozambique,Zambézia,,Quelimane,-17.8764,36.8872,2026-08-16,05:51,17:22,11:31,August,2026
Mozambique,Nampula,,Nampula,-15.1167,39.2667,2026-08-16,05:39,17:15,11:36,August,2026
Mozambique,Niassa,,Lichinga,-13.3128,35.2406,2026-08-16,05:53,17:33,11:40,August,2026
Mozambique,Cabo Delgado,,Pemba,-12.9667,40.5167,2026-08-16,05:32,17:12,11:40,August,2026
Mozambique,Maputo,,Maputo,-25.9653,32.5892,2026-08-17,06:17,17:30,11:13,August,2026
Mozambique,Gaza,,Xai-Xai,-25.05,33.65,2026-08-17,06:12,17:27,11:15,August,2026
Mozambique,Inhambane,,Inhambane,-23.865,35.3833,2026-08-17,06:03,17:21,11:18,August,2026
Mozambique,Sofala,,Beira,-19.8333,34.85,2026-08-17,06:01,17:28,11:27,August,2026
Mozambique,Manica,,Chimoio,-19.1167,33.4833,2026-08-17,06:06,17:34,11:28,August,2026
Mozambique,Tete,,Tete,-16.1569,33.5869,2026-08-17,06:02,17:37,11:35,August,2026
Mozambique,Zambézia,,Quelimane,-17.8764,36.8872,2026-08-17,05:51,17:22,11:31,August,2026
Mozambique,Nampula,,Nampula,-15.1167,39.2667,2026-08-17,05:38,17:15,11:37,August,2026
Mozambique,Niassa,,Lichinga,-13.3128,35.2406,2026-08-17,05:53,17:33,11:40,August,2026
Mozambique,Cabo Delgado,,Pemba,-12.9667,40.5167,2026-08-17,05:31,17:13,11:42,August,2026
Mozambique,Maputo,,Maputo,-25.9653,32.5892,2026-08-18,06:16,17:31,11:15,August,2026
Mozambique,Gaza,,Xai-Xai,-25.05,33.65,2026-08-18,06:11,17:27,11:16,August,2026
Mozambique,Inhambane,,Inhambane,-23.865,35.3833,2026-08-18,06:03,17:22,11:19,August,2026
Mozambique,Sofala,,Beira,-19.8333,34.85,2026-08-18,06:00,17:28,11:28,August,2026
Mozambique,Manica,,Chimoio,-19.1167,33.4833,2026-08-18,06:05,17:35,11:30,August,2026
Mozambique,Tete,,Tete,-16.1569,33.5869,2026-08-18,06:02,17:37,11:35,August,2026
Mozambique,Zambézia,,Quelimane,-17.8764,36.8872,2026-08-18,05:50,17:22,11:32,August,2026
Mozambique,Nampula,,Nampula,-15.1167,39.2667,2026-08-18,05:38,17:16,11:38,August,2026
Mozambique,Niassa,,Lichinga,-13.3128,35.2406,2026-08-18,05:52,17:33,11:41,August,2026
Mozambique,Cabo Delgado,,Pemba,-12.9667,40.5167,2026-08-18,05:31,17:13,11:42,August,2026
Mozambique,Maputo,,Maputo,-25.9653,32.5892,2026-08-19,06:15,17:31,11:16,August,2026
Mozambique,Gaza,,Xai-Xai,-25.05,33.65,2026-08-19,06:10,17:28,11:18,August,2026
Mozambique,Inhambane,,Inhambane,-23.865,35.3833,2026-08-19,06:02,17:22,11:20,August,2026
Mozambique,Sofala,,Beira,-19.8333,34.85,2026-08-19,06:00,17:29,11:29,August,2026
Mozambique,Manica,,Chimoio,-19.1167,33.4833,2026-08-19,06:04,17:35,11:31,August,2026
Mozambique,Tete,,Tete,-16.1569,33.5869,2026-08-19,06:01,17:37,11:36,August,2026
Mozambique,Zambézia,,Quelimane,-17.8764,36.8872,2026-08-19,05:50,17:22,11:32,August,2026
Mozambique,Nampula,,Nampula,-15.1167,39.2667,2026-08-19,05:37,17:16,11:39,August,2026
Mozambique,Niassa,,Lichinga,-13.3128,35.2406,2026-08-19,05:52,17:34,11:42,August,2026
Mozambique,Cabo Delgado,,Pemba,-12.9667,40.5167,2026-08-19,05:30,17:13,11:43,August,2026
Mozambique,Maputo,,Maputo,-25.9653,32.5892,2026-08-20,06:14,17:32,11:18,August,2026
Mozambique,Gaza,,Xai-Xai,-25.05,33.65,2026-08-20,06:09,17:28,11:19,August,2026
Mozambique,Inhambane,,Inhambane,-23.865,35.3833,2026-08-20,06:01,17:23,11:22,August,2026
Mozambique,Sofala,,Beira,-19.8333,34.85,2026-08-20,05:59,17:29,11:30,August,2026
Mozambique,Manica,,Chimoio,-19.1167,33.4833,2026-08-20,06:04,17:35,11:31,August,2026
Mozambique,Tete,,Tete,-16.1569,33.5869,2026-08-20,06:00,17:38,11:38,August,2026
Mozambique,Zambézia,,Quelimane,-17.8764,36.8872,2026-08-20,05:49,17:23,11:34,August,2026
Mozambique,Nampula,,Nampula,-15.1167,39.2667,2026-08-20,05:37,17:16,11:39,August,2026
Mozambique,Niassa,,Lichinga,-13.3128,35.2406,2026-08-20,05:51,17:34,11:43,August,2026
Mozambique,Cabo Delgado,,Pemba,-12.9667,40.5167,2026-08-20,05:30,17:13,11:43,August,2026
Mozambique,Maputo,,Maputo,-25.9653,32.5892,2026-08-21,06:13,17:32,11:19,August,2026
Mozambique,Gaza,,Xai-Xai,-25.05,33.65,2026-08-21,06:08,17:29,11:21,August,2026
Mozambique,Inhambane,,Inhambane,-23.865,35.3833,2026-08-21,06:00,17:23,11:23,August,2026
Mozambique,Sofala,,Beira,-19.8333,34.85,2026-08-21,05:58,17:29,11:31,August,2026
Mozambique,Manica,,Chimoio,-19.1167,33.4833,2026-08-21,06:03,17:35,11:32,August,2026
Mozambique,Tete,,Tete,-16.1569,33.5869,2026-08-21,06:00,17:38,11:38,August,2026
Mozambique,Zambézia,,Quelimane,-17.8764,36.8872,2026-08-21,05:48,17:23,11:35,August,2026
Mozambique,Nampula,,Nampula,-15.1167,39.2667,2026-08-21,05:36,17:16,11:40,August,2026
Mozambique,Niassa,,Lichinga,-13.3128,35.2406,2026-08-21,05:51,17:34,11:43,August,2026
Mozambique,Cabo Delgado,,Pemba,-12.9667,40.5167,2026-08-21,05:29,17:13,11:44,August,2026
Mozambique,Maputo,,Maputo,-25.9653,32.5892,2026-08-22,06:13,17:32,11:19,August,2026
Mozambique,Gaza,,Xai-Xai,-25.05,33.65,2026-08-22,06:07,17:29,11:22,August,2026
Mozambique,Inhambane,,Inhambane,-23.865,35.3833,2026-08-22,05:59,17:23,11:24,August,2026
Mozambique,Sofala,,Beira,-19.8333,34.85,2026-08-22,05:57,17:29,11:32,August,2026
Mozambique,Manica,,Chimoio,-19.1167,33.4833,2026-08-22,06:02,17:36,11:34,August,2026
Mozambique,Tete,,Tete,-16.1569,33.5869,2026-08-22,05:59,17:38,11:39,August,2026
Mozambique,Zambézia,,Quelimane,-17.8764,36.8872,2026-08-22,05:47,17:23,11:36,August,2026
Mozambique,Nampula,,Nampula,-15.1167,39.2667,2026-08-22,05:35,17:16,11:41,August,2026
Mozambique,Niassa,,Lichinga,-13.3128,35.2406,2026-08-22,05:50,17:34,11:44,August,2026
Mozambique,Cabo Delgado,,Pemba,-12.9667,40.5167,2026-08-22,05:29,17:13,11:44,August,2026
Mozambique,Maputo,,Maputo,-25.9653,32.5892,2026-08-23,06:12,17:33,11:21,August,2026
Mozambique,Gaza,,Xai-Xai,-25.05,33.65,2026-08-23,06:06,17:29,11:23,August,2026
Mozambique,Inhambane,,Inhambane,-23.865,35.3833,2026-08-23,05:58,17:24,11:26,August,2026
Mozambique,Sofala,,Beira,-19.8333,34.85,2026-08-23,05:57,17:30,11:33,August,2026
Mozambique,Manica,,Chimoio,-19.1167,33.4833,2026-08-23,06:01,17:36,11:35,August,2026
Mozambique,Tete,,Tete,-16.1569,33.5869,2026-08-23,05:58,17:38,11:40,August,2026
Mozambique,Zambézia,,Quelimane,-17.8764,36.8872,2026-08-23,05:47,17:23,11:36,August,2026
Mozambique,Nampula,,Nampula,-15.1167,39.2667,2026-08-23,05:35,17:16,11:41,August,2026
Mozambique,Niassa,,Lichinga,-13.3128,35.2406,2026-08-23,05:49,17:34,11:45,August,2026
Mozambique,Cabo Delgado,,Pemba,-12.9667,40.5167,2026-08-23,05:28,17:13,11:45,August,2026
Mozambique,Maputo,,Maputo,-25.9653,32.5892,2026-08-24,06:11,17:33,11:22,August,2026
Mozambique,Gaza,,Xai-Xai,-25.05,33.65,2026-08-24,06:06,17:30,11:24,August,2026
Mozambique,Inhambane,,Inhambane,-23.865,35.3833,2026-08-24,05:57,17:24,11:27,August,2026
Mozambique,Sofala,,Beira,-19.8333,34.85,2026-08-24,05:56,17:30,11:34,August,2026
Mozambique,Manica,,Chimoio,-19.1167,33.4833,2026-08-24,06:01,17:36,11:35,August,2026
Mozambique,Tete,,Tete,-16.1569,33.5869,2026-08-24,05:58,17:38,11:40,August,2026
Mozambique,Zambézia,,Quelimane,-17.8764,36.8872,2026-08-24,05:46,17:23,11:37,August,2026
Mozambique,Nampula,,Nampula,-15.1167,39.2667,2026-08-24,05:34,17:16,11:42,August,2026
Mozambique,Niassa,,Lichinga,-13.3128,35.2406,2026-08-24,05:49,17:34,11:45,August,2026
Mozambique,Cabo Delgado,,Pemba,-12.9667,40.5167,2026-08-24,05:27,17:13,11:46,August,2026
Mozambique,Maputo,,Maputo,-25.9653,32.5892,2026-08-25,06:10,17:34,11:24,August,2026
Mozambique,Gaza,,Xai-Xai,-25.05,33.65,2026-08-25,06:05,17:30,11:25,August,2026
Mozambique,Inhambane,,Inhambane,-23.865,35.3833,2026-08-25,05:57,17:24,11:27,August,2026
Mozambique,Sofala,,Beira,-19.8333,34.85,2026-08-25,05:55,17:30,11:35,August,2026
Mozambique,Manica,,Chimoio,-19.1167,33.4833,2026-08-25,06:00,17:36,11:36,August,2026
Mozambique,Tete,,Tete,-16.1569,33.5869,2026-08-25,05:57,17:38,11:41,August,2026
Mozambique,Zambézia,,Quelimane,-17.8764,36.8872,2026-08-25,05:45,17:24,11:39,August,2026
Mozambique,Nampula,,Nampula,-15.1167,39.2667,2026-08-25,05:34,17:16,11:42,August,2026
Mozambique,Niassa,,Lichinga,-13.3128,35.2406,2026-08-25,05:48,17:34,11:46,August,2026
Mozambique,Cabo Delgado,,Pemba,-12.9667,40.5167,2026-08-25,05:27,17:13,11:46,August,2026
Mozambique,Maputo,,Maputo,-25.9653,32.5892,2026-08-26,06:09,17:34,11:25,August,2026
Mozambique,Gaza,,Xai-Xai,-25.05,33.65,2026-08-26,06:04,17:31,11:27,August,2026
Mozambique,Inhambane,,Inhambane,-23.865,35.3833,2026-08-26,05:56,17:25,11:29,August,2026
Mozambique,Sofala,,Beira,-19.8333,34.85,2026-08-26,05:54,17:30,11:36,August,2026
Mozambique,Manica,,Chimoio,-19.1167,33.4833,2026-08-26,05:59,17:36,11:37,August,2026
Mozambique,Tete,,Tete,-16.1569,33.5869,2026-08-26,05:56,17:38,11:42,August,2026
Mozambique,Zambézia,,Quelimane,-17.8764,36.8872,2026-08-26,05:45,17:24,11:39,August,2026
Mozambique,Nampula,,Nampula,-15.1167,39.2667,2026-08-26,05:33,17:16,11:43,August,2026
Mozambique,Niassa,,Lichinga,-13.3128,35.2406,2026-08-26,05:48,17:34,11:46,August,2026
Mozambique,Cabo Delgado,,Pemba,-12.9667,40.5167,2026-08-26,05:26,17:13,11:47,August,2026
Mozambique,Maputo,,Maputo,-25.9653,32.5892,2026-08-27,06:08,17:34,11:26,August,2026
Mozambique,Gaza,,Xai-Xai,-25.05,33.65,2026-08-27,06:03,17:31,11:28,August,2026
Mozambique,Inhambane,,Inhambane,-23.865,35.3833,2026-08-27,05:55,17:25,11:30,August,2026
Mozambique,Sofala,,Beira,-19.8333,34.85,2026-08-27,05:54,17:31,11:37,August,2026
Mozambique,Manica,,Chimoio,-19.1167,33.4833,2026-08-27,05:58,17:37,11:39,August,2026
Mozambique,Tete,,Tete,-16.1569,33.5869,2026-08-27,05:56,17:38,11:42,August,2026
Mozambique,Zambézia,,Quelimane,-17.8764,36.8872,2026-08-27,05:44,17:24,11:40,August,2026
Mozambique,Nampula,,Nampula,-15.1167,39.2667,2026-08-27,05:32,17:17,11:45,August,2026
Mozambique,Niassa,,Lichinga,-13.3128,35.2406,2026-08-27,05:47,17:34,11:47,August,2026
Mozambique,Cabo Delgado,,Pemba,-12.9667,40.5167,2026-08-27,05:26,17:13,11:47,August,2026
Mozambique,Maputo,,Maputo,-25.9653,32.5892,2026-08-28,06:07,17:35,11:28,August,2026
Mozambique,Gaza,,Xai-Xai,-25.05,33.65,2026-08-28,06:02,17:31,11:29,August,2026
Mozambique,Inhambane,,Inhambane,-23.865,35.3833,2026-08-28,05:54,17:25,11:31,August,2026
Mozambique,Sofala,,Beira,-19.8333,34.85,2026-08-28,05:53,17:31,11:38,August,2026
Mozambique,Manica,,Chimoio,-19.1167,33.4833,2026-08-28,05:58,17:37,11:39,August,2026
Mozambique,Tete,,Tete,-16.1569,33.5869,2026-08-28,05:55,17:39,11:44,August,2026
Mozambique,Zambézia,,Quelimane,-17.8764,36.8872,2026-08-28,05:43,17:24,11:41,August,2026
Mozambique,Nampula,,Nampula,-15.1167,39.2667,2026-08-28,05:31,17:17,11:46,August,2026
Mozambique,Niassa,,Lichinga,-13.3128,35.2406,2026-08-28,05:46,17:34,11:48,August,2026
Mozambique,Cabo Delgado,,Pemba,-12.9667,40.5167,2026-08-28,05:25,17:13,11:48,August,2026
Mozambique,Maputo,,Maputo,-25.9653,32.5892,2026-08-29,06:06,17:35,11:29,August,2026
Mozambique,Gaza,,Xai-Xai,-25.05,33.65,2026-08-29,06:01,17:32,11:31,August,2026
Mozambique,Inhambane,,Inhambane,-23.865,35.3833,2026-08-29,05:53,17:26,11:33,August,2026
Mozambique,Sofala,,Beira,-19.8333,34.85,2026-08-29,05:52,17:31,11:39,August,2026
Mozambique,Manica,,Chimoio,-19.1167,33.4833,2026-08-29,05:57,17:37,11:40,August,2026
Mozambique,Tete,,Tete,-16.1569,33.5869,2026-08-29,05:54,17:39,11:45,August,2026
Mozambique,Zambézia,,Quelimane,-17.8764,36.8872,2026-08-29,05:42,17:24,11:42,August,2026
Mozambique,Nampula,,Nampula,-15.1167,39.2667,2026-08-29,05:31,17:17,11:46,August,2026
Mozambique,Niassa,,Lichinga,-13.3128,35.2406,2026-08-29,05:46,17:34,11:48,August,2026
Mozambique,Cabo Delgado,,Pemba,-12.9667,40.5167,2026-08-29,05:24,17:13,11:49,August,2026
Mozambique,Maputo,,Maputo,-25.9653,32.5892,2026-08-30,06:05,17:36,11:31,August,2026
Mozambique,Gaza,,Xai-Xai,-25.05,33.65,2026-08-30,06:00,17:32,11:32,August,2026
Mozambique,Inhambane,,Inhambane,-23.865,35.3833,2026-08-30,05:52,17:26,11:34,August,2026
Mozambique,Sofala,,Beira,-19.8333,34.85,2026-08-30,05:51,17:31,11:40,August,2026
Mozambique,Manica,,Chimoio,-19.1167,33.4833,2026-08-30,05:56,17:37,11:41,August,2026
Mozambique,Tete,,Tete,-16.1569,33.5869,2026-08-30,05:54,17:39,11:45,August,2026
Mozambique,Zambézia,,Quelimane,-17.8764,36.8872,2026-08-30,05:42,17:24,11:42,August,2026
Mozambique,Nampula,,Nampula,-15.1167,39.2667,2026-08-30,05:30,17:17,11:47,August,2026
Mozambique,Niassa,,Lichinga,-13.3128,35.2406,2026-08-30,05:45,17:34,11:49,August,2026
Mozambique,Cabo Delgado,,Pemba,-12.9667,40.5167,2026-08-30,05:24,17:13,11:49,August,2026
Mozambique,Maputo,,Maputo,-25.9653,32.5892,2026-08-31,06:04,17:36,11:32,August,2026
Mozambique,Gaza,,Xai-Xai,-25.05,33.65,2026-08-31,05:59,17:32,11:33,August,2026
Mozambique,Inhambane,,Inhambane,-23.865,35.3833,2026-08-31,05:51,17:26,11:35,August,2026
Mozambique,Sofala,,Beira,-19.8333,34.85,2026-08-31,05:50,17:31,11:41,August,2026
Mozambique,Manica,,Chimoio,-19.1167,33.4833,2026-08-31,05:55,17:37,11:42,August,2026
Mozambique,Tete,,Tete,-16.1569,33.5869,2026-08-31,05:53,17:39,11:46,August,2026
Mozambique,Zambézia,,Quelimane,-17.8764,36.8872,2026-08-31,05:41,17:25,11:44,August,2026
Mozambique,Nampula,,Nampula,-15.1167,39.2667,2026-08-31,05:29,17:17,11:48,August,2026
Mozambique,Niassa,,Lichinga,-13.3128,35.2406,2026-08-31,05:44,17:34,11:50,August,2026
Mozambique,Cabo Delgado,,Pemba,-12.9667,40.5167,2026-08-31,05:23,17:13,11:50,August,2026
Mozambique,Maputo,,Maputo,-25.9653,32.5892,2026-09-01,06:03,17:36,11:33,September,2026
Mozambique,Gaza,,Xai-Xai,-25.05,33.65,2026-09-01,05:58,17:33,11:35,September,2026
Mozambique,Inhambane,,Inhambane,-23.865,35.3833,2026-09-01,05:50,17:27,11:37,September,2026
Mozambique,Sofala,,Beira,-19.8333,34.85,2026-09-01,05:49,17:32,11:43,September,2026
Mozambique,Manica,,Chimoio,-19.1167,33.4833,2026-09-01,05:54,17:38,11:44,September,2026
Mozambique,Tete,,Tete,-16.1569,33.5869,2026-09-01,05:52,17:39,11:47,September,2026
Mozambique,Zambézia,,Quelimane,-17.8764,36.8872,2026-09-01,05:40,17:25,11:45,September,2026
Mozambique,Nampula,,Nampula,-15.1167,39.2667,2026-09-01,05:29,17:17,11:48,September,2026
Mozambique,Niassa,,Lichinga,-13.3128,35.2406,2026-09-01,05:44,17:34,11:50,September,2026
Mozambique,Cabo Delgado,,Pemba,-12.9667,40.5167,2026-09-01,05:22,17:13,11:51,September,2026
Mozambique,Maputo,,Maputo,-25.9653,32.5892,2026-09-02,06:02,17:37,11:35,September,2026
Mozambique,Gaza,,Xai-Xai,-25.05,33.65,2026-09-02,05:57,17:33,11:36,September,2026
Mozambique,Inhambane,,Inhambane,-23.865,35.3833,2026-09-02,05:49,17:27,11:38,September,2026
Mozambique,Sofala,,Beira,-19.8333,34.85,2026-09-02,05:48,17:32,11:44,September,2026
Mozambique,Manica,,Chimoio,-19.1167,33.4833,2026-09-02,05:54,17:38,11:44,September,2026
Mozambique,Tete,,Tete,-16.1569,33.5869,2026-09-02,05:51,17:39,11:48,September,2026
Mozambique,Zambézia,,Quelimane,-17.8764,36.8872,2026-09-02,05:39,17:25,11:46,September,2026
Mozambique,Nampula,,Nampula,-15.1167,39.2667,2026-09-02,05:28,17:17,11:49,September,2026
Mozambique,Niassa,,Lichinga,-13.3128,35.2406,2026-09-02,05:43,17:34,11:51,September,2026
Mozambique,Cabo Delgado,,Pemba,-12.9667,40.5167,2026-09-02,05:22,17:13,11:51,September,2026
Mozambique,Maputo,,Maputo,-25.9653,32.5892,2026-09-03,06:00,17:37,11:37,September,2026
Mozambique,Gaza,,Xai-Xai,-25.05,33.65,2026-09-03,05:56,17:34,11:38,September,2026
Mozambique,Inhambane,,Inhambane,-23.865,35.3833,2026-09-03,05:48,17:27,11:39,September,2026
Mozambique,Sofala,,Beira,-19.8333,34.85,2026-09-03,05:48,17:32,11:44,September,2026
Mozambique,Manica,,Chimoio,-19.1167,33.4833,2026-09-03,05:53,17:38,11:45,September,2026
Mozambique,Tete,,Tete,-16.1569,33.5869,2026-09-03,05:51,17:39,11:48,September,2026
Mozambique,Zambézia,,Quelimane,-17.8764,36.8872,2026-09-03,05:38,17:25,11:47,September,2026
Mozambique,Nampula,,Nampula,-15.1167,39.2667,2026-09-03,05:27,17:17,11:50,September,2026
Mozambique,Niassa,,Lichinga,-13.3128,35.2406,2026-09-03,05:42,17:34,11:52,September,2026
Mozambique,Cabo Delgado,,Pemba,-12.9667,40.5167,2026-09-03,05:21,17:13,11:52,September,2026
Mozambique,Maputo,,Maputo,-25.9653,32.5892,2026-09-04,05:59,17:38,11:39,September,2026
Mozambique,Gaza,,Xai-Xai,-25.05,33.65,2026-09-04,05:55,17:34,11:39,September,2026
Mozambique,Inhambane,,Inhambane,-23.865,35.3833,2026-09-04,05:47,17:28,11:41,September,2026
Mozambique,Sofala,,Beira,-19.8333,34.85,2026-09-04,05:47,17:32,11:45,September,2026
Mozambique,Manica,,Chimoio,-19.1167,33.4833,2026-09-04,05:52,17:38,11:46,September,2026
Mozambique,Tete,,Tete,-16.1569,33.5869,2026-09-04,05:50,17:39,11:49,September,2026
Mozambique,Zambézia,,Quelimane,-17.8764,36.8872,2026-09-04,05:37,17:25,11:48,September,2026
Mozambique,Nampula,,Nampula,-15.1167,39.2667,2026-09-04,05:26,17:17,11:51,September,2026
Mozambique,Niassa,,Lichinga,-13.3128,35.2406,2026-09-04,05:42,17:34,11:52,September,2026
Mozambique,Cabo Delgado,,Pemba,-12.9667,40.5167,2026-09-04,05:20,17:13,11:53,September,2026
Mozambique,Maputo,,Maputo,-25.9653,32.5892,2026-09-05,05:58,17:38,11:40,September,2026
Mozambique,Gaza,,Xai-Xai,-25.05,33.65,2026-09-05,05:54,17:34,11:40,September,2026
Mozambique,Inhambane,,Inhambane,-23.865,35.3833,2026-09-05,05:46,17:28,11:42,September,2026
Mozambique,Sofala,,Beira,-19.8333,34.85,2026-09-05,05:46,17:32,11:46,September,2026
Mozambique,Manica,,Chimoio,-19.1167,33.4833,2026-09-05,05:51,17:38,11:47,September,2026
Mozambique,Tete,,Tete,-16.1569,33.5869,2026-09-05,05:49,17:39,11:50,September,2026
Mozambique,Zambézia,,Quelimane,-17.8764,36.8872,2026-09-05,05:37,17:25,11:48,September,2026
Mozambique,Nampula,,Nampula,-15.1167,39.2667,2026-09-05,05:26,17:17,11:51,September,2026
Mozambique,Niassa,,Lichinga,-13.3128,35.2406,2026-09-05,05:41,17:34,11:53,September,2026
Mozambique,Cabo Delgado,,Pemba,-12.9667,40.5167,2026-09-05,05:20,17:13,11:53,September,2026
Mozambique,Maputo,,Maputo,-25.9653,32.5892,2026-09-06,05:57,17:38,11:41,September,2026
Mozambique,Gaza,,Xai-Xai,-25.05,33.65,2026-09-06,05:53,17:35,11:42,September,2026
Mozambique,Inhambane,,Inhambane,-23.865,35.3833,2026-09-06,05:45,17:28,11:43,September,2026
Mozambique,Sofala,,Beira,-19.8333,34.85,2026-09-06,05:45,17:33,11:48,September,2026
Mozambique,Manica,,Chimoio,-19.1167,33.4833,2026-09-06,05:50,17:38,11:48,September,2026
Mozambique,Tete,,Tete,-16.1569,33.5869,2026-09-06,05:48,17:39,11:51,September,2026
Mozambique,Zambézia,,Quelimane,-17.8764,36.8872,2026-09-06,05:36,17:25,11:49,September,2026
Mozambique,Nampula,,Nampula,-15.1167,39.2667,2026-09-06,05:25,17:17,11:52,September,2026
Mozambique,Niassa,,Lichinga,-13.3128,35.2406,2026-09-06,05:40,17:34,11:54,September,2026
Mozambique,Cabo Delgado,,Pemba,-12.9667,40.5167,2026-09-06,05:19,17:13,11:54,September,2026
Mozambique,Maputo,,Maputo,-25.9653,32.5892,2026-09-07,05:56,17:39,11:43,September,2026
Mozambique,Gaza,,Xai-Xai,-25.05,33.65,2026-09-07,05:51,17:35,11:44,September,2026
Mozambique,Inhambane,,Inhambane,-23.865,35.3833,2026-09-07,05:44,17:29,11:45,September,2026
Mozambique,Sofala,,Beira,-19.8333,34.85,2026-09-07,05:44,17:33,11:49,September,2026
Mozambique,Manica,,Chimoio,-19.1167,33.4833,2026-09-07,05:49,17:39,11:50,September,2026
Mozambique,Tete,,Tete,-16.1569,33.5869,2026-09-07,05:47,17:40,11:53,September,2026
Mozambique,Zambézia,,Quelimane,-17.8764,36.8872,2026-09-07,05:35,17:26,11:51,September,2026
Mozambique,Nampula,,Nampula,-15.1167,39.2667,2026-09-07,05:24,17:17,11:53,September,2026
Mozambique,Niassa,,Lichinga,-13.3128,35.2406,2026-09-07,05:39,17:34,11:55,September,2026
Mozambique,Cabo Delgado,,Pemba,-12.9667,40.5167,2026-09-07,05:18,17:13,11:55,September,2026
Mozambique,Maputo,,Maputo,-25.9653,32.5892,2026-09-08,05:55,17:39,11:44,September,2026
Mozambique,Gaza,,Xai-Xai,-25.05,33.65,2026-09-08,05:50,17:35,11:45,September,2026
Mozambique,Inhambane,,Inhambane,-23.865,35.3833,2026-09-08,05:43,17:29,11:46,September,2026
Mozambique,Sofala,,Beira,-19.8333,34.85,2026-09-08,05:43,17:33,11:50,September,2026
Mozambique,Manica,,Chimoio,-19.1167,33.4833,2026-09-08,05:48,17:39,11:51,September,2026
Mozambique,Tete,,Tete,-16.1569,33.5869,2026-09-08,05:47,17:40,11:53,September,2026
Mozambique,Zambézia,,Quelimane,-17.8764,36.8872,2026-09-08,05:34,17:26,11:52,September,2026
Mozambique,Nampula,,Nampula,-15.1167,39.2667,2026-09-08,05:23,17:17,11:54,September,2026
Mozambique,Niassa,,Lichinga,-13.3128,35.2406,2026-09-08,05:39,17:34,11:55,September,2026
Mozambique,Cabo Delgado,,Pemba,-12.9667,40.5167,2026-09-08,05:17,17:13,11:56,September,2026
Mozambique,Maputo,,Maputo,-25.9653,32.5892,2026-09-09,05:54,17:39,11:45,September,2026
Mozambique,Gaza,,Xai-Xai,-25.05,33.65,2026-09-09,05:49,17:36,11:47,September,2026
Mozambique,Inhambane,,Inhambane,-23.865,35.3833,2026-09-09,05:42,17:29,11:47,September,2026
Mozambique,Sofala,,Beira,-19.8333,34.85,2026-09-09,05:42,17:33,11:51,September,2026
Mozambique,Manica,,Chimoio,-19.1167,33.4833,2026-09-09,05:47,17:39,11:52,September,2026
Mozambique,Tete,,Tete,-16.1569,33.5869,2026-09-09,05:46,17:40,11:54,September,2026
Mozambique,Zambézia,,Quelimane,-17.8764,36.8872,2026-09-09,05:33,17:26,11:53,September,2026
Mozambique,Nampula,,Nampula,-15.1167,39.2667,2026-09-09,05:23,17:17,11:54,September,2026
Mozambique,Niassa,,Lichinga,-13.3128,35.2406,2026-09-09,05:38,17:34,11:56,September,2026
Mozambique,Cabo Delgado,,Pemba,-12.9667,40.5167,2026-09-09,05:17,17:13,11:56,September,2026
Mozambique,Maputo,,Maputo,-25.9653,32.5892,2026-09-10,05:53,17:40,11:47,September,2026
Mozambique,Gaza,,Xai-Xai,-25.05,33.65,2026-09-10,05:48,17:36,11:48,September,2026
Mozambique,Inhambane,,Inhambane,-23.865,35.3833,2026-09-10,05:41,17:30,11:49,September,2026
Mozambique,Sofala,,Beira,-19.8333,34.85,2026-09-10,05:41,17:33,11:52,September,2026
Mozambique,Manica,,Chimoio,-19.1167,33.4833,2026-09-10,05:47,17:39,11:52,September,2026
Mozambique,Tete,,Tete,-16.1569,33.5869,2026-09-10,05:45,17:40,11:55,September,2026
Mozambique,Zambézia,,Quelimane,-17.8764,36.8872,2026-09-10,05:32,17:26,11:54,September,2026
Mozambique,Nampula,,Nampula,-15.1167,39.2667,2026-09-10,05:22,17:17,11:55,September,2026
Mozambique,Niassa,,Lichinga,-13.3128,35.2406,2026-09-10,05:37,17:34,11:57,September,2026
Mozambique,Cabo Delgado,,Pemba,-12.9667,40.5167,2026-09-10,05:16,17:13,11:57,September,2026
Mozambique,Maputo,,Maputo,-25.9653,32.5892,2026-09-11,05:52,17:40,11:48,September,2026
Mozambique,Gaza,,Xai-Xai,-25.05,33.65,2026-09-11,05:47,17:36,11:49,September,2026
Mozambique,Inhambane,,Inhambane,-23.865,35.3833,2026-09-11,05:40,17:30,11:50,September,2026
Mozambique,Sofala,,Beira,-19.8333,34.85,2026-09-11,05:40,17:33,11:53,September,2026
Mozambique,Manica,,Chimoio,-19.1167,33.4833,2026-09-11,05:46,17:39,11:53,September,2026
Mozambique,Tete,,Tete,-16.1569,33.5869,2026-09-11,05:44,17:40,11:56,September,2026
Mozambique,Zambézia,,Quelimane,-17.8764,36.8872,2026-09-11,05:32,17:26,11:54,September,2026
Mozambique,Nampula,,Nampula,-15.1167,39.2667,2026-09-11,05:21,17:17,11:56,September,2026
Mozambique,Niassa,,Lichinga,-13.3128,35.2406,2026-09-11,05:37,17:34,11:57,September,2026
Mozambique,Cabo Delgado,,Pemba,-12.9667,40.5167,2026-09-11,05:15,17:13,11:58,September,2026
Mozambique,Maputo,,Maputo,-25.9653,32.5892,2026-09-12,05:51,17:41,11:50,September,2026
Mozambique,Gaza,,Xai-Xai,-25.05,33.65,2026-09-12,05:46,17:37,11:51,September,2026
Mozambique,Inhambane,,Inhambane,-23.865,35.3833,2026-09-12,05:39,17:30,11:51,September,2026
Mozambique,Sofala,,Beira,-19.8333,34.85,2026-09-12,05:40,17:34,11:54,September,2026
Mozambique,Manica,,Chimoio,-19.1167,33.4833,2026-09-12,05:45,17:39,11:54,September,2026
Mozambique,Tete,,Tete,-16.1569,33.5869,2026-09-12,05:43,17:40,11:57,September,2026
Mozambique,Zambézia,,Quelimane,-17.8764,36.8872,2026-09-12,05:31,17:26,11:55,September,2026
Mozambique,Nampula,,Nampula,-15.1167,39.2667,2026-09-12,05:20,17:18,11:58,September,2026
Mozambique,Niassa,,Lichinga,-13.3128,35.2406,2026-09-12,05:36,17:34,11:58,September,2026
Mozambique,Cabo Delgado,,Pemba,-12.9667,40.5167,2026-09-12,05:15,17:13,11:58,September,2026
Mozambique,Maputo,,Maputo,-25.9653,32.5892,2026-09-13,05:50,17:41,11:51,September,2026
Mozambique,Gaza,,Xai-Xai,-25.05,33.65,2026-09-13,05:45,17:37,11:52,September,2026
Mozambique,Inhambane,,Inhambane,-23.865,35.3833,2026-09-13,05:38,17:30,11:52,September,2026
Mozambique,Sofala,,Beira,-19.8333,34.85,2026-09-13,05:39,17:34,11:55,September,2026
Mozambique,Manica,,Chimoio,-19.1167,33.4833,2026-09-13,05:44,17:40,11:56,September,2026
Mozambique,Tete,,Tete,-16.1569,33.5869,2026-09-13,05:43,17:40,11:57,September,2026
Mozambique,Zambézia,,Quelimane,-17.8764,36.8872,2026-09-13,05:30,17:26,11:56,September,2026
Mozambique,Nampula,,Nampula,-15.1167,39.2667,2026-09-13,05:20,17:18,11:58,September,2026
Mozambique,Niassa,,Lichinga,-13.3128,35.2406,2026-09-13,05:35,17:34,11:59,September,2026
Mozambique,Cabo Delgado,,Pemba,-12.9667,40.5167,2026-09-13,05:14,17:13,11:59,September,2026
Mozambique,Maputo,,Maputo,-25.9653,32.5892,2026-09-14,05:48,17:41,11:53,September,2026
Mozambique,Gaza,,Xai-Xai,-25.05,33.65,2026-09-14,05:44,17:37,11:53,September,2026
Mozambique,Inhambane,,Inhambane,-23.865,35.3833,2026-09-14,05:37,17:31,11:54,September,2026
Mozambique,Sofala,,Beira,-19.8333,34.85,2026-09-14,05:38,17:34,11:56,September,2026
Mozambique,Manica,,Chimoio,-19.1167,33.4833,2026-09-14,05:43,17:40,11:57,September,2026
Mozambique,Tete,,Tete,-16.1569,33.5869,2026-09-14,05:42,17:40,11:58,September,2026
Mozambique,Zambézia,,Quelimane,-17.8764,36.8872,2026-09-14,05:29,17:26,11:57,September,2026
Mozambique,Nampula,,Nampula,-15.1167,39.2667,2026-09-14,05:19,17:18,11:59,September,2026
Mozambique,Niassa,,Lichinga,-13.3128,35.2406,2026-09-14,05:34,17:34,12:00,September,2026
Mozambique,Cabo Delgado,,Pemba,-12.9667,40.5167,2026-09-14,05:13,17:13,12:00,September,2026
Mozambique,Maputo,,Maputo,-25.9653,32.5892,2026-09-15,05:47,17:42,11:55,September,2026
Mozambique,Gaza,,Xai-Xai,-25.05,33.65,2026-09-15,05:43,17:38,11:55,September,2026
Mozambique,Inhambane,,Inhambane,-23.865,35.3833,2026-09-15,05:36,17:31,11:55,September,2026
Mozambique,Sofala,,Beira,-19.8333,34.85,2026-09-15,05:37,17:34,11:57,September,2026
Mozambique,Manica,,Chimoio,-19.1167,33.4833,2026-09-15,05:42,17:40,11:58,September,2026
Mozambique,Tete,,Tete,-16.1569,33.5869,2026-09-15,05:41,17:40,11:59,September,2026
Mozambique,Zambézia,,Quelimane,-17.8764,36.8872,2026-09-15,05:28,17:26,11:58,September,2026
Mozambique,Nampula,,Nampula,-15.1167,39.2667,2026-09-15,05:18,17:18,12:00,September,2026
Mozambique,Niassa,,Lichinga,-13.3128,35.2406,2026-09-15,05:34,17:34,12:00,September,2026
Mozambique,Cabo Delgado,,Pemba,-12.9667,40.5167,2026-09-15,05:12,17:13,12:01,September,2026
Mozambique,Maputo,,Maputo,-25.9653,32.5892,2026-09-16,05:46,17:42,11:56,September,2026
Mozambique,Gaza,,Xai-Xai,-25.05,33.65,2026-09-16,05:42,17:38,11:56,September,2026
Mozambique,Inhambane,,Inhambane,-23.865,35.3833,2026-09-16,05:35,17:31,11:56,September,2026
Mozambique,Sofala,,Beira,-19.8333,34.85,2026-09-16,05:36,17:34,11:58,September,2026
Mozambique,Manica,,Chimoio,-19.1167,33.4833,2026-09-16,05:41,17:40,11:59,September,2026
Mozambique,Tete,,Tete,-16.1569,33.5869,2026-09-16,05:40,17:40,12:00,September,2026
Mozambique,Zambézia,,Quelimane,-17.8764,36.8872,2026-09-16,05:27,17:27,12:00,September,2026
Mozambique,Nampula,,Nampula,-15.1167,39.2667,2026-09-16,05:17,17:18,12:01,September,2026
Mozambique,Niassa,,Lichinga,-13.3128,35.2406,2026-09-16,05:33,17:34,12:01,September,2026
Mozambique,Cabo Delgado,,Pemba,-12.9667,40.5167,2026-09-16,05:12,17:13,12:01,September,2026
Mozambique,Maputo,,Maputo,-25.9653,32.5892,2026-09-17,05:45,17:42,11:57,September,2026
Mozambique,Gaza,,Xai-Xai,-25.05,33.65,2026-09-17,05:41,17:38,11:57,September,2026
Mozambique,Inhambane,,Inhambane,-23.865,35.3833,2026-09-17,05:33,17:32,11:59,September,2026
Mozambique,Sofala,,Beira,-19.8333,34.85,2026-09-17,05:35,17:35,12:00,September,2026
Mozambique,Manica,,Chimoio,-19.1167,33.4833,2026-09-17,05:40,17:40,12:00,September,2026
Mozambique,Tete,,Tete,-16.1569,33.5869,2026-09-17,05:39,17:40,12:01,September,2026
Mozambique,Zambézia,,Quelimane,-17.8764,36.8872,2026-09-17,05:26,17:27,12:01,September,2026
Mozambique,Nampula,,Nampula,-15.1167,39.2667,2026-09-17,05:16,17:18,12:02,September,2026
Mozambique,Niassa,,Lichinga,-13.3128,35.2406,2026-09-17,05:32,17:34,12:02,September,2026
Mozambique,Cabo Delgado,,Pemba,-12.9667,40.5167,2026-09-17,05:11,17:13,12:02,September,2026
Mozambique,Maputo,,Maputo,-25.9653,32.5892,2026-09-18,05:44,17:43,11:59,September,2026
Mozambique,Gaza,,Xai-Xai,-25.05,33.65,2026-09-18,05:40,17:39,11:59,September,2026
Mozambique,Inhambane,,Inhambane,-23.865,35.3833,2026-09-18,05:32,17:32,12:00,September,2026
Mozambique,Sofala,,Beira,-19.8333,34.85,2026-09-18,05:34,17:35,12:01,September,2026
Mozambique,Manica,,Chimoio,-19.1167,33.4833,2026-09-18,05:39,17:40,12:01,September,2026
Mozambique,Tete,,Tete,-16.1569,33.5869,2026-09-18,05:38,17:40,12:02,September,2026
Mozambique,Zambézia,,Quelimane,-17.8764,36.8872,2026-09-18,05:25,17:27,12:02,September,2026
Mozambique,Nampula,,Nampula,-15.1167,39.2667,2026-09-18,05:16,17:18,12:02,September,2026
Mozambique,Niassa,,Lichinga,-13.3128,35.2406,2026-09-18,05:31,17:34,12:03,September,2026
Mozambique,Cabo Delgado,,Pemba,-12.9667,40.5167,2026-09-18,05:10,17:13,12:03,September,2026
Mozambique,Maputo,,Maputo,-25.9653,32.5892,2026-09-19,05:43,17:43,12:00,September,2026
Mozambique,Gaza,,Xai-Xai,-25.05,33.65,2026-09-19,05:38,17:39,12:01,September,2026
Mozambique,Inhambane,,Inhambane,-23.865,35.3833,2026-09-19,05:31,17:32,12:01,September,2026
Mozambique,Sofala,,Beira,-19.8333,34.85,2026-09-19,05:33,17:35,12:02,September,2026
Mozambique,Manica,,Chimoio,-19.1167,33.4833,2026-09-19,05:38,17:40,12:02,September,2026
Mozambique,Tete,,Tete,-16.1569,33.5869,2026-09-19,05:38,17:40,12:02,September,2026
Mozambique,Zambézia,,Quelimane,-17.8764,36.8872,2026-09-19,05:25,17:27,12:02,September,2026
Mozambique,Nampula,,Nampula,-15.1167,39.2667,2026-09-19,05:15,17:18,12:03,September,2026
Mozambique,Niassa,,Lichinga,-13.3128,35.2406,2026-09-19,05:31,17:34,12:03,September,2026
Mozambique,Cabo Delgado,,Pemba,-12.9667,40.5167,2026-09-19,05:10,17:13,12:03,September,2026
Mozambique,Maputo,,Maputo,-25.9653,32.5892,2026-09-20,05:42,17:44,12:02,September,2026
Mozambique,Gaza,,Xai-Xai,-25.05,33.65,2026-09-20,05:37,17:39,12:02,September,2026
Mozambique,Inhambane,,Inhambane,-23.865,35.3833,2026-09-20,05:30,17:33,12:03,September,2026
Mozambique,Sofala,,Beira,-19.8333,34.85,2026-09-20,05:32,17:35,12:03,September,2026
Mozambique,Manica,,Chimoio,-19.1167,33.4833,2026-09-20,05:37,17:41,12:04,September,2026
Mozambique,Tete,,Tete,-16.1569,33.5869,2026-09-20,05:37,17:40,12:03,September,2026
Mozambique,Zambézia,,Quelimane,-17.8764,36.8872,2026-09-20,05:24,17:27,12:03,September,2026
Mozambique,Nampula,,Nampula,-15.1167,39.2667,2026-09-20,05:14,17:18,12:04,September,2026
Mozambique,Niassa,,Lichinga,-13.3128,35.2406,2026-09-20,05:30,17:34,12:04,September,2026
Mozambique,Cabo Delgado,,Pemba,-12.9667,40.5167,2026-09-20,05:09,17:13,12:04,September,2026
Mozambique,Maputo,,Maputo,-25.9653,32.5892,2026-09-21,05:41,17:44,12:03,September,2026
Mozambique,Gaza,,Xai-Xai,-25.05,33.65,2026-09-21,05:36,17:40,12:04,September,2026
Mozambique,Inhambane,,Inhambane,-23.865,35.3833,2026-09-21,05:29,17:33,12:04,September,2026
Mozambique,Sofala,,Beira,-19.8333,34.85,2026-09-21,05:31,17:35,12:04,September,2026
Mozambique,Manica,,Chimoio,-19.1167,33.4833,2026-09-21,05:37,17:41,12:04,September,2026
Mozambique,Tete,,Tete,-16.1569,33.5869,2026-09-21,05:36,17:41,12:05,September,2026
Mozambique,Zambézia,,Quelimane,-17.8764,36.8872,2026-09-21,05:23,17:27,12:04,September,2026
Mozambique,Nampula,,Nampula,-15.1167,39.2667,2026-09-21,05:13,17:18,12:05,September,2026
Mozambique,Niassa,,Lichinga,-13.3128,35.2406,2026-09-21,05:29,17:34,12:05,September,2026
Mozambique,Cabo Delgado,,Pemba,-12.9667,40.5167,2026-09-21,05:08,17:13,12:05,September,2026
Mozambique,Maputo,,Maputo,-25.9653,32.5892,2026-09-22,05:39,17:44,12:05,September,2026
Mozambique,Gaza,,Xai-Xai,-25.05,33.65,2026-09-22,05:35,17:40,12:05,September,2026
Mozambique,Inhambane,,Inhambane,-23.865,35.3833,2026-09-22,05:28,17:33,12:05,September,2026
Mozambique,Sofala,,Beira,-19.8333,34.85,2026-09-22,05:30,17:35,12:05,September,2026
Mozambique,Manica,,Chimoio,-19.1167,33.4833,2026-09-22,05:36,17:41,12:05,September,2026
Mozambique,Tete,,Tete,-16.1569,33.5869,2026-09-22,05:35,17:41,12:06,September,2026
Mozambique,Zambézia,,Quelimane,-17.8764,36.8872,2026-09-22,05:22,17:27,12:05,September,2026
Mozambique,Nampula,,Nampula,-15.1167,39.2667,2026-09-22,05:12,17:18,12:06,September,2026
Mozambique,Niassa,,Lichinga,-13.3128,35.2406,2026-09-22,05:28,17:34,12:06,September,2026
Mozambique,Cabo Delgado,,Pemba,-12.9667,40.5167,2026-09-22,05:07,17:13,12:06,September,2026
Mozambique,Maputo,,Maputo,-25.9653,32.5892,2026-09-23,05:38,17:45,12:07,September,2026
Mozambique,Gaza,,Xai-Xai,-25.05,33.65,2026-09-23,05:34,17:40,12:06,September,2026
Mozambique,Inhambane,,Inhambane,-23.865,35.3833,2026-09-23,05:27,17:34,12:07,September,2026
Mozambique,Sofala,,Beira,-19.8333,34.85,2026-09-23,05:29,17:36,12:07,September,2026
Mozambique,Manica,,Chimoio,-19.1167,33.4833,2026-09-23,05:35,17:41,12:06,September,2026
Mozambique,Tete,,Tete,-16.1569,33.5869,2026-09-23,05:34,17:41,12:07,September,2026
Mozambique,Zambézia,,Quelimane,-17.8764,36.8872,2026-09-23,05:21,17:27,12:06,September,2026
Mozambique,Nampula,,Nampula,-15.1167,39.2667,2026-09-23,05:12,17:18,12:06,September,2026
Mozambique,Niassa,,Lichinga,-13.3128,35.2406,2026-09-23,05:28,17:34,12:06,September,2026
Mozambique,Cabo Delgado,,Pemba,-12.9667,40.5167,2026-09-23,05:07,17:13,12:06,September,2026
Mozambique,Maputo,,Maputo,-25.9653,32.5892,2026-09-24,05:37,17:45,12:08,September,2026
Mozambique,Gaza,,Xai-Xai,-25.05,33.65,2026-09-24,05:33,17:41,12:08,September,2026
Mozambique,Inhambane,,Inhambane,-23.865,35.3833,2026-09-24,05:26,17:34,12:08,September,2026
Mozambique,Sofala,,Beira,-19.8333,34.85,2026-09-24,05:28,17:36,12:08,September,2026
Mozambique,Manica,,Chimoio,-19.1167,33.4833,2026-09-24,05:34,17:41,12:07,September,2026
Mozambique,Tete,,Tete,-16.1569,33.5869,2026-09-24,05:34,17:41,12:07,September,2026
Mozambique,Zambézia,,Quelimane,-17.8764,36.8872,2026-09-24,05:20,17:28,12:08,September,2026
Mozambique,Nampula,,Nampula,-15.1167,39.2667,2026-09-24,05:11,17:18,12:07,September,2026
Mozambique,Niassa,,Lichinga,-13.3128,35.2406,2026-09-24,05:27,17:34,12:07,September,2026
Mozambique,Cabo Delgado,,Pemba,-12.9667,40.5167,2026-09-24,05:06,17:13,12:07,September,2026
Mozambique,Maputo,,Maputo,-25.9653,32.5892,2026-09-25,05:36,17:46,12:10,September,2026
Mozambique,Gaza,,Xai-Xai,-25.05,33.65,2026-09-25,05:32,17:41,12:09,September,2026
Mozambique,Inhambane,,Inhambane,-23.865,35.3833,2026-09-25,05:25,17:34,12:09,September,2026
Mozambique,Sofala,,Beira,-19.8333,34.85,2026-09-25,05:27,17:36,12:09,September,2026
Mozambique,Manica,,Chimoio,-19.1167,33.4833,2026-09-25,05:33,17:41,12:08,September,2026
Mozambique,Tete,,Tete,-16.1569,33.5869,2026-09-25,05:33,17:41,12:08,September,2026
Mozambique,Zambézia,,Quelimane,-17.8764,36.8872,2026-09-25,05:19,17:28,12:09,September,2026
Mozambique,Nampula,,Nampula,-15.1167,39.2667,2026-09-25,05:10,17:18,12:08,September,2026
Mozambique,Niassa,,Lichinga,-13.3128,35.2406,2026-09-25,05:26,17:34,12:08,September,2026
Mozambique,Cabo Delgado,,Pemba,-12.9667,40.5167,2026-09-25,05:05,17:13,12:08,September,2026
Mozambique,Maputo,,Maputo,-25.9653,32.5892,2026-09-26,05:35,17:46,12:11,September,2026
Mozambique,Gaza,,Xai-Xai,-25.05,33.65,2026-09-26,05:31,17:42,12:11,September,2026
Mozambique,Inhambane,,Inhambane,-23.865,35.3833,2026-09-26,05:24,17:35,12:11,September,2026
Mozambique,Sofala,,Beira,-19.8333,34.85,2026-09-26,05:26,17:36,12:10,September,2026
Mozambique,Manica,,Chimoio,-19.1167,33.4833,2026-09-26,05:32,17:42,12:10,September,2026
Mozambique,Tete,,Tete,-16.1569,33.5869,2026-09-26,05:32,17:41,12:09,September,2026
Mozambique,Zambézia,,Quelimane,-17.8764,36.8872,2026-09-26,05:19,17:28,12:09,September,2026
Mozambique,Nampula,,Nampula,-15.1167,39.2667,2026-09-26,05:09,17:18,12:09,September,2026
Mozambique,Niassa,,Lichinga,-13.3128,35.2406,2026-09-26,05:26,17:34,12:08,September,2026
Mozambique,Cabo Delgado,,Pemba,-12.9667,40.5167,2026-09-26,05:04,17:13,12:09,September,2026
Mozambique,Maputo,,Maputo,-25.9653,32.5892,2026-09-27,05:34,17:46,12:12,September,2026
Mozambique,Gaza,,Xai-Xai,-25.05,33.65,2026-09-27,05:30,17:42,12:12,September,2026
Mozambique,Inhambane,,Inhambane,-23.865,35.3833,2026-09-27,05:23,17:35,12:12,September,2026
Mozambique,Sofala,,Beira,-19.8333,34.85,2026-09-27,05:26,17:36,12:10,September,2026
Mozambique,Manica,,Chimoio,-19.1167,33.4833,2026-09-27,05:31,17:42,12:11,September,2026
Mozambique,Tete,,Tete,-16.1569,33.5869,2026-09-27,05:31,17:41,12:10,September,2026
Mozambique,Zambézia,,Quelimane,-17.8764,36.8872,2026-09-27,05:18,17:28,12:10,September,2026
Mozambique,Nampula,,Nampula,-15.1167,39.2667,2026-09-27,05:08,17:18,12:10,September,2026
Mozambique,Niassa,,Lichinga,-13.3128,35.2406,2026-09-27,05:25,17:34,12:09,September,2026
Mozambique,Cabo Delgado,,Pemba,-12.9667,40.5167,2026-09-27,05:04,17:13,12:09,September,2026
Mozambique,Maputo,,Maputo,-25.9653,32.5892,2026-09-28,05:33,17:47,12:14,September,2026
Mozambique,Gaza,,Xai-Xai,-25.05,33.65,2026-09-28,05:29,17:42,12:13,September,2026
Mozambique,Inhambane,,Inhambane,-23.865,35.3833,2026-09-28,05:22,17:35,12:13,September,2026
Mozambique,Sofala,,Beira,-19.8333,34.85,2026-09-28,05:25,17:37,12:12,September,2026
Mozambique,Manica,,Chimoio,-19.1167,33.4833,2026-09-28,05:30,17:42,12:12,September,2026
Mozambique,Tete,,Tete,-16.1569,33.5869,2026-09-28,05:30,17:41,12:11,September,2026
Mozambique,Zambézia,,Quelimane,-17.8764,36.8872,2026-09-28,05:17,17:28,12:11,September,2026
Mozambique,Nampula,,Nampula,-15.1167,39.2667,2026-09-28,05:08,17:18,12:10,September,2026
Mozambique,Niassa,,Lichinga,-13.3128,35.2406,2026-09-28,05:24,17:34,12:10,September,2026
Mozambique,Cabo Delgado,,Pemba,-12.9667,40.5167,2026-09-28,05:03,17:13,12:10,September,2026
Mozambique,Maputo,,Maputo,-25.9653,32.5892,2026-09-29,05:32,17:47,12:15,September,2026
Mozambique,Gaza,,Xai-Xai,-25.05,33.65,2026-09-29,05:28,17:43,12:15,September,2026
Mozambique,Inhambane,,Inhambane,-23.865,35.3833,2026-09-29,05:21,17:36,12:15,September,2026
Mozambique,Sofala,,Beira,-19.8333,34.85,2026-09-29,05:24,17:37,12:13,September,2026
Mozambique,Manica,,Chimoio,-19.1167,33.4833,2026-09-29,05:29,17:42,12:13,September,2026
Mozambique,Tete,,Tete,-16.1569,33.5869,2026-09-29,05:29,17:41,12:12,September,2026
Mozambique,Zambézia,,Quelimane,-17.8764,36.8872,2026-09-29,05:16,17:28,12:12,September,2026
Mozambique,Nampula,,Nampula,-15.1167,39.2667,2026-09-29,05:07,17:18,12:11,September,2026
Mozambique,Niassa,,Lichinga,-13.3128,35.2406,2026-09-29,05:23,17:34,12:11,September,2026
Mozambique,Cabo Delgado,,Pemba,-12.9667,40.5167,2026-09-29,05:02,17:13,12:11,September,2026
Mozambique,Maputo,,Maputo,-25.9653,32.5892,2026-09-30,05:30,17:48,12:18,September,2026
Mozambique,Gaza,,Xai-Xai,-25.05,33.65,2026-09-30,05:26,17:43,12:17,September,2026
Mozambique,Inhambane,,Inhambane,-23.865,35.3833,2026-09-30,05:20,17:36,12:16,September,2026
Mozambique,Sofala,,Beira,-19.8333,34.85,2026-09-30,05:23,17:37,12:14,September,2026
Mozambique,Manica,,Chimoio,-19.1167,33.4833,2026-09-30,05:28,17:42,12:14,September,2026
Mozambique,Tete,,Tete,-16.1569,33.5869,2026-09-30,05:29,17:41,12:12,September,2026
Mozambique,Zambézia,,Quelimane,-17.8764,36.8872,2026-09-30,05:15,17:29,12:14,September,2026
Mozambique,Nampula,,Nampula,-15.1167,39.2667,2026-09-30,05:06,17:18,12:12,September,2026
Mozambique,Niassa,,Lichinga,-13.3128,35.2406,2026-09-30,05:23,17:34,12:11,September,2026
Mozambique,Cabo Delgado,,Pemba,-12.9667,40.5167,2026-09-30,05:02,17:13,12:11,September,2026
Mozambique,Maputo,,Maputo,-25.9653,32.5892,2026-10-01,05:29,17:48,12:19,October,2026
Mozambique,Gaza,,Xai-Xai,-25.05,33.65,2026-10-01,05:25,17:43,12:18,October,2026
Mozambique,Inhambane,,Inhambane,-23.865,35.3833,2026-10-01,05:19,17:36,12:17,October,2026
Mozambique,Sofala,,Beira,-19.8333,34.85,2026-10-01,05:22,17:37,12:15,October,2026
Mozambique,Manica,,Chimoio,-19.1167,33.4833,2026-10-01,05:28,17:43,12:15,October,2026
Mozambique,Tete,,Tete,-16.1569,33.5869,2026-10-01,05:28,17:41,12:13,October,2026
Mozambique,Zambézia,,Quelimane,-17.8764,36.8872,2026-10-01,05:14,17:29,12:15,October,2026
Mozambique,Nampula,,Nampula,-15.1167,39.2667,2026-10-01,05:05,17:19,12:14,October,2026
Mozambique,Niassa,,Lichinga,-13.3128,35.2406,2026-10-01,05:22,17:34,12:12,October,2026
Mozambique,Cabo Delgado,,Pemba,-12.9667,40.5167,2026-10-01,05:01,17:13,12:12,October,2026
Mozambique,Maputo,,Maputo,-25.9653,32.5892,2026-10-02,05:28,17:48,12:20,October,2026
Mozambique,Gaza,,Xai-Xai,-25.05,33.65,2026-10-02,05:24,17:44,12:20,October,2026
Mozambique,Inhambane,,Inhambane,-23.865,35.3833,2026-10-02,05:18,17:37,12:19,October,2026
Mozambique,Sofala,,Beira,-19.8333,34.85,2026-10-02,05:21,17:38,12:17,October,2026
Mozambique,Manica,,Chimoio,-19.1167,33.4833,2026-10-02,05:27,17:43,12:16,October,2026
Mozambique,Tete,,Tete,-16.1569,33.5869,2026-10-02,05:27,17:42,12:15,October,2026
Mozambique,Zambézia,,Quelimane,-17.8764,36.8872,2026-10-02,05:13,17:29,12:16,October,2026
Mozambique,Nampula,,Nampula,-15.1167,39.2667,2026-10-02,05:05,17:19,12:14,October,2026
Mozambique,Niassa,,Lichinga,-13.3128,35.2406,2026-10-02,05:21,17:34,12:13,October,2026
Mozambique,Cabo Delgado,,Pemba,-12.9667,40.5167,2026-10-02,05:00,17:13,12:13,October,2026
Mozambique,Maputo,,Maputo,-25.9653,32.5892,2026-10-03,05:27,17:49,12:22,October,2026
Mozambique,Gaza,,Xai-Xai,-25.05,33.65,2026-10-03,05:23,17:44,12:21,October,2026
Mozambique,Inhambane,,Inhambane,-23.865,35.3833,2026-10-03,05:17,17:37,12:20,October,2026
Mozambique,Sofala,,Beira,-19.8333,34.85,2026-10-03,05:20,17:38,12:18,October,2026
Mozambique,Manica,,Chimoio,-19.1167,33.4833,2026-10-03,05:26,17:43,12:17,October,2026
Mozambique,Tete,,Tete,-16.1569,33.5869,2026-10-03,05:26,17:42,12:16,October,2026
Mozambique,Zambézia,,Quelimane,-17.8764,36.8872,2026-10-03,05:13,17:29,12:16,October,2026
Mozambique,Nampula,,Nampula,-15.1167,39.2667,2026-10-03,05:04,17:19,12:15,October,2026
Mozambique,Niassa,,Lichinga,-13.3128,35.2406,2026-10-03,05:21,17:34,12:13,October,2026
Mozambique,Cabo Delgado,,Pemba,-12.9667,40.5167,2026-10-03,05:00,17:13,12:13,October,2026
Mozambique,Maputo,,Maputo,-25.9653,32.5892,2026-10-04,05:26,17:49,12:23,October,2026
Mozambique,Gaza,,Xai-Xai,-25.05,33.65,2026-10-04,05:22,17:45,12:23,October,2026
Mozambique,Inhambane,,Inhambane,-23.865,35.3833,2026-10-04,05:16,17:37,12:21,October,2026
Mozambique,Sofala,,Beira,-19.8333,34.85,2026-10-04,05:19,17:38,12:19,October,2026
Mozambique,Manica,,Chimoio,-19.1167,33.4833,2026-10-04,05:25,17:43,12:18,October,2026
Mozambique,Tete,,Tete,-16.1569,33.5869,2026-10-04,05:26,17:42,12:16,October,2026
Mozambique,Zambézia,,Quelimane,-17.8764,36.8872,2026-10-04,05:12,17:29,12:17,October,2026
Mozambique,Nampula,,Nampula,-15.1167,39.2667,2026-10-04,05:03,17:19,12:16,October,2026
Mozambique,Niassa,,Lichinga,-13.3128,35.2406,2026-10-04,05:20,17:34,12:14,October,2026
Mozambique,Cabo Delgado,,Pemba,-12.9667,40.5167,2026-10-04,04:59,17:13,12:14,October,2026
Mozambique,Maputo,,Maputo,-25.9653,32.5892,2026-10-05,05:25,17:50,12:25,October,2026
Mozambique,Gaza,,Xai-Xai,-25.05,33.65,2026-10-05,05:21,17:45,12:24,October,2026
Mozambique,Inhambane,,Inhambane,-23.865,35.3833,2026-10-05,05:15,17:38,12:23,October,2026
Mozambique,Sofala,,Beira,-19.8333,34.85,2026-10-05,05:18,17:38,12:20,October,2026
Mozambique,Manica,,Chimoio,-19.1167,33.4833,2026-10-05,05:24,17:43,12:19,October,2026
Mozambique,Tete,,Tete,-16.1569,33.5869,2026-10-05,05:25,17:42,12:17,October,2026
Mozambique,Zambézia,,Quelimane,-17.8764,36.8872,2026-10-05,05:11,17:29,12:18,October,2026
Mozambique,Nampula,,Nampula,-15.1167,39.2667,2026-10-05,05:02,17:19,12:17,October,2026
Mozambique,Niassa,,Lichinga,-13.3128,35.2406,2026-10-05,05:19,17:34,12:15,October,2026
Mozambique,Cabo Delgado,,Pemba,-12.9667,40.5167,2026-10-05,04:58,17:13,12:15,October,2026
Mozambique,Maputo,,Maputo,-25.9653,32.5892,2026-10-06,05:24,17:50,12:26,October,2026
Mozambique,Gaza,,Xai-Xai,-25.05,33.65,2026-10-06,05:20,17:46,12:26,October,2026
Mozambique,Inhambane,,Inhambane,-23.865,35.3833,2026-10-06,05:14,17:38,12:24,October,2026
Mozambique,Sofala,,Beira,-19.8333,34.85,2026-10-06,05:18,17:39,12:21,October,2026
Mozambique,Manica,,Chimoio,-19.1167,33.4833,2026-10-06,05:23,17:44,12:21,October,2026
Mozambique,Tete,,Tete,-16.1569,33.5869,2026-10-06,05:24,17:42,12:18,October,2026
Mozambique,Zambézia,,Quelimane,-17.8764,36.8872,2026-10-06,05:10,17:30,12:20,October,2026
Mozambique,Nampula,,Nampula,-15.1167,39.2667,2026-10-06,05:02,17:19,12:17,October,2026
Mozambique,Niassa,,Lichinga,-13.3128,35.2406,2026-10-06,05:18,17:34,12:16,October,2026
Mozambique,Cabo Delgado,,Pemba,-12.9667,40.5167,2026-10-06,04:58,17:13,12:15,October,2026
Mozambique,Maputo,,Maputo,-25.9653,32.5892,2026-10-07,05:23,17:51,12:28,October,2026
Mozambique,Gaza,,Xai-Xai,-25.05,33.65,2026-10-07,05:19,17:46,12:27,October,2026
Mozambique,Inhambane,,Inhambane,-23.865,35.3833,2026-10-07,05:13,17:38,12:25,October,2026
Mozambique,Sofala,,Beira,-19.8333,34.85,2026-10-07,05:17,17:39,12:22,October,2026
Mozambique,Manica,,Chimoio,-19.1167,33.4833,2026-10-07,05:22,17:44,12:22,October,2026
Mozambique,Tete,,Tete,-16.1569,33.5869,2026-10-07,05:23,17:42,12:19,October,2026
Mozambique,Zambézia,,Quelimane,-17.8764,36.8872,2026-10-07,05:09,17:30,12:21,October,2026
Mozambique,Nampula,,Nampula,-15.1167,39.2667,2026-10-07,05:01,17:19,12:18,October,2026
Mozambique,Niassa,,Lichinga,-13.3128,35.2406,2026-10-07,05:18,17:35,12:17,October,2026
Mozambique,Cabo Delgado,,Pemba,-12.9667,40.5167,2026-10-07,04:57,17:13,12:16,October,2026
Mozambique,Maputo,,Maputo,-25.9653,32.5892,2026-10-08,05:22,17:51,12:29,October,2026
Mozambique,Gaza,,Xai-Xai,-25.05,33.65,2026-10-08,05:18,17:46,12:28,October,2026
Mozambique,Inhambane,,Inhambane,-23.865,35.3833,2026-10-08,05:12,17:39,12:27,October,2026
Mozambique,Sofala,,Beira,-19.8333,34.85,2026-10-08,05:16,17:39,12:23,October,2026
Mozambique,Manica,,Chimoio,-19.1167,33.4833,2026-10-08,05:22,17:44,12:22,October,2026
Mozambique,Tete,,Tete,-16.1569,33.5869,2026-10-08,05:23,17:42,12:19,October,2026
Mozambique,Zambézia,,Quelimane,-17.8764,36.8872,2026-10-08,05:09,17:30,12:21,October,2026
Mozambique,Nampula,,Nampula,-15.1167,39.2667,2026-10-08,05:00,17:19,12:19,October,2026
Mozambique,Niassa,,Lichinga,-13.3128,35.2406,2026-10-08,05:17,17:35,12:18,October,2026
Mozambique,Cabo Delgado,,Pemba,-12.9667,40.5167,2026-10-08,04:56,17:13,12:17,October,2026
Mozambique,Maputo,,Maputo,-25.9653,32.5892,2026-10-09,05:21,17:52,12:31,October,2026
Mozambique,Gaza,,Xai-Xai,-25.05,33.65,2026-10-09,05:17,17:47,12:30,October,2026
Mozambique,Inhambane,,Inhambane,-23.865,35.3833,2026-10-09,05:11,17:39,12:28,October,2026
Mozambique,Sofala,,Beira,-19.8333,34.85,2026-10-09,05:15,17:39,12:24,October,2026
Mozambique,Manica,,Chimoio,-19.1167,33.4833,2026-10-09,05:21,17:44,12:23,October,2026
Mozambique,Tete,,Tete,-16.1569,33.5869,2026-10-09,05:22,17:43,12:21,October,2026
Mozambique,Zambézia,,Quelimane,-17.8764,36.8872,2026-10-09,05:08,17:30,12:22,October,2026
Mozambique,Nampula,,Nampula,-15.1167,39.2667,2026-10-09,05:00,17:19,12:19,October,2026
Mozambique,Niassa,,Lichinga,-13.3128,35.2406,2026-10-09,05:17,17:35,12:18,October,2026
Mozambique,Cabo Delgado,,Pemba,-12.9667,40.5167,2026-10-09,04:56,17:13,12:17,October,2026
Mozambique,Maputo,,Maputo,-25.9653,32.5892,2026-10-10,05:20,17:52,12:32,October,2026
Mozambique,Gaza,,Xai-Xai,-25.05,33.65,2026-10-10,05:16,17:47,12:31,October,2026
Mozambique,Inhambane,,Inhambane,-23.865,35.3833,2026-10-10,05:10,17:40,12:30,October,2026
Mozambique,Sofala,,Beira,-19.8333,34.85,2026-10-10,05:14,17:40,12:26,October,2026
Mozambique,Manica,,Chimoio,-19.1167,33.4833,2026-10-10,05:20,17:45,12:25,October,2026
Mozambique,Tete,,Tete,-16.1569,33.5869,2026-10-10,05:21,17:43,12:22,October,2026
Mozambique,Zambézia,,Quelimane,-17.8764,36.8872,2026-10-10,05:07,17:30,12:23,October,2026
Mozambique,Nampula,,Nampula,-15.1167,39.2667,2026-10-10,04:59,17:20,12:21,October,2026
Mozambique,Niassa,,Lichinga,-13.3128,35.2406,2026-10-10,05:16,17:35,12:19,October,2026
Mozambique,Cabo Delgado,,Pemba,-12.9667,40.5167,2026-10-10,04:55,17:14,12:19,October,2026
Mozambique,Maputo,,Maputo,-25.9653,32.5892,2026-10-11,05:19,17:53,12:34,October,2026
Mozambique,Gaza,,Xai-Xai,-25.05,33.65,2026-10-11,05:15,17:48,12:33,October,2026
Mozambique,Inhambane,,Inhambane,-23.865,35.3833,2026-10-11,05:09,17:40,12:31,October,2026
Mozambique,Sofala,,Beira,-19.8333,34.85,2026-10-11,05:13,17:40,12:27,October,2026
Mozambique,Manica,,Chimoio,-19.1167,33.4833,2026-10-11,05:19,17:45,12:26,October,2026
Mozambique,Tete,,Tete,-16.1569,33.5869,2026-10-11,05:20,17:43,12:23,October,2026
Mozambique,Zambézia,,Quelimane,-17.8764,36.8872,2026-10-11,05:06,17:31,12:25,October,2026
Mozambique,Nampula,,Nampula,-15.1167,39.2667,2026-10-11,04:58,17:20,12:22,October,2026
Mozambique,Niassa,,Lichinga,-13.3128,35.2406,2026-10-11,05:15,17:35,12:20,October,2026
Mozambique,Cabo Delgado,,Pemba,-12.9667,40.5167,2026-10-11,04:54,17:14,12:20,October,2026
Mozambique,Maputo,,Maputo,-25.9653,32.5892,2026-10-12,05:18,17:53,12:35,October,2026
Mozambique,Gaza,,Xai-Xai,-25.05,33.65,2026-10-12,05:14,17:48,12:34,October,2026
Mozambique,Inhambane,,Inhambane,-23.865,35.3833,2026-10-12,05:08,17:41,12:33,October,2026
Mozambique,Sofala,,Beira,-19.8333,34.85,2026-10-12,05:13,17:40,12:27,October,2026
Mozambique,Manica,,Chimoio,-19.1167,33.4833,2026-10-12,05:18,17:45,12:27,October,2026
Mozambique,Tete,,Tete,-16.1569,33.5869,2026-10-12,05:20,17:43,12:23,October,2026
Mozambique,Zambézia,,Quelimane,-17.8764,36.8872,2026-10-12,05:06,17:31,12:25,October,2026
Mozambique,Nampula,,Nampula,-15.1167,39.2667,2026-10-12,04:58,17:20,12:22,October,2026
Mozambique,Niassa,,Lichinga,-13.3128,35.2406,2026-10-12,05:15,17:35,12:20,October,2026
Mozambique,Cabo Delgado,,Pemba,-12.9667,40.5167,2026-10-12,04:54,17:14,12:20,October,2026
Mozambique,Maputo,,Maputo,-25.9653,32.5892,2026-10-13,05:17,17:54,12:37,October,2026
Mozambique,Gaza,,Xai-Xai,-25.05,33.65,2026-10-13,05:13,17:49,12:36,October,2026
Mozambique,Inhambane,,Inhambane,-23.865,35.3833,2026-10-13,05:07,17:41,12:34,October,2026
Mozambique,Sofala,,Beira,-19.8333,34.85,2026-10-13,05:12,17:41,12:29,October,2026
Mozambique,Manica,,Chimoio,-19.1167,33.4833,2026-10-13,05:18,17:46,12:28,October,2026
Mozambique,Tete,,Tete,-16.1569,33.5869,2026-10-13,05:19,17:43,12:24,October,2026
Mozambique,Zambézia,,Quelimane,-17.8764,36.8872,2026-10-13,05:05,17:31,12:26,October,2026
Mozambique,Nampula,,Nampula,-15.1167,39.2667,2026-10-13,04:57,17:20,12:23,October,2026
Mozambique,Niassa,,Lichinga,-13.3128,35.2406,2026-10-13,05:14,17:35,12:21,October,2026
Mozambique,Cabo Delgado,,Pemba,-12.9667,40.5167,2026-10-13,04:53,17:14,12:21,October,2026
Mozambique,Maputo,,Maputo,-25.9653,32.5892,2026-10-14,05:16,17:54,12:38,October,2026
Mozambique,Gaza,,Xai-Xai,-25.05,33.65,2026-10-14,05:12,17:49,12:37,October,2026
Mozambique,Inhambane,,Inhambane,-23.865,35.3833,2026-10-14,05:06,17:41,12:35,October,2026
Mozambique,Sofala,,Beira,-19.8333,34.85,2026-10-14,05:11,17:41,12:30,October,2026
Mozambique,Manica,,Chimoio,-19.1167,33.4833,2026-10-14,05:17,17:46,12:29,October,2026
Mozambique,Tete,,Tete,-16.1569,33.5869,2026-10-14,05:18,17:44,12:26,October,2026
Mozambique,Zambézia,,Quelimane,-17.8764,36.8872,2026-10-14,05:04,17:31,12:27,October,2026
Mozambique,Nampula,,Nampula,-15.1167,39.2667,2026-10-14,04:56,17:20,12:24,October,2026
Mozambique,Niassa,,Lichinga,-13.3128,35.2406,2026-10-14,05:13,17:35,12:22,October,2026
Mozambique,Cabo Delgado,,Pemba,-12.9667,40.5167,2026-10-14,04:53,17:14,12:21,October,2026
Mozambique,Maputo,,Maputo,-25.9653,32.5892,2026-10-15,05:15,17:55,12:40,October,2026
Mozambique,Gaza,,Xai-Xai,-25.05,33.65,2026-10-15,05:11,17:50,12:39,October,2026
Mozambique,Inhambane,,Inhambane,-23.865,35.3833,2026-10-15,05:05,17:42,12:37,October,2026
Mozambique,Sofala,,Beira,-19.8333,34.85,2026-10-15,05:10,17:41,12:31,October,2026
Mozambique,Manica,,Chimoio,-19.1167,33.4833,2026-10-15,05:16,17:46,12:30,October,2026
Mozambique,Tete,,Tete,-16.1569,33.5869,2026-10-15,05:18,17:44,12:26,October,2026
Mozambique,Zambézia,,Quelimane,-17.8764,36.8872,2026-10-15,05:03,17:32,12:29,October,2026
Mozambique,Nampula,,Nampula,-15.1167,39.2667,2026-10-15,04:56,17:20,12:24,October,2026
Mozambique,Niassa,,Lichinga,-13.3128,35.2406,2026-10-15,05:13,17:35,12:22,October,2026
Mozambique,Cabo Delgado,,Pemba,-12.9667,40.5167,2026-10-15,04:52,17:14,12:22,October,2026
Mozambique,Maputo,,Maputo,-25.9653,32.5892,2026-10-16,05:14,17:55,12:41,October,2026
Mozambique,Gaza,,Xai-Xai,-25.05,33.65,2026-10-16,05:10,17:50,12:40,October,2026
Mozambique,Inhambane,,Inhambane,-23.865,35.3833,2026-10-16,05:04,17:42,12:38,October,2026
Mozambique,Sofala,,Beira,-19.8333,34.85,2026-10-16,05:09,17:42,12:33,October,2026
Mozambique,Manica,,Chimoio,-19.1167,33.4833,2026-10-16,05:15,17:47,12:32,October,2026
Mozambique,Tete,,Tete,-16.1569,33.5869,2026-10-16,05:17,17:44,12:27,October,2026
Mozambique,Zambézia,,Quelimane,-17.8764,36.8872,2026-10-16,05:03,17:32,12:29,October,2026
Mozambique,Nampula,,Nampula,-15.1167,39.2667,2026-10-16,04:55,17:21,12:26,October,2026
Mozambique,Niassa,,Lichinga,-13.3128,35.2406,2026-10-16,05:12,17:36,12:24,October,2026
Mozambique,Cabo Delgado,,Pemba,-12.9667,40.5167,2026-10-16,04:51,17:14,12:23,October,2026
Mozambique,Maputo,,Maputo,-25.9653,32.5892,2026-10-17,05:13,17:56,12:43,October,2026
Mozambique,Gaza,,Xai-Xai,-25.05,33.65,2026-10-17,05:09,17:51,12:42,October,2026
Mozambique,Inhambane,,Inhambane,-23.865,35.3833,2026-10-17,05:03,17:43,12:40,October,2026
Mozambique,Sofala,,Beira,-19.8333,34.85,2026-10-17,05:09,17:42,12:33,October,2026
Mozambique,Manica,,Chimoio,-19.1167,33.4833,2026-10-17,05:15,17:47,12:32,October,2026
Mozambique,Tete,,Tete,-16.1569,33.5869,2026-10-17,05:16,17:44,12:28,October,2026
Mozambique,Zambézia,,Quelimane,-17.8764,36.8872,2026-10-17,05:02,17:32,12:30,October,2026
Mozambique,Nampula,,Nampula,-15.1167,39.2667,2026-10-17,04:54,17:21,12:27,October,2026
Mozambique,Niassa,,Lichinga,-13.3128,35.2406,2026-10-17,05:12,17:36,12:24,October,2026
Mozambique,Cabo Delgado,,Pemba,-12.9667,40.5167,2026-10-17,04:51,17:14,12:23,October,2026
Mozambique,Maputo,,Maputo,-25.9653,32.5892,2026-10-18,05:12,17:56,12:44,October,2026
Mozambique,Gaza,,Xai-Xai,-25.05,33.65,2026-10-18,05:09,17:51,12:42,October,2026
Mozambique,Inhambane,,Inhambane,-23.865,35.3833,2026-10-18,05:03,17:43,12:40,October,2026
Mozambique,Sofala,,Beira,-19.8333,34.85,2026-10-18,05:08,17:42,12:34,October,2026
Mozambique,Manica,,Chimoio,-19.1167,33.4833,2026-10-18,05:14,17:47,12:33,October,2026
Mozambique,Tete,,Tete,-16.1569,33.5869,2026-10-18,05:16,17:45,12:29,October,2026
Mozambique,Zambézia,,Quelimane,-17.8764,36.8872,2026-10-18,05:01,17:33,12:32,October,2026
Mozambique,Nampula,,Nampula,-15.1167,39.2667,2026-10-18,04:54,17:21,12:27,October,2026
Mozambique,Niassa,,Lichinga,-13.3128,35.2406,2026-10-18,05:11,17:36,12:25,October,2026
Mozambique,Cabo Delgado,,Pemba,-12.9667,40.5167,2026-10-18,04:50,17:15,12:25,October,2026
Mozambique,Maputo,,Maputo,-25.9653,32.5892,2026-10-19,05:11,17:57,12:46,October,2026
Mozambique,Gaza,,Xai-Xai,-25.05,33.65,2026-10-19,05:08,17:52,12:44,October,2026
Mozambique,Inhambane,,Inhambane,-23.865,35.3833,2026-10-19,05:02,17:44,12:42,October,2026
Mozambique,Sofala,,Beira,-19.8333,34.85,2026-10-19,05:07,17:43,12:36,October,2026
Mozambique,Manica,,Chimoio,-19.1167,33.4833,2026-10-19,05:13,17:48,12:35,October,2026
Mozambique,Tete,,Tete,-16.1569,33.5869,2026-10-19,05:15,17:45,12:30,October,2026
Mozambique,Zambézia,,Quelimane,-17.8764,36.8872,2026-10-19,05:01,17:33,12:32,October,2026
Mozambique,Nampula,,Nampula,-15.1167,39.2667,2026-10-19,04:53,17:21,12:28,October,2026
Mozambique,Niassa,,Lichinga,-13.3128,35.2406,2026-10-19,05:11,17:36,12:25,October,2026
Mozambique,Cabo Delgado,,Pemba,-12.9667,40.5167,2026-10-19,04:50,17:15,12:25,October,2026
Mozambique,Maputo,,Maputo,-25.9653,32.5892,2026-10-20,05:10,17:57,12:47,October,2026
Mozambique,Gaza,,Xai-Xai,-25.05,33.65,2026-10-20,05:07,17:52,12:45,October,2026
Mozambique,Inhambane,,Inhambane,-23.865,35.3833,2026-10-20,05:01,17:44,12:43,October,2026
Mozambique,Sofala,,Beira,-19.8333,34.85,2026-10-20,05:06,17:43,12:37,October,2026
Mozambique,Manica,,Chimoio,-19.1167,33.4833,2026-10-20,05:13,17:48,12:35,October,2026
Mozambique,Tete,,Tete,-16.1569,33.5869,2026-10-20,05:14,17:45,12:31,October,2026
Mozambique,Zambézia,,Quelimane,-17.8764,36.8872,2026-10-20,05:00,17:33,12:33,October,2026
Mozambique,Nampula,,Nampula,-15.1167,39.2667,2026-10-20,04:53,17:22,12:29,October,2026
Mozambique,Niassa,,Lichinga,-13.3128,35.2406,2026-10-20,05:10,17:36,12:26,October,2026
Mozambique,Cabo Delgado,,Pemba,-12.9667,40.5167,2026-10-20,04:49,17:15,12:26,October,2026
Mozambique,Maputo,,Maputo,-25.9653,32.5892,2026-10-21,05:09,17:58,12:49,October,2026
Mozambique,Gaza,,Xai-Xai,-25.05,33.65,2026-10-21,05:06,17:53,12:47,October,2026
Mozambique,Inhambane,,Inhambane,-23.865,35.3833,2026-10-21,05:00,17:45,12:45,October,2026
Mozambique,Sofala,,Beira,-19.8333,34.85,2026-10-21,05:06,17:43,12:37,October,2026
Mozambique,Manica,,Chimoio,-19.1167,33.4833,2026-10-21,05:12,17:48,12:36,October,2026
Mozambique,Tete,,Tete,-16.1569,33.5869,2026-10-21,05:14,17:45,12:31,October,2026
Mozambique,Zambézia,,Quelimane,-17.8764,36.8872,2026-10-21,04:59,17:34,12:35,October,2026
Mozambique,Nampula,,Nampula,-15.1167,39.2667,2026-10-21,04:52,17:22,12:30,October,2026
Mozambique,Niassa,,Lichinga,-13.3128,35.2406,2026-10-21,05:10,17:36,12:26,October,2026
Mozambique,Cabo Delgado,,Pemba,-12.9667,40.5167,2026-10-21,04:49,17:15,12:26,October,2026
Mozambique,Maputo,,Maputo,-25.9653,32.5892,2026-10-22,05:08,17:59,12:51,October,2026
Mozambique,Gaza,,Xai-Xai,-25.05,33.65,2026-10-22,05:05,17:53,12:48,October,2026
Mozambique,Inhambane,,Inhambane,-23.865,35.3833,2026-10-22,04:59,17:45,12:46,October,2026
Mozambique,Sofala,,Beira,-19.8333,34.85,2026-10-22,05:05,17:44,12:39,October,2026
Mozambique,Manica,,Chimoio,-19.1167,33.4833,2026-10-22,05:11,17:49,12:38,October,2026
Mozambique,Tete,,Tete,-16.1569,33.5869,2026-10-22,05:13,17:46,12:33,October,2026
Mozambique,Zambézia,,Quelimane,-17.8764,36.8872,2026-10-22,04:59,17:34,12:35,October,2026
Mozambique,Nampula,,Nampula,-15.1167,39.2667,2026-10-22,04:51,17:22,12:31,October,2026
Mozambique,Niassa,,Lichinga,-13.3128,35.2406,2026-10-22,05:09,17:37,12:28,October,2026
Mozambique,Cabo Delgado,,Pemba,-12.9667,40.5167,2026-10-22,04:48,17:15,12:27,October,2026
Mozambique,Maputo,,Maputo,-25.9653,32.5892,2026-10-23,05:08,17:59,12:51,October,2026
Mozambique,Gaza,,Xai-Xai,-25.05,33.65,2026-10-23,05:04,17:54,12:50,October,2026
Mozambique,Inhambane,,Inhambane,-23.865,35.3833,2026-10-23,04:58,17:46,12:48,October,2026
Mozambique,Sofala,,Beira,-19.8333,34.85,2026-10-23,05:04,17:44,12:40,October,2026
Mozambique,Manica,,Chimoio,-19.1167,33.4833,2026-10-23,05:11,17:49,12:38,October,2026
Mozambique,Tete,,Tete,-16.1569,33.5869,2026-10-23,05:13,17:46,12:33,October,2026
Mozambique,Zambézia,,Quelimane,-17.8764,36.8872,2026-10-23,04:58,17:34,12:36,October,2026
Mozambique,Nampula,,Nampula,-15.1167,39.2667,2026-10-23,04:51,17:22,12:31,October,2026
Mozambique,Niassa,,Lichinga,-13.3128,35.2406,2026-10-23,05:09,17:37,12:28,October,2026
Mozambique,Cabo Delgado,,Pemba,-12.9667,40.5167,2026-10-23,04:48,17:16,12:28,October,2026
Mozambique,Maputo,,Maputo,-25.9653,32.5892,2026-10-24,05:07,18:00,12:53,October,2026
Mozambique,Gaza,,Xai-Xai,-25.05,33.65,2026-10-24,05:03,17:55,12:52,October,2026
Mozambique,Inhambane,,Inhambane,-23.865,35.3833,2026-10-24,04:58,17:46,12:48,October,2026
Mozambique,Sofala,,Beira,-19.8333,34.85,2026-10-24,05:04,17:45,12:41,October,2026
Mozambique,Manica,,Chimoio,-19.1167,33.4833,2026-10-24,05:10,17:49,12:39,October,2026
Mozambique,Tete,,Tete,-16.1569,33.5869,2026-10-24,05:12,17:46,12:34,October,2026
Mozambique,Zambézia,,Quelimane,-17.8764,36.8872,2026-10-24,04:57,17:35,12:38,October,2026
Mozambique,Nampula,,Nampula,-15.1167,39.2667,2026-10-24,04:50,17:23,12:33,October,2026
Mozambique,Niassa,,Lichinga,-13.3128,35.2406,2026-10-24,05:08,17:37,12:29,October,2026
Mozambique,Cabo Delgado,,Pemba,-12.9667,40.5167,2026-10-24,04:47,17:16,12:29,October,2026
Mozambique,Maputo,,Maputo,-25.9653,32.5892,2026-10-25,05:06,18:00,12:54,October,2026
Mozambique,Gaza,,Xai-Xai,-25.05,33.65,2026-10-25,05:03,17:55,12:52,October,2026
Mozambique,Inhambane,,Inhambane,-23.865,35.3833,2026-10-25,04:57,17:47,12:50,October,2026
Mozambique,Sofala,,Beira,-19.8333,34.85,2026-10-25,05:03,17:45,12:42,October,2026
Mozambique,Manica,,Chimoio,-19.1167,33.4833,2026-10-25,05:09,17:50,12:41,October,2026
Mozambique,Tete,,Tete,-16.1569,33.5869,2026-10-25,05:12,17:47,12:35,October,2026
Mozambique,Zambézia,,Quelimane,-17.8764,36.8872,2026-10-25,04:57,17:35,12:38,October,2026
Mozambique,Nampula,,Nampula,-15.1167,39.2667,2026-10-25,04:50,17:23,12:33,October,2026
Mozambique,Niassa,,Lichinga,-13.3128,35.2406,2026-10-25,05:08,17:37,12:29,October,2026
Mozambique,Cabo Delgado,,Pemba,-12.9667,40.5167,2026-10-25,04:47,17:16,12:29,October,2026
Mozambique,Maputo,,Maputo,-25.9653,32.5892,2026-10-26,05:05,18:01,12:56,October,2026
Mozambique,Gaza,,Xai-Xai,-25.05,33.65,2026-10-26,05:02,17:56,12:54,October,2026
Mozambique,Inhambane,,Inhambane,-23.865,35.3833,2026-10-26,04:56,17:48,12:52,October,2026
Mozambique,Sofala,,Beira,-19.8333,34.85,2026-10-26,05:03,17:45,12:42,October,2026
Mozambique,Manica,,Chimoio,-19.1167,33.4833,2026-10-26,05:09,17:50,12:41,October,2026
Mozambique,Tete,,Tete,-16.1569,33.5869,2026-10-26,05:11,17:47,12:36,October,2026
Mozambique,Zambézia,,Quelimane,-17.8764,36.8872,2026-10-26,04:56,17:35,12:39,October,2026
Mozambique,Nampula,,Nampula,-15.1167,39.2667,2026-10-26,04:49,17:23,12:34,October,2026
Mozambique,Niassa,,Lichinga,-13.3128,35.2406,2026-10-26,05:07,17:38,12:31,October,2026
Mozambique,Cabo Delgado,,Pemba,-12.9667,40.5167,2026-10-26,04:46,17:16,12:30,October,2026
Mozambique,Maputo,,Maputo,-25.9653,32.5892,2026-10-27,05:04,18:02,12:58,October,2026
Mozambique,Gaza,,Xai-Xai,-25.05,33.65,2026-10-27,05:01,17:56,12:55,October,2026
Mozambique,Inhambane,,Inhambane,-23.865,35.3833,2026-10-27,04:55,17:48,12:53,October,2026
Mozambique,Sofala,,Beira,-19.8333,34.85,2026-10-27,05:02,17:46,12:44,October,2026
Mozambique,Manica,,Chimoio,-19.1167,33.4833,2026-10-27,05:08,17:51,12:43,October,2026
Mozambique,Tete,,Tete,-16.1569,33.5869,2026-10-27,05:11,17:47,12:36,October,2026
Mozambique,Zambézia,,Quelimane,-17.8764,36.8872,2026-10-27,04:56,17:36,12:40,October,2026
Mozambique,Nampula,,Nampula,-15.1167,39.2667,2026-10-27,04:49,17:24,12:35,October,2026
Mozambique,Niassa,,Lichinga,-13.3128,35.2406,2026-10-27,05:07,17:38,12:31,October,2026
Mozambique,Cabo Delgado,,Pemba,-12.9667,40.5167,2026-10-27,04:46,17:16,12:30,October,2026
Mozambique,Maputo,,Maputo,-25.9653,32.5892,2026-10-28,05:04,18:02,12:58,October,2026
Mozambique,Gaza,,Xai-Xai,-25.05,33.65,2026-10-28,05:00,17:57,12:57,October,2026
Mozambique,Inhambane,,Inhambane,-23.865,35.3833,2026-10-28,04:55,17:49,12:54,October,2026
Mozambique,Sofala,,Beira,-19.8333,34.85,2026-10-28,05:01,17:46,12:45,October,2026
Mozambique,Manica,,Chimoio,-19.1167,33.4833,2026-10-28,05:08,17:51,12:43,October,2026
Mozambique,Tete,,Tete,-16.1569,33.5869,2026-10-28,05:10,17:48,12:38,October,2026
Mozambique,Zambézia,,Quelimane,-17.8764,36.8872,2026-10-28,04:55,17:36,12:41,October,2026
Mozambique,Nampula,,Nampula,-15.1167,39.2667,2026-10-28,04:48,17:24,12:36,October,2026
Mozambique,Niassa,,Lichinga,-13.3128,35.2406,2026-10-28,05:06,17:38,12:32,October,2026
Mozambique,Cabo Delgado,,Pemba,-12.9667,40.5167,2026-10-28,04:46,17:17,12:31,October,2026
Mozambique,Maputo,,Maputo,-25.9653,32.5892,2026-10-29,05:03,18:03,13:00,October,2026
Mozambique,Gaza,,Xai-Xai,-25.05,33.65,2026-10-29,05:00,17:58,12:58,October,2026
Mozambique,Inhambane,,Inhambane,-23.865,35.3833,2026-10-29,04:54,17:49,12:55,October,2026
Mozambique,Sofala,,Beira,-19.8333,34.85,2026-10-29,05:01,17:47,12:46,October,2026
Mozambique,Manica,,Chimoio,-19.1167,33.4833,2026-10-29,05:07,17:52,12:45,October,2026
Mozambique,Tete,,Tete,-16.1569,33.5869,2026-10-29,05:10,17:48,12:38,October,2026
Mozambique,Zambézia,,Quelimane,-17.8764,36.8872,2026-10-29,04:55,17:37,12:42,October,2026
Mozambique,Nampula,,Nampula,-15.1167,39.2667,2026-10-29,04:48,17:24,12:36,October,2026
Mozambique,Niassa,,Lichinga,-13.3128,35.2406,2026-10-29,05:06,17:38,12:32,October,2026
Mozambique,Cabo Delgado,,Pemba,-12.9667,40.5167,2026-10-29,04:45,17:17,12:32,October,2026
Mozambique,Maputo,,Maputo,-25.9653,32.5892,2026-10-30,05:02,18:04,13:02,October,2026
Mozambique,Gaza,,Xai-Xai,-25.05,33.65,2026-10-30,04:59,17:58,12:59,October,2026
Mozambique,Inhambane,,Inhambane,-23.865,35.3833,2026-10-30,04:53,17:50,12:57,October,2026
Mozambique,Sofala,,Beira,-19.8333,34.85,2026-10-30,05:00,17:47,12:47,October,2026
Mozambique,Manica,,Chimoio,-19.1167,33.4833,2026-10-30,05:06,17:52,12:46,October,2026
Mozambique,Tete,,Tete,-16.1569,33.5869,2026-10-30,05:09,17:48,12:39,October,2026
Mozambique,Zambézia,,Quelimane,-17.8764,36.8872,2026-10-30,04:54,17:37,12:43,October,2026
Mozambique,Nampula,,Nampula,-15.1167,39.2667,2026-10-30,04:48,17:25,12:37,October,2026
Mozambique,Niassa,,Lichinga,-13.3128,35.2406,2026-10-30,05:06,17:39,12:33,October,2026
Mozambique,Cabo Delgado,,Pemba,-12.9667,40.5167,2026-10-30,04:45,17:17,12:32,October,2026
Mozambique,Maputo,,Maputo,-25.9653,32.5892,2026-10-31,05:01,18:04,13:03,October,2026
Mozambique,Gaza,,Xai-Xai,-25.05,33.65,2026-10-31,04:58,17:59,13:01,October,2026
Mozambique,Inhambane,,Inhambane,-23.865,35.3833,2026-10-31,04:53,17:50,12:57,October,2026
Mozambique,Sofala,,Beira,-19.8333,34.85,2026-10-31,05:00,17:48,12:48,October,2026
Mozambique,Manica,,Chimoio,-19.1167,33.4833,2026-10-31,05:06,17:52,12:46,October,2026
Mozambique,Tete,,Tete,-16.1569,33.5869,2026-10-31,05:09,17:49,12:40,October,2026
Mozambique,Zambézia,,Quelimane,-17.8764,36.8872,2026-10-31,04:54,17:37,12:43,October,2026
Mozambique,Nampula,,Nampula,-15.1167,39.2667,2026-10-31,04:47,17:25,12:38,October,2026
Mozambique,Niassa,,Lichinga,-13.3128,35.2406,2026-10-31,05:05,17:39,12:34,October,2026
Mozambique,Cabo Delgado,,Pemba,-12.9667,40.5167,2026-10-31,04:45,17:18,12:33,October,2026
Mozambique,Maputo,,Maputo,-25.9653,32.5892,2026-11-01,05:01,18:05,13:04,November,2026
Mozambique,Gaza,,Xai-Xai,-25.05,33.65,2026-11-01,04:58,17:59,13:01,November,2026
Mozambique,Inhambane,,Inhambane,-23.865,35.3833,2026-11-01,04:52,17:51,12:59,November,2026
Mozambique,Sofala,,Beira,-19.8333,34.85,2026-11-01,04:59,17:48,12:49,November,2026
Mozambique,Manica,,Chimoio,-19.1167,33.4833,2026-11-01,05:05,17:53,12:48,November,2026
Mozambique,Tete,,Tete,-16.1569,33.5869,2026-11-01,05:08,17:49,12:41,November,2026
Mozambique,Zambézia,,Quelimane,-17.8764,36.8872,2026-11-01,04:53,17:38,12:45,November,2026
Mozambique,Nampula,,Nampula,-15.1167,39.2667,2026-11-01,04:47,17:25,12:38,November,2026
Mozambique,Niassa,,Lichinga,-13.3128,35.2406,2026-11-01,05:05,17:39,12:34,November,2026
Mozambique,Cabo Delgado,,Pemba,-12.9667,40.5167,2026-11-01,04:44,17:18,12:34,November,2026
Mozambique,Maputo,,Maputo,-25.9653,32.5892,2026-11-02,05:00,18:06,13:06,November,2026
Mozambique,Gaza,,Xai-Xai,-25.05,33.65,2026-11-02,04:57,18:00,13:03,November,2026
Mozambique,Inhambane,,Inhambane,-23.865,35.3833,2026-11-02,04:51,17:52,13:01,November,2026
Mozambique,Sofala,,Beira,-19.8333,34.85,2026-11-02,04:59,17:49,12:50,November,2026
Mozambique,Manica,,Chimoio,-19.1167,33.4833,2026-11-02,05:05,17:53,12:48,November,2026
Mozambique,Tete,,Tete,-16.1569,33.5869,2026-11-02,05:08,17:50,12:42,November,2026
Mozambique,Zambézia,,Quelimane,-17.8764,36.8872,2026-11-02,04:53,17:38,12:45,November,2026
Mozambique,Nampula,,Nampula,-15.1167,39.2667,2026-11-02,04:46,17:26,12:40,November,2026
Mozambique,Niassa,,Lichinga,-13.3128,35.2406,2026-11-02,05:05,17:40,12:35,November,2026
Mozambique,Cabo Delgado,,Pemba,-12.9667,40.5167,2026-11-02,04:44,17:18,12:34,November,2026
Mozambique,Maputo,,Maputo,-25.9653,32.5892,2026-11-03,04:59,18:06,13:07,November,2026
Mozambique,Gaza,,Xai-Xai,-25.05,33.65,2026-11-03,04:56,18:01,13:05,November,2026
Mozambique,Inhambane,,Inhambane,-23.865,35.3833,2026-11-03,04:51,17:52,13:01,November,2026
Mozambique,Sofala,,Beira,-19.8333,34.85,2026-11-03,04:58,17:49,12:51,November,2026
Mozambique,Manica,,Chimoio,-19.1167,33.4833,2026-11-03,05:04,17:54,12:50,November,2026
Mozambique,Tete,,Tete,-16.1569,33.5869,2026-11-03,05:08,17:50,12:42,November,2026
Mozambique,Zambézia,,Quelimane,-17.8764,36.8872,2026-11-03,04:52,17:39,12:47,November,2026
Mozambique,Nampula,,Nampula,-15.1167,39.2667,2026-11-03,04:46,17:26,12:40,November,2026
Mozambique,Niassa,,Lichinga,-13.3128,35.2406,2026-11-03,05:04,17:40,12:36,November,2026
Mozambique,Cabo Delgado,,Pemba,-12.9667,40.5167,2026-11-03,04:44,17:19,12:35,November,2026
Mozambique,Maputo,,Maputo,-25.9653,32.5892,2026-11-04,04:59,18:07,13:08,November,2026
Mozambique,Gaza,,Xai-Xai,-25.05,33.65,2026-11-04,04:56,18:01,13:05,November,2026
Mozambique,Inhambane,,Inhambane,-23.865,35.3833,2026-11-04,04:50,17:53,13:03,November,2026
Mozambique,Sofala,,Beira,-19.8333,34.85,2026-11-04,04:58,17:50,12:52,November,2026
Mozambique,Manica,,Chimoio,-19.1167,33.4833,2026-11-04,05:04,17:54,12:50,November,2026
Mozambique,Tete,,Tete,-16.1569,33.5869,2026-11-04,05:07,17:50,12:43,November,2026
Mozambique,Zambézia,,Quelimane,-17.8764,36.8872,2026-11-04,04:52,17:39,12:47,November,2026
Mozambique,Nampula,,Nampula,-15.1167,39.2667,2026-11-04,04:46,17:26,12:40,November,2026
Mozambique,Niassa,,Lichinga,-13.3128,35.2406,2026-11-04,05:04,17:40,12:36,November,2026
Mozambique,Cabo Delgado,,Pemba,-12.9667,40.5167,2026-11-04,04:43,17:19,12:36,November,2026
Mozambique,Maputo,,Maputo,-25.9653,32.5892,2026-11-05,04:58,18:08,13:10,November,2026
Mozambique,Gaza,,Xai-Xai,-25.05,33.65,2026-11-05,04:55,18:02,13:07,November,2026
Mozambique,Inhambane,,Inhambane,-23.865,35.3833,2026-11-05,04:50,17:54,13:04,November,2026
Mozambique,Sofala,,Beira,-19.8333,34.85,2026-11-05,04:57,17:50,12:53,November,2026
Mozambique,Manica,,Chimoio,-19.1167,33.4833,2026-11-05,05:04,17:55,12:51,November,2026
Mozambique,Tete,,Tete,-16.1569,33.5869,2026-11-05,05:07,17:51,12:44,November,2026
Mozambique,Zambézia,,Quelimane,-17.8764,36.8872,2026-11-05,04:52,17:40,12:48,November,2026
Mozambique,Nampula,,Nampula,-15.1167,39.2667,2026-11-05,04:45,17:27,12:42,November,2026
Mozambique,Niassa,,Lichinga,-13.3128,35.2406,2026-11-05,05:04,17:41,12:37,November,2026
Mozambique,Cabo Delgado,,Pemba,-12.9667,40.5167,2026-11-05,04:43,17:19,12:36,November,2026
Mozambique,Maputo,,Maputo,-25.9653,32.5892,2026-11-06,04:57,18:08,13:11,November,2026
Mozambique,Gaza,,Xai-Xai,-25.05,33.65,2026-11-06,04:54,18:03,13:09,November,2026
Mozambique,Inhambane,,Inhambane,-23.865,35.3833,2026-11-06,04:49,17:54,13:05,November,2026
Mozambique,Sofala,,Beira,-19.8333,34.85,2026-11-06,04:57,17:51,12:54,November,2026
Mozambique,Manica,,Chimoio,-19.1167,33.4833,2026-11-06,05:03,17:55,12:52,November,2026
Mozambique,Tete,,Tete,-16.1569,33.5869,2026-11-06,05:07,17:51,12:44,November,2026
Mozambique,Zambézia,,Quelimane,-17.8764,36.8872,2026-11-06,04:51,17:40,12:49,November,2026
Mozambique,Nampula,,Nampula,-15.1167,39.2667,2026-11-06,04:45,17:27,12:42,November,2026
Mozambique,Niassa,,Lichinga,-13.3128,35.2406,2026-11-06,05:03,17:41,12:38,November,2026
Mozambique,Cabo Delgado,,Pemba,-12.9667,40.5167,2026-11-06,04:43,17:20,12:37,November,2026
Mozambique,Maputo,,Maputo,-25.9653,32.5892,2026-11-07,04:57,18:09,13:12,November,2026
Mozambique,Gaza,,Xai-Xai,-25.05,33.65,2026-11-07,04:54,18:04,13:10,November,2026
Mozambique,Inhambane,,Inhambane,-23.865,35.3833,2026-11-07,04:49,17:55,13:06,November,2026
Mozambique,Sofala,,Beira,-19.8333,34.85,2026-11-07,04:56,17:51,12:55,November,2026
Mozambique,Manica,,Chimoio,-19.1167,33.4833,2026-11-07,05:03,17:56,12:53,November,2026
Mozambique,Tete,,Tete,-16.1569,33.5869,2026-11-07,05:06,17:52,12:46,November,2026
Mozambique,Zambézia,,Quelimane,-17.8764,36.8872,2026-11-07,04:51,17:41,12:50,November,2026
Mozambique,Nampula,,Nampula,-15.1167,39.2667,2026-11-07,04:45,17:28,12:43,November,2026
Mozambique,Niassa,,Lichinga,-13.3128,35.2406,2026-11-07,05:03,17:42,12:39,November,2026
Mozambique,Cabo Delgado,,Pemba,-12.9667,40.5167,2026-11-07,04:42,17:20,12:38,November,2026
Mozambique,Maputo,,Maputo,-25.9653,32.5892,2026-11-08,04:56,18:10,13:14,November,2026
Mozambique,Gaza,,Xai-Xai,-25.05,33.65,2026-11-08,04:53,18:04,13:11,November,2026
Mozambique,Inhambane,,Inhambane,-23.865,35.3833,2026-11-08,04:48,17:56,13:08,November,2026
Mozambique,Sofala,,Beira,-19.8333,34.85,2026-11-08,04:56,17:52,12:56,November,2026
Mozambique,Manica,,Chimoio,-19.1167,33.4833,2026-11-08,05:02,17:57,12:55,November,2026
Mozambique,Tete,,Tete,-16.1569,33.5869,2026-11-08,05:06,17:52,12:46,November,2026
Mozambique,Zambézia,,Quelimane,-17.8764,36.8872,2026-11-08,04:50,17:41,12:51,November,2026
Mozambique,Nampula,,Nampula,-15.1167,39.2667,2026-11-08,04:45,17:28,12:43,November,2026
Mozambique,Niassa,,Lichinga,-13.3128,35.2406,2026-11-08,05:03,17:42,12:39,November,2026
Mozambique,Cabo Delgado,,Pemba,-12.9667,40.5167,2026-11-08,04:42,17:20,12:38,November,2026
Mozambique,Maputo,,Maputo,-25.9653,32.5892,2026-11-09,04:56,18:11,13:15,November,2026
Mozambique,Gaza,,Xai-Xai,-25.05,33.65,2026-11-09,04:53,18:05,13:12,November,2026
Mozambique,Inhambane,,Inhambane,-23.865,35.3833,2026-11-09,04:48,17:56,13:08,November,2026
Mozambique,Sofala,,Beira,-19.8333,34.85,2026-11-09,04:56,17:53,12:57,November,2026
Mozambique,Manica,,Chimoio,-19.1167,33.4833,2026-11-09,05:02,17:57,12:55,November,2026
Mozambique,Tete,,Tete,-16.1569,33.5869,2026-11-09,05:06,17:53,12:47,November,2026
Mozambique,Zambézia,,Quelimane,-17.8764,36.8872,2026-11-09,04:50,17:42,12:52,November,2026
Mozambique,Nampula,,Nampula,-15.1167,39.2667,2026-11-09,04:44,17:29,12:45,November,2026
Mozambique,Niassa,,Lichinga,-13.3128,35.2406,2026-11-09,05:03,17:42,12:39,November,2026
Mozambique,Cabo Delgado,,Pemba,-12.9667,40.5167,2026-11-09,04:42,17:21,12:39,November,2026
Mozambique,Maputo,,Maputo,-25.9653,32.5892,2026-11-10,04:55,18:11,13:16,November,2026
Mozambique,Gaza,,Xai-Xai,-25.05,33.65,2026-11-10,04:52,18:06,13:14,November,2026
Mozambique,Inhambane,,Inhambane,-23.865,35.3833,2026-11-10,04:47,17:57,13:10,November,2026
Mozambique,Sofala,,Beira,-19.8333,34.85,2026-11-10,04:55,17:53,12:58,November,2026
Mozambique,Manica,,Chimoio,-19.1167,33.4833,2026-11-10,05:02,17:58,12:56,November,2026
Mozambique,Tete,,Tete,-16.1569,33.5869,2026-11-10,05:05,17:53,12:48,November,2026
Mozambique,Zambézia,,Quelimane,-17.8764,36.8872,2026-11-10,04:50,17:42,12:52,November,2026
Mozambique,Nampula,,Nampula,-15.1167,39.2667,2026-11-10,04:44,17:29,12:45,November,2026
Mozambique,Niassa,,Lichinga,-13.3128,35.2406,2026-11-10,05:03,17:43,12:40,November,2026
Mozambique,Cabo Delgado,,Pemba,-12.9667,40.5167,2026-11-10,04:42,17:21,12:39,November,2026
Mozambique,Maputo,,Maputo,-25.9653,32.5892,2026-11-11,04:55,18:12,13:17,November,2026
Mozambique,Gaza,,Xai-Xai,-25.05,33.65,2026-11-11,04:52,18:06,13:14,November,2026
Mozambique,Inhambane,,Inhambane,-23.865,35.3833,2026-11-11,04:47,17:58,13:11,November,2026
Mozambique,Sofala,,Beira,-19.8333,34.85,2026-11-11,04:55,17:54,12:59,November,2026
Mozambique,Manica,,Chimoio,-19.1167,33.4833,2026-11-11,05:01,17:58,12:57,November,2026
Mozambique,Tete,,Tete,-16.1569,33.5869,2026-11-11,05:05,17:54,12:49,November,2026
Mozambique,Zambézia,,Quelimane,-17.8764,36.8872,2026-11-11,04:50,17:43,12:53,November,2026
Mozambique,Nampula,,Nampula,-15.1167,39.2667,2026-11-11,04:44,17:30,12:46,November,2026
Mozambique,Niassa,,Lichinga,-13.3128,35.2406,2026-11-11,05:02,17:43,12:41,November,2026
Mozambique,Cabo Delgado,,Pemba,-12.9667,40.5167,2026-11-11,04:42,17:22,12:40,November,2026
Mozambique,Maputo,,Maputo,-25.9653,32.5892,2026-11-12,04:54,18:13,13:19,November,2026
Mozambique,Gaza,,Xai-Xai,-25.05,33.65,2026-11-12,04:51,18:07,13:16,November,2026
Mozambique,Inhambane,,Inhambane,-23.865,35.3833,2026-11-12,04:46,17:58,13:12,November,2026
Mozambique,Sofala,,Beira,-19.8333,34.85,2026-11-12,04:55,17:54,12:59,November,2026
Mozambique,Manica,,Chimoio,-19.1167,33.4833,2026-11-12,05:01,17:59,12:58,November,2026
Mozambique,Tete,,Tete,-16.1569,33.5869,2026-11-12,05:05,17:54,12:49,November,2026
Mozambique,Zambézia,,Quelimane,-17.8764,36.8872,2026-11-12,04:49,17:43,12:54,November,2026
Mozambique,Nampula,,Nampula,-15.1167,39.2667,2026-11-12,04:44,17:30,12:46,November,2026
Mozambique,Niassa,,Lichinga,-13.3128,35.2406,2026-11-12,05:02,17:44,12:42,November,2026
Mozambique,Cabo Delgado,,Pemba,-12.9667,40.5167,2026-11-12,04:42,17:22,12:40,November,2026
Mozambique,Maputo,,Maputo,-25.9653,32.5892,2026-11-13,04:54,18:14,13:20,November,2026
Mozambique,Gaza,,Xai-Xai,-25.05,33.65,2026-11-13,04:51,18:08,13:17,November,2026
Mozambique,Inhambane,,Inhambane,-23.865,35.3833,2026-11-13,04:46,17:59,13:13,November,2026
Mozambique,Sofala,,Beira,-19.8333,34.85,2026-11-13,04:54,17:55,13:01,November,2026
Mozambique,Manica,,Chimoio,-19.1167,33.4833,2026-11-13,05:01,17:59,12:58,November,2026
Mozambique,Tete,,Tete,-16.1569,33.5869,2026-11-13,05:05,17:55,12:50,November,2026
Mozambique,Zambézia,,Quelimane,-17.8764,36.8872,2026-11-13,04:49,17:44,12:55,November,2026
Mozambique,Nampula,,Nampula,-15.1167,39.2667,2026-11-13,04:43,17:30,12:47,November,2026
Mozambique,Niassa,,Lichinga,-13.3128,35.2406,2026-11-13,05:02,17:44,12:42,November,2026
Mozambique,Cabo Delgado,,Pemba,-12.9667,40.5167,2026-11-13,04:41,17:22,12:41,November,2026
Mozambique,Maputo,,Maputo,-25.9653,32.5892,2026-11-14,04:53,18:14,13:21,November,2026
Mozambique,Gaza,,Xai-Xai,-25.05,33.65,2026-11-14,04:51,18:09,13:18,November,2026
Mozambique,Inhambane,,Inhambane,-23.865,35.3833,2026-11-14,04:46,18:00,13:14,November,2026
Mozambique,Sofala,,Beira,-19.8333,34.85,2026-11-14,04:54,17:56,13:02,November,2026
Mozambique,Manica,,Chimoio,-19.1167,33.4833,2026-11-14,05:01,18:00,12:59,November,2026
Mozambique,Tete,,Tete,-16.1569,33.5869,2026-11-14,05:05,17:55,12:50,November,2026
Mozambique,Zambézia,,Quelimane,-17.8764,36.8872,2026-11-14,04:49,17:44,12:55,November,2026
Mozambique,Nampula,,Nampula,-15.1167,39.2667,2026-11-14,04:43,17:31,12:48,November,2026
Mozambique,Niassa,,Lichinga,-13.3128,35.2406,2026-11-14,05:02,17:45,12:43,November,2026
Mozambique,Cabo Delgado,,Pemba,-12.9667,40.5167,2026-11-14,04:41,17:23,12:42,November,2026
Mozambique,Maputo,,Maputo,-25.9653,32.5892,2026-11-15,04:53,18:15,13:22,November,2026
Mozambique,Gaza,,Xai-Xai,-25.05,33.65,2026-11-15,04:50,18:09,13:19,November,2026
Mozambique,Inhambane,,Inhambane,-23.865,35.3833,2026-11-15,04:45,18:00,13:15,November,2026
Mozambique,Sofala,,Beira,-19.8333,34.85,2026-11-15,04:54,17:56,13:02,November,2026
Mozambique,Manica,,Chimoio,-19.1167,33.4833,2026-11-15,05:00,18:01,13:01,November,2026
Mozambique,Tete,,Tete,-16.1569,33.5869,2026-11-15,05:04,17:56,12:52,November,2026
Mozambique,Zambézia,,Quelimane,-17.8764,36.8872,2026-11-15,04:49,17:45,12:56,November,2026
Mozambique,Nampula,,Nampula,-15.1167,39.2667,2026-11-15,04:43,17:31,12:48,November,2026
Mozambique,Niassa,,Lichinga,-13.3128,35.2406,2026-11-15,05:02,17:45,12:43,November,2026
Mozambique,Cabo Delgado,,Pemba,-12.9667,40.5167,2026-11-15,04:41,17:23,12:42,November,2026
Mozambique,Maputo,,Maputo,-25.9653,32.5892,2026-11-16,04:53,18:16,13:23,November,2026
Mozambique,Gaza,,Xai-Xai,-25.05,33.65,2026-11-16,04:50,18:10,13:20,November,2026
Mozambique,Inhambane,,Inhambane,-23.865,35.3833,2026-11-16,04:45,18:01,13:16,November,2026
Mozambique,Sofala,,Beira,-19.8333,34.85,2026-11-16,04:54,17:57,13:03,November,2026
Mozambique,Manica,,Chimoio,-19.1167,33.4833,2026-11-16,05:00,18:01,13:01,November,2026
Mozambique,Tete,,Tete,-16.1569,33.5869,2026-11-16,05:04,17:56,12:52,November,2026
Mozambique,Zambézia,,Quelimane,-17.8764,36.8872,2026-11-16,04:48,17:46,12:58,November,2026
Mozambique,Nampula,,Nampula,-15.1167,39.2667,2026-11-16,04:43,17:32,12:49,November,2026
Mozambique,Niassa,,Lichinga,-13.3128,35.2406,2026-11-16,05:02,17:45,12:43,November,2026
Mozambique,Cabo Delgado,,Pemba,-12.9667,40.5167,2026-11-16,04:41,17:24,12:43,November,2026
Mozambique,Maputo,,Maputo,-25.9653,32.5892,2026-11-17,04:52,18:17,13:25,November,2026
Mozambique,Gaza,,Xai-Xai,-25.05,33.65,2026-11-17,04:50,18:11,13:21,November,2026
Mozambique,Inhambane,,Inhambane,-23.865,35.3833,2026-11-17,04:45,18:02,13:17,November,2026
Mozambique,Sofala,,Beira,-19.8333,34.85,2026-11-17,04:53,17:57,13:04,November,2026
Mozambique,Manica,,Chimoio,-19.1167,33.4833,2026-11-17,05:00,18:02,13:02,November,2026
Mozambique,Tete,,Tete,-16.1569,33.5869,2026-11-17,05:04,17:57,12:53,November,2026
Mozambique,Zambézia,,Quelimane,-17.8764,36.8872,2026-11-17,04:48,17:46,12:58,November,2026
Mozambique,Nampula,,Nampula,-15.1167,39.2667,2026-11-17,04:43,17:32,12:49,November,2026
Mozambique,Niassa,,Lichinga,-13.3128,35.2406,2026-11-17,05:02,17:46,12:44,November,2026
Mozambique,Cabo Delgado,,Pemba,-12.9667,40.5167,2026-11-17,04:41,17:24,12:43,November,2026
Mozambique,Maputo,,Maputo,-25.9653,32.5892,2026-11-18,04:52,18:17,13:25,November,2026
Mozambique,Gaza,,Xai-Xai,-25.05,33.65,2026-11-18,04:49,18:11,13:22,November,2026
Mozambique,Inhambane,,Inhambane,-23.865,35.3833,2026-11-18,04:44,18:02,13:18,November,2026
Mozambique,Sofala,,Beira,-19.8333,34.85,2026-11-18,04:53,17:58,13:05,November,2026
Mozambique,Manica,,Chimoio,-19.1167,33.4833,2026-11-18,05:00,18:02,13:02,November,2026
Mozambique,Tete,,Tete,-16.1569,33.5869,2026-11-18,05:04,17:57,12:53,November,2026
Mozambique,Zambézia,,Quelimane,-17.8764,36.8872,2026-11-18,04:48,17:47,12:59,November,2026
Mozambique,Nampula,,Nampula,-15.1167,39.2667,2026-11-18,04:43,17:33,12:50,November,2026
Mozambique,Niassa,,Lichinga,-13.3128,35.2406,2026-11-18,05:02,17:46,12:44,November,2026
Mozambique,Cabo Delgado,,Pemba,-12.9667,40.5167,2026-11-18,04:41,17:25,12:44,November,2026
Mozambique,Maputo,,Maputo,-25.9653,32.5892,2026-11-19,04:52,18:18,13:26,November,2026
Mozambique,Gaza,,Xai-Xai,-25.05,33.65,2026-11-19,04:49,18:12,13:23,November,2026
Mozambique,Inhambane,,Inhambane,-23.865,35.3833,2026-11-19,04:44,18:03,13:19,November,2026
Mozambique,Sofala,,Beira,-19.8333,34.85,2026-11-19,04:53,17:59,13:06,November,2026
Mozambique,Manica,,Chimoio,-19.1167,33.4833,2026-11-19,05:00,18:03,13:03,November,2026
Mozambique,Tete,,Tete,-16.1569,33.5869,2026-11-19,05:04,17:58,12:54,November,2026
Mozambique,Zambézia,,Quelimane,-17.8764,36.8872,2026-11-19,04:48,17:47,12:59,November,2026
Mozambique,Nampula,,Nampula,-15.1167,39.2667,2026-11-19,04:43,17:34,12:51,November,2026
Mozambique,Niassa,,Lichinga,-13.3128,35.2406,2026-11-19,05:02,17:47,12:45,November,2026
Mozambique,Cabo Delgado,,Pemba,-12.9667,40.5167,2026-11-19,04:41,17:25,12:44,November,2026
Mozambique,Maputo,,Maputo,-25.9653,32.5892,2026-11-20,04:51,18:19,13:28,November,2026
Mozambique,Gaza,,Xai-Xai,-25.05,33.65,2026-11-20,04:49,18:13,13:24,November,2026
Mozambique,Inhambane,,Inhambane,-23.865,35.3833,2026-11-20,04:44,18:04,13:20,November,2026
Mozambique,Sofala,,Beira,-19.8333,34.85,2026-11-20,04:53,17:59,13:06,November,2026
Mozambique,Manica,,Chimoio,-19.1167,33.4833,2026-11-20,04:59,18:04,13:05,November,2026
Mozambique,Tete,,Tete,-16.1569,33.5869,2026-11-20,05:04,17:58,12:54,November,2026
Mozambique,Zambézia,,Quelimane,-17.8764,36.8872,2026-11-20,04:48,17:48,13:00,November,2026
Mozambique,Nampula,,Nampula,-15.1167,39.2667,2026-11-20,04:43,17:34,12:51,November,2026
Mozambique,Niassa,,Lichinga,-13.3128,35.2406,2026-11-20,05:02,17:47,12:45,November,2026
Mozambique,Cabo Delgado,,Pemba,-12.9667,40.5167,2026-11-20,04:41,17:26,12:45,November,2026
Mozambique,Maputo,,Maputo,-25.9653,32.5892,2026-11-21,04:51,18:20,13:29,November,2026
Mozambique,Gaza,,Xai-Xai,-25.05,33.65,2026-11-21,04:48,18:14,13:26,November,2026
Mozambique,Inhambane,,Inhambane,-23.865,35.3833,2026-11-21,04:44,18:05,13:21,November,2026
Mozambique,Sofala,,Beira,-19.8333,34.85,2026-11-21,04:53,18:00,13:07,November,2026
Mozambique,Manica,,Chimoio,-19.1167,33.4833,2026-11-21,04:59,18:04,13:05,November,2026
Mozambique,Tete,,Tete,-16.1569,33.5869,2026-11-21,05:04,17:59,12:55,November,2026
Mozambique,Zambézia,,Quelimane,-17.8764,36.8872,2026-11-21,04:48,17:48,13:00,November,2026
Mozambique,Nampula,,Nampula,-15.1167,39.2667,2026-11-21,04:43,17:35,12:52,November,2026
Mozambique,Niassa,,Lichinga,-13.3128,35.2406,2026-11-21,05:02,17:48,12:46,November,2026
Mozambique,Cabo Delgado,,Pemba,-12.9667,40.5167,2026-11-21,04:41,17:26,12:45,November,2026
Mozambique,Maputo,,Maputo,-25.9653,32.5892,2026-11-22,04:51,18:20,13:29,November,2026
Mozambique,Gaza,,Xai-Xai,-25.05,33.65,2026-11-22,04:48,18:14,13:26,November,2026
Mozambique,Inhambane,,Inhambane,-23.865,35.3833,2026-11-22,04:43,18:05,13:22,November,2026
Mozambique,Sofala,,Beira,-19.8333,34.85,2026-11-22,04:53,18:00,13:07,November,2026
Mozambique,Manica,,Chimoio,-19.1167,33.4833,2026-11-22,04:59,18:05,13:06,November,2026
Mozambique,Tete,,Tete,-16.1569,33.5869,2026-11-22,05:04,17:59,12:55,November,2026
Mozambique,Zambézia,,Quelimane,-17.8764,36.8872,2026-11-22,04:48,17:49,13:01,November,2026
Mozambique,Nampula,,Nampula,-15.1167,39.2667,2026-11-22,04:43,17:35,12:52,November,2026
Mozambique,Niassa,,Lichinga,-13.3128,35.2406,2026-11-22,05:02,17:48,12:46,November,2026
Mozambique,Cabo Delgado,,Pemba,-12.9667,40.5167,2026-11-22,04:41,17:27,12:46,November,2026
Mozambique,Maputo,,Maputo,-25.9653,32.5892,2026-11-23,04:51,18:21,13:30,November,2026
Mozambique,Gaza,,Xai-Xai,-25.05,33.65,2026-11-23,04:48,18:15,13:27,November,2026
Mozambique,Inhambane,,Inhambane,-23.865,35.3833,2026-11-23,04:43,18:06,13:23,November,2026
Mozambique,Sofala,,Beira,-19.8333,34.85,2026-11-23,04:53,18:01,13:08,November,2026
Mozambique,Manica,,Chimoio,-19.1167,33.4833,2026-11-23,04:59,18:05,13:06,November,2026
Mozambique,Tete,,Tete,-16.1569,33.5869,2026-11-23,05:04,18:00,12:56,November,2026
Mozambique,Zambézia,,Quelimane,-17.8764,36.8872,2026-11-23,04:48,17:50,13:02,November,2026
Mozambique,Nampula,,Nampula,-15.1167,39.2667,2026-11-23,04:43,17:36,12:53,November,2026
Mozambique,Niassa,,Lichinga,-13.3128,35.2406,2026-11-23,05:02,17:49,12:47,November,2026
Mozambique,Cabo Delgado,,Pemba,-12.9667,40.5167,2026-11-23,04:41,17:27,12:46,November,2026
Mozambique,Maputo,,Maputo,-25.9653,32.5892,2026-11-24,04:50,18:22,13:32,November,2026
Mozambique,Gaza,,Xai-Xai,-25.05,33.65,2026-11-24,04:48,18:16,13:28,November,2026
Mozambique,Inhambane,,Inhambane,-23.865,35.3833,2026-11-24,04:43,18:07,13:24,November,2026
Mozambique,Sofala,,Beira,-19.8333,34.85,2026-11-24,04:52,18:02,13:10,November,2026
Mozambique,Manica,,Chimoio,-19.1167,33.4833,2026-11-24,04:59,18:06,13:07,November,2026
Mozambique,Tete,,Tete,-16.1569,33.5869,2026-11-24,05:04,18:01,12:57,November,2026
Mozambique,Zambézia,,Quelimane,-17.8764,36.8872,2026-11-24,04:48,17:50,13:02,November,2026
Mozambique,Nampula,,Nampula,-15.1167,39.2667,2026-11-24,04:43,17:36,12:53,November,2026
Mozambique,Niassa,,Lichinga,-13.3128,35.2406,2026-11-24,05:02,17:49,12:47,November,2026
Mozambique,Cabo Delgado,,Pemba,-12.9667,40.5167,2026-11-24,04:41,17:28,12:47,November,2026
Mozambique,Maputo,,Maputo,-25.9653,32.5892,2026-11-25,04:50,18:23,13:33,November,2026
Mozambique,Gaza,,Xai-Xai,-25.05,33.65,2026-11-25,04:48,18:17,13:29,November,2026
Mozambique,Inhambane,,Inhambane,-23.865,35.3833,2026-11-25,04:43,18:08,13:25,November,2026
Mozambique,Sofala,,Beira,-19.8333,34.85,2026-11-25,04:52,18:02,13:10,November,2026
Mozambique,Manica,,Chimoio,-19.1167,33.4833,2026-11-25,04:59,18:07,13:08,November,2026
Mozambique,Tete,,Tete,-16.1569,33.5869,2026-11-25,05:04,18:01,12:57,November,2026
Mozambique,Zambézia,,Quelimane,-17.8764,36.8872,2026-11-25,04:48,17:51,13:03,November,2026
Mozambique,Nampula,,Nampula,-15.1167,39.2667,2026-11-25,04:43,17:37,12:54,November,2026
Mozambique,Niassa,,Lichinga,-13.3128,35.2406,2026-11-25,05:02,17:50,12:48,November,2026
Mozambique,Cabo Delgado,,Pemba,-12.9667,40.5167,2026-11-25,04:41,17:28,12:47,November,2026
Mozambique,Maputo,,Maputo,-25.9653,32.5892,2026-11-26,04:50,18:23,13:33,November,2026
Mozambique,Gaza,,Xai-Xai,-25.05,33.65,2026-11-26,04:48,18:17,13:29,November,2026
Mozambique,Inhambane,,Inhambane,-23.865,35.3833,2026-11-26,04:43,18:08,13:25,November,2026
Mozambique,Sofala,,Beira,-19.8333,34.85,2026-11-26,04:52,18:03,13:11,November,2026
Mozambique,Manica,,Chimoio,-19.1167,33.4833,2026-11-26,04:59,18:07,13:08,November,2026
Mozambique,Tete,,Tete,-16.1569,33.5869,2026-11-26,05:04,18:02,12:58,November,2026
Mozambique,Zambézia,,Quelimane,-17.8764,36.8872,2026-11-26,04:48,17:51,13:03,November,2026
Mozambique,Nampula,,Nampula,-15.1167,39.2667,2026-11-26,04:43,17:37,12:54,November,2026
Mozambique,Niassa,,Lichinga,-13.3128,35.2406,2026-11-26,05:02,17:50,12:48,November,2026
Mozambique,Cabo Delgado,,Pemba,-12.9667,40.5167,2026-11-26,04:41,17:29,12:48,November,2026
Mozambique,Maputo,,Maputo,-25.9653,32.5892,2026-11-27,04:50,18:24,13:34,November,2026
Mozambique,Gaza,,Xai-Xai,-25.05,33.65,2026-11-27,04:47,18:18,13:31,November,2026
Mozambique,Inhambane,,Inhambane,-23.865,35.3833,2026-11-27,04:43,18:09,13:26,November,2026
Mozambique,Sofala,,Beira,-19.8333,34.85,2026-11-27,04:52,18:04,13:12,November,2026
Mozambique,Manica,,Chimoio,-19.1167,33.4833,2026-11-27,04:59,18:08,13:09,November,2026
Mozambique,Tete,,Tete,-16.1569,33.5869,2026-11-27,05:04,18:02,12:58,November,2026
Mozambique,Zambézia,,Quelimane,-17.8764,36.8872,2026-11-27,04:48,17:52,13:04,November,2026
Mozambique,Nampula,,Nampula,-15.1167,39.2667,2026-11-27,04:43,17:38,12:55,November,2026
Mozambique,Niassa,,Lichinga,-13.3128,35.2406,2026-11-27,05:02,17:51,12:49,November,2026
Mozambique,Cabo Delgado,,Pemba,-12.9667,40.5167,2026-11-27,04:41,17:29,12:48,November,2026
Mozambique,Maputo,,Maputo,-25.9653,32.5892,2026-11-28,04:50,18:25,13:35,November,2026
Mozambique,Gaza,,Xai-Xai,-25.05,33.65,2026-11-28,04:47,18:19,13:32,November,2026
Mozambique,Inhambane,,Inhambane,-23.865,35.3833,2026-11-28,04:43,18:10,13:27,November,2026
Mozambique,Sofala,,Beira,-19.8333,34.85,2026-11-28,04:52,18:04,13:12,November,2026
Mozambique,Manica,,Chimoio,-19.1167,33.4833,2026-11-28,04:59,18:09,13:10,November,2026
Mozambique,Tete,,Tete,-16.1569,33.5869,2026-11-28,05:04,18:03,12:59,November,2026
Mozambique,Zambézia,,Quelimane,-17.8764,36.8872,2026-11-28,04:48,17:53,13:05,November,2026
Mozambique,Nampula,,Nampula,-15.1167,39.2667,2026-11-28,04:43,17:38,12:55,November,2026
Mozambique,Niassa,,Lichinga,-13.3128,35.2406,2026-11-28,05:02,17:52,12:50,November,2026
Mozambique,Cabo Delgado,,Pemba,-12.9667,40.5167,2026-11-28,04:42,17:30,12:48,November,2026
Mozambique,Maputo,,Maputo,-25.9653,32.5892,2026-11-29,04:50,18:26,13:36,November,2026
Mozambique,Gaza,,Xai-Xai,-25.05,33.65,2026-11-29,04:47,18:20,13:33,November,2026
Mozambique,Inhambane,,Inhambane,-23.865,35.3833,2026-11-29,04:43,18:10,13:27,November,2026
Mozambique,Sofala,,Beira,-19.8333,34.85,2026-11-29,04:52,18:05,13:13,November,2026
Mozambique,Manica,,Chimoio,-19.1167,33.4833,2026-11-29,04:59,18:09,13:10,November,2026
Mozambique,Tete,,Tete,-16.1569,33.5869,2026-11-29,05:04,18:04,13:00,November,2026
Mozambique,Zambézia,,Quelimane,-17.8764,36.8872,2026-11-29,04:48,17:53,13:05,November,2026
Mozambique,Nampula,,Nampula,-15.1167,39.2667,2026-11-29,04:43,17:39,12:56,November,2026
Mozambique,Niassa,,Lichinga,-13.3128,35.2406,2026-11-29,05:02,17:52,12:50,November,2026
Mozambique,Cabo Delgado,,Pemba,-12.9667,40.5167,2026-11-29,04:42,17:30,12:48,November,2026
Mozambique,Maputo,,Maputo,-25.9653,32.5892,2026-11-30,04:50,18:26,13:36,November,2026
Mozambique,Gaza,,Xai-Xai,-25.05,33.65,2026-11-30,04:47,18:20,13:33,November,2026
Mozambique,Inhambane,,Inhambane,-23.865,35.3833,2026-11-30,04:43,18:11,13:28,November,2026
Mozambique,Sofala,,Beira,-19.8333,34.85,2026-11-30,04:52,18:06,13:14,November,2026
Mozambique,Manica,,Chimoio,-19.1167,33.4833,2026-11-30,04:59,18:10,13:11,November,2026
Mozambique,Tete,,Tete,-16.1569,33.5869,2026-11-30,05:04,18:04,13:00,November,2026
Mozambique,Zambézia,,Quelimane,-17.8764,36.8872,2026-11-30,04:48,17:54,13:06,November,2026
Mozambique,Nampula,,Nampula,-15.1167,39.2667,2026-11-30,04:43,17:40,12:57,November,2026
Mozambique,Niassa,,Lichinga,-13.3128,35.2406,2026-11-30,05:02,17:53,12:51,November,2026
Mozambique,Cabo Delgado,,Pemba,-12.9667,40.5167,2026-11-30,04:42,17:31,12:49,November,2026
Mozambique,Maputo,,Maputo,-25.9653,32.5892,2026-12-01,04:50,18:27,13:37,December,2026
Mozambique,Gaza,,Xai-Xai,-25.05,33.65,2026-12-01,04:47,18:21,13:34,December,2026
Mozambique,Inhambane,,Inhambane,-23.865,35.3833,2026-12-01,04:43,18:12,13:29,December,2026
Mozambique,Sofala,,Beira,-19.8333,34.85,2026-12-01,04:53,18:06,13:13,December,2026
Mozambique,Manica,,Chimoio,-19.1167,33.4833,2026-12-01,04:59,18:10,13:11,December,2026
Mozambique,Tete,,Tete,-16.1569,33.5869,2026-12-01,05:04,18:05,13:01,December,2026
Mozambique,Zambézia,,Quelimane,-17.8764,36.8872,2026-12-01,04:48,17:55,13:07,December,2026
Mozambique,Nampula,,Nampula,-15.1167,39.2667,2026-12-01,04:43,17:40,12:57,December,2026
Mozambique,Niassa,,Lichinga,-13.3128,35.2406,2026-12-01,05:03,17:53,12:50,December,2026
Mozambique,Cabo Delgado,,Pemba,-12.9667,40.5167,2026-12-01,04:42,17:31,12:49,December,2026
Mozambique,Maputo,,Maputo,-25.9653,32.5892,2026-12-02,04:50,18:28,13:38,December,2026
Mozambique,Gaza,,Xai-Xai,-25.05,33.65,2026-12-02,04:47,18:22,13:35,December,2026
Mozambique,Inhambane,,Inhambane,-23.865,35.3833,2026-12-02,04:43,18:12,13:29,December,2026
Mozambique,Sofala,,Beira,-19.8333,34.85,2026-12-02,04:53,18:07,13:14,December,2026
Mozambique,Manica,,Chimoio,-19.1167,33.4833,2026-12-02,04:59,18:11,13:12,December,2026
Mozambique,Tete,,Tete,-16.1569,33.5869,2026-12-02,05:04,18:05,13:01,December,2026
Mozambique,Zambézia,,Quelimane,-17.8764,36.8872,2026-12-02,04:48,17:55,13:07,December,2026
Mozambique,Nampula,,Nampula,-15.1167,39.2667,2026-12-02,04:43,17:41,12:58,December,2026
Mozambique,Niassa,,Lichinga,-13.3128,35.2406,2026-12-02,05:03,17:54,12:51,December,2026
Mozambique,Cabo Delgado,,Pemba,-12.9667,40.5167,2026-12-02,04:42,17:32,12:50,December,2026
Mozambique,Maputo,,Maputo,-25.9653,32.5892,2026-12-03,04:50,18:29,13:39,December,2026
Mozambique,Gaza,,Xai-Xai,-25.05,33.65,2026-12-03,04:47,18:23,13:36,December,2026
Mozambique,Inhambane,,Inhambane,-23.865,35.3833,2026-12-03,04:43,18:13,13:30,December,2026
Mozambique,Sofala,,Beira,-19.8333,34.85,2026-12-03,04:53,18:08,13:15,December,2026
Mozambique,Manica,,Chimoio,-19.1167,33.4833,2026-12-03,05:00,18:12,13:12,December,2026
Mozambique,Tete,,Tete,-16.1569,33.5869,2026-12-03,05:05,18:06,13:01,December,2026
Mozambique,Zambézia,,Quelimane,-17.8764,36.8872,2026-12-03,04:48,17:56,13:08,December,2026
Mozambique,Nampula,,Nampula,-15.1167,39.2667,2026-12-03,04:44,17:41,12:57,December,2026
Mozambique,Niassa,,Lichinga,-13.3128,35.2406,2026-12-03,05:03,17:54,12:51,December,2026
Mozambique,Cabo Delgado,,Pemba,-12.9667,40.5167,2026-12-03,04:42,17:33,12:51,December,2026
Mozambique,Maputo,,Maputo,-25.9653,32.5892,2026-12-04,04:50,18:29,13:39,December,2026
Mozambique,Gaza,,Xai-Xai,-25.05,33.65,2026-12-04,04:47,18:23,13:36,December,2026
Mozambique,Inhambane,,Inhambane,-23.865,35.3833,2026-12-04,04:43,18:14,13:31,December,2026
Mozambique,Sofala,,Beira,-19.8333,34.85,2026-12-04,04:53,18:08,13:15,December,2026
Mozambique,Manica,,Chimoio,-19.1167,33.4833,2026-12-04,05:00,18:12,13:12,December,2026
Mozambique,Tete,,Tete,-16.1569,33.5869,2026-12-04,05:05,18:06,13:01,December,2026
Mozambique,Zambézia,,Quelimane,-17.8764,36.8872,2026-12-04,04:48,17:56,13:08,December,2026
Mozambique,Nampula,,Nampula,-15.1167,39.2667,2026-12-04,04:44,17:42,12:58,December,2026
Mozambique,Niassa,,Lichinga,-13.3128,35.2406,2026-12-04,05:03,17:55,12:52,December,2026
Mozambique,Cabo Delgado,,Pemba,-12.9667,40.5167,2026-12-04,04:43,17:33,12:50,December,2026
Mozambique,Maputo,,Maputo,-25.9653,32.5892,2026-12-05,04:50,18:30,13:40,December,2026
Mozambique,Gaza,,Xai-Xai,-25.05,33.65,2026-12-05,04:48,18:24,13:36,December,2026
Mozambique,Inhambane,,Inhambane,-23.865,35.3833,2026-12-05,04:43,18:15,13:32,December,2026
Mozambique,Sofala,,Beira,-19.8333,34.85,2026-12-05,04:53,18:09,13:16,December,2026
Mozambique,Manica,,Chimoio,-19.1167,33.4833,2026-12-05,05:00,18:13,13:13,December,2026
Mozambique,Tete,,Tete,-16.1569,33.5869,2026-12-05,05:05,18:07,13:02,December,2026
Mozambique,Zambézia,,Quelimane,-17.8764,36.8872,2026-12-05,04:49,17:57,13:08,December,2026
Mozambique,Nampula,,Nampula,-15.1167,39.2667,2026-12-05,04:44,17:42,12:58,December,2026
Mozambique,Niassa,,Lichinga,-13.3128,35.2406,2026-12-05,05:03,17:55,12:52,December,2026
Mozambique,Cabo Delgado,,Pemba,-12.9667,40.5167,2026-12-05,04:43,17:34,12:51,December,2026
Mozambique,Maputo,,Maputo,-25.9653,32.5892,2026-12-06,04:50,18:31,13:41,December,2026
Mozambique,Gaza,,Xai-Xai,-25.05,33.65,2026-12-06,04:48,18:25,13:37,December,2026
Mozambique,Inhambane,,Inhambane,-23.865,35.3833,2026-12-06,04:43,18:15,13:32,December,2026
Mozambique,Sofala,,Beira,-19.8333,34.85,2026-12-06,04:53,18:09,13:16,December,2026
Mozambique,Manica,,Chimoio,-19.1167,33.4833,2026-12-06,05:00,18:13,13:13,December,2026
Mozambique,Tete,,Tete,-16.1569,33.5869,2026-12-06,05:05,18:08,13:03,December,2026
Mozambique,Zambézia,,Quelimane,-17.8764,36.8872,2026-12-06,04:49,17:58,13:09,December,2026
Mozambique,Nampula,,Nampula,-15.1167,39.2667,2026-12-06,04:44,17:43,12:59,December,2026
Mozambique,Niassa,,Lichinga,-13.3128,35.2406,2026-12-06,05:04,17:56,12:52,December,2026
Mozambique,Cabo Delgado,,Pemba,-12.9667,40.5167,2026-12-06,04:43,17:34,12:51,December,2026
Mozambique,Maputo,,Maputo,-25.9653,32.5892,2026-12-07,04:50,18:31,13:41,December,2026
Mozambique,Gaza,,Xai-Xai,-25.05,33.65,2026-12-07,04:48,18:25,13:37,December,2026
Mozambique,Inhambane,,Inhambane,-23.865,35.3833,2026-12-07,04:43,18:16,13:33,December,2026
Mozambique,Sofala,,Beira,-19.8333,34.85,2026-12-07,04:53,18:10,13:17,December,2026
Mozambique,Manica,,Chimoio,-19.1167,33.4833,2026-12-07,05:00,18:14,13:14,December,2026
Mozambique,Tete,,Tete,-16.1569,33.5869,2026-12-07,05:05,18:08,13:03,December,2026
Mozambique,Zambézia,,Quelimane,-17.8764,36.8872,2026-12-07,04:49,17:58,13:09,December,2026
Mozambique,Nampula,,Nampula,-15.1167,39.2667,2026-12-07,04:45,17:44,12:59,December,2026
Mozambique,Niassa,,Lichinga,-13.3128,35.2406,2026-12-07,05:04,17:56,12:52,December,2026
Mozambique,Cabo Delgado,,Pemba,-12.9667,40.5167,2026-12-07,04:43,17:35,12:52,December,2026
Mozambique,Maputo,,Maputo,-25.9653,32.5892,2026-12-08,04:50,18:32,13:42,December,2026
Mozambique,Gaza,,Xai-Xai,-25.05,33.65,2026-12-08,04:48,18:26,13:38,December,2026
Mozambique,Inhambane,,Inhambane,-23.865,35.3833,2026-12-08,04:43,18:17,13:34,December,2026
Mozambique,Sofala,,Beira,-19.8333,34.85,2026-12-08,04:54,18:11,13:17,December,2026
Mozambique,Manica,,Chimoio,-19.1167,33.4833,2026-12-08,05:00,18:15,13:15,December,2026
Mozambique,Tete,,Tete,-16.1569,33.5869,2026-12-08,05:06,18:09,13:03,December,2026
Mozambique,Zambézia,,Quelimane,-17.8764,36.8872,2026-12-08,04:49,17:59,13:10,December,2026
Mozambique,Nampula,,Nampula,-15.1167,39.2667,2026-12-08,04:45,17:44,12:59,December,2026
Mozambique,Niassa,,Lichinga,-13.3128,35.2406,2026-12-08,05:04,17:57,12:53,December,2026
Mozambique,Cabo Delgado,,Pemba,-12.9667,40.5167,2026-12-08,04:44,17:35,12:51,December,2026
Mozambique,Maputo,,Maputo,-25.9653,32.5892,2026-12-09,04:50,18:33,13:43,December,2026
Mozambique,Gaza,,Xai-Xai,-25.05,33.65,2026-12-09,04:48,18:27,13:39,December,2026
Mozambique,Inhambane,,Inhambane,-23.865,35.3833,2026-12-09,04:44,18:17,13:33,December,2026
Mozambique,Sofala,,Beira,-19.8333,34.85,2026-12-09,04:54,18:11,13:17,December,2026
Mozambique,Manica,,Chimoio,-19.1167,33.4833,2026-12-09,05:01,18:15,13:14,December,2026
Mozambique,Tete,,Tete,-16.1569,33.5869,2026-12-09,05:06,18:09,13:03,December,2026
Mozambique,Zambézia,,Quelimane,-17.8764,36.8872,2026-12-09,04:49,17:59,13:10,December,2026
Mozambique,Nampula,,Nampula,-15.1167,39.2667,2026-12-09,04:45,17:45,13:00,December,2026
Mozambique,Niassa,,Lichinga,-13.3128,35.2406,2026-12-09,05:04,17:57,12:53,December,2026
Mozambique,Cabo Delgado,,Pemba,-12.9667,40.5167,2026-12-09,04:44,17:36,12:52,December,2026
Mozambique,Maputo,,Maputo,-25.9653,32.5892,2026-12-10,04:51,18:33,13:42,December,2026
Mozambique,Gaza,,Xai-Xai,-25.05,33.65,2026-12-10,04:48,18:27,13:39,December,2026
Mozambique,Inhambane,,Inhambane,-23.865,35.3833,2026-12-10,04:44,18:18,13:34,December,2026
Mozambique,Sofala,,Beira,-19.8333,34.85,2026-12-10,04:54,18:12,13:18,December,2026
Mozambique,Manica,,Chimoio,-19.1167,33.4833,2026-12-10,05:01,18:16,13:15,December,2026
Mozambique,Tete,,Tete,-16.1569,33.5869,2026-12-10,05:06,18:10,13:04,December,2026
Mozambique,Zambézia,,Quelimane,-17.8764,36.8872,2026-12-10,04:50,18:00,13:10,December,2026
Mozambique,Nampula,,Nampula,-15.1167,39.2667,2026-12-10,04:45,17:45,13:00,December,2026
Mozambique,Niassa,,Lichinga,-13.3128,35.2406,2026-12-10,05:05,17:58,12:53,December,2026
Mozambique,Cabo Delgado,,Pemba,-12.9667,40.5167,2026-12-10,04:44,17:36,12:52,December,2026
Mozambique,Maputo,,Maputo,-25.9653,32.5892,2026-12-11,04:51,18:34,13:43,December,2026
Mozambique,Gaza,,Xai-Xai,-25.05,33.65,2026-12-11,04:49,18:28,13:39,December,2026
Mozambique,Inhambane,,Inhambane,-23.865,35.3833,2026-12-11,04:44,18:18,13:34,December,2026
Mozambique,Sofala,,Beira,-19.8333,34.85,2026-12-11,04:54,18:12,13:18,December,2026
Mozambique,Manica,,Chimoio,-19.1167,33.4833,2026-12-11,05:01,18:16,13:15,December,2026
Mozambique,Tete,,Tete,-16.1569,33.5869,2026-12-11,05:06,18:10,13:04,December,2026
Mozambique,Zambézia,,Quelimane,-17.8764,36.8872,2026-12-11,04:50,18:00,13:10,December,2026
Mozambique,Nampula,,Nampula,-15.1167,39.2667,2026-12-11,04:46,17:46,13:00,December,2026
Mozambique,Niassa,,Lichinga,-13.3128,35.2406,2026-12-11,05:05,17:59,12:54,December,2026
Mozambique,Cabo Delgado,,Pemba,-12.9667,40.5167,2026-12-11,04:45,17:37,12:52,December,2026
Mozambique,Maputo,,Maputo,-25.9653,32.5892,2026-12-12,04:51,18:35,13:44,December,2026
Mozambique,Gaza,,Xai-Xai,-25.05,33.65,2026-12-12,04:49,18:29,13:40,December,2026
Mozambique,Inhambane,,Inhambane,-23.865,35.3833,2026-12-12,04:44,18:19,13:35,December,2026
Mozambique,Sofala,,Beira,-19.8333,34.85,2026-12-12,04:55,18:13,13:18,December,2026
Mozambique,Manica,,Chimoio,-19.1167,33.4833,2026-12-12,05:02,18:17,13:15,December,2026
Mozambique,Tete,,Tete,-16.1569,33.5869,2026-12-12,05:07,18:11,13:04,December,2026
Mozambique,Zambézia,,Quelimane,-17.8764,36.8872,2026-12-12,04:50,18:01,13:11,December,2026
Mozambique,Nampula,,Nampula,-15.1167,39.2667,2026-12-12,04:46,17:46,13:00,December,2026
Mozambique,Niassa,,Lichinga,-13.3128,35.2406,2026-12-12,05:05,17:59,12:54,December,2026
Mozambique,Cabo Delgado,,Pemba,-12.9667,40.5167,2026-12-12,04:45,17:37,12:52,December,2026
Mozambique,Maputo,,Maputo,-25.9653,32.5892,2026-12-13,04:51,18:35,13:44,December,2026
Mozambique,Gaza,,Xai-Xai,-25.05,33.65,2026-12-13,04:49,18:29,13:40,December,2026
Mozambique,Inhambane,,Inhambane,-23.865,35.3833,2026-12-13,04:45,18:20,13:35,December,2026
Mozambique,Sofala,,Beira,-19.8333,34.85,2026-12-13,04:55,18:14,13:19,December,2026
Mozambique,Manica,,Chimoio,-19.1167,33.4833,2026-12-13,05:02,18:18,13:16,December,2026
Mozambique,Tete,,Tete,-16.1569,33.5869,2026-12-13,05:07,18:12,13:05,December,2026
Mozambique,Zambézia,,Quelimane,-17.8764,36.8872,2026-12-13,04:51,18:02,13:11,December,2026
Mozambique,Nampula,,Nampula,-15.1167,39.2667,2026-12-13,04:46,17:47,13:01,December,2026
Mozambique,Niassa,,Lichinga,-13.3128,35.2406,2026-12-13,05:06,18:00,12:54,December,2026
Mozambique,Cabo Delgado,,Pemba,-12.9667,40.5167,2026-12-13,04:45,17:38,12:53,December,2026
Mozambique,Maputo,,Maputo,-25.9653,32.5892,2026-12-14,04:52,18:36,13:44,December,2026
Mozambique,Gaza,,Xai-Xai,-25.05,33.65,2026-12-14,04:49,18:30,13:41,December,2026
Mozambique,Inhambane,,Inhambane,-23.865,35.3833,2026-12-14,04:45,18:20,13:35,December,2026
Mozambique,Sofala,,Beira,-19.8333,34.85,2026-12-14,04:55,18:14,13:19,December,2026
Mozambique,Manica,,Chimoio,-19.1167,33.4833,2026-12-14,05:02,18:18,13:16,December,2026
Mozambique,Tete,,Tete,-16.1569,33.5869,2026-12-14,05:07,18:12,13:05,December,2026
Mozambique,Zambézia,,Quelimane,-17.8764,36.8872,2026-12-14,04:51,18:02,13:11,December,2026
Mozambique,Nampula,,Nampula,-15.1167,39.2667,2026-12-14,04:47,17:47,13:00,December,2026
Mozambique,Niassa,,Lichinga,-13.3128,35.2406,2026-12-14,05:06,18:00,12:54,December,2026
Mozambique,Cabo Delgado,,Pemba,-12.9667,40.5167,2026-12-14,04:46,17:38,12:52,December,2026
Mozambique,Maputo,,Maputo,-25.9653,32.5892,2026-12-15,04:52,18:37,13:45,December,2026
Mozambique,Gaza,,Xai-Xai,-25.05,33.65,2026-12-15,04:50,18:30,13:40,December,2026
Mozambique,Inhambane,,Inhambane,-23.865,35.3833,2026-12-15,04:45,18:21,13:36,December,2026
Mozambique,Sofala,,Beira,-19.8333,34.85,2026-12-15,04:56,18:15,13:19,December,2026
Mozambique,Manica,,Chimoio,-19.1167,33.4833,2026-12-15,05:03,18:19,13:16,December,2026
Mozambique,Tete,,Tete,-16.1569,33.5869,2026-12-15,05:08,18:13,13:05,December,2026
Mozambique,Zambézia,,Quelimane,-17.8764,36.8872,2026-12-15,04:51,18:03,13:12,December,2026
Mozambique,Nampula,,Nampula,-15.1167,39.2667,2026-12-15,04:47,17:48,13:01,December,2026
Mozambique,Niassa,,Lichinga,-13.3128,35.2406,2026-12-15,05:07,18:01,12:54,December,2026
Mozambique,Cabo Delgado,,Pemba,-12.9667,40.5167,2026-12-15,04:46,17:39,12:53,December,2026
Mozambique,Maputo,,Maputo,-25.9653,32.5892,2026-12-16,04:52,18:37,13:45,December,2026
Mozambique,Gaza,,Xai-Xai,-25.05,33.65,2026-12-16,04:50,18:31,13:41,December,2026
Mozambique,Inhambane,,Inhambane,-23.865,35.3833,2026-12-16,04:46,18:21,13:35,December,2026
Mozambique,Sofala,,Beira,-19.8333,34.85,2026-12-16,04:56,18:15,13:19,December,2026
Mozambique,Manica,,Chimoio,-19.1167,33.4833,2026-12-16,05:03,18:19,13:16,December,2026
Mozambique,Tete,,Tete,-16.1569,33.5869,2026-12-16,05:08,18:13,13:05,December,2026
Mozambique,Zambézia,,Quelimane,-17.8764,36.8872,2026-12-16,04:52,18:03,13:11,December,2026
Mozambique,Nampula,,Nampula,-15.1167,39.2667,2026-12-16,04:47,17:48,13:01,December,2026
Mozambique,Niassa,,Lichinga,-13.3128,35.2406,2026-12-16,05:07,18:01,12:54,December,2026
Mozambique,Cabo Delgado,,Pemba,-12.9667,40.5167,2026-12-16,04:46,17:39,12:53,December,2026
Mozambique,Maputo,,Maputo,-25.9653,32.5892,2026-12-17,04:53,18:38,13:45,December,2026
Mozambique,Gaza,,Xai-Xai,-25.05,33.65,2026-12-17,04:50,18:31,13:41,December,2026
Mozambique,Inhambane,,Inhambane,-23.865,35.3833,2026-12-17,04:46,18:22,13:36,December,2026
Mozambique,Sofala,,Beira,-19.8333,34.85,2026-12-17,04:56,18:16,13:20,December,2026
Mozambique,Manica,,Chimoio,-19.1167,33.4833,2026-12-17,05:03,18:20,13:17,December,2026
Mozambique,Tete,,Tete,-16.1569,33.5869,2026-12-17,05:09,18:14,13:05,December,2026
Mozambique,Zambézia,,Quelimane,-17.8764,36.8872,2026-12-17,04:52,18:04,13:12,December,2026
Mozambique,Nampula,,Nampula,-15.1167,39.2667,2026-12-17,04:48,17:49,13:01,December,2026
Mozambique,Niassa,,Lichinga,-13.3128,35.2406,2026-12-17,05:07,18:02,12:55,December,2026
Mozambique,Cabo Delgado,,Pemba,-12.9667,40.5167,2026-12-17,04:47,17:40,12:53,December,2026
Mozambique,Maputo,,Maputo,-25.9653,32.5892,2026-12-18,04:53,18:38,13:45,December,2026
Mozambique,Gaza,,Xai-Xai,-25.05,33.65,2026-12-18,04:51,18:32,13:41,December,2026
Mozambique,Inhambane,,Inhambane,-23.865,35.3833,2026-12-18,04:46,18:23,13:37,December,2026
Mozambique,Sofala,,Beira,-19.8333,34.85,2026-12-18,04:57,18:16,13:19,December,2026
Mozambique,Manica,,Chimoio,-19.1167,33.4833,2026-12-18,05:04,18:20,13:16,December,2026
Mozambique,Tete,,Tete,-16.1569,33.5869,2026-12-18,05:09,18:14,13:05,December,2026
Mozambique,Zambézia,,Quelimane,-17.8764,36.8872,2026-12-18,04:53,18:04,13:11,December,2026
Mozambique,Nampula,,Nampula,-15.1167,39.2667,2026-12-18,04:48,17:49,13:01,December,2026
Mozambique,Niassa,,Lichinga,-13.3128,35.2406,2026-12-18,05:08,18:02,12:54,December,2026
Mozambique,Cabo Delgado,,Pemba,-12.9667,40.5167,2026-12-18,04:47,17:40,12:53,December,2026
Mozambique,Maputo,,Maputo,-25.9653,32.5892,2026-12-19,04:53,18:39,13:46,December,2026
Mozambique,Gaza,,Xai-Xai,-25.05,33.65,2026-12-19,04:51,18:33,13:42,December,2026
Mozambique,Inhambane,,Inhambane,-23.865,35.3833,2026-12-19,04:47,18:23,13:36,December,2026
Mozambique,Sofala,,Beira,-19.8333,34.85,2026-12-19,04:57,18:17,13:20,December,2026
Mozambique,Manica,,Chimoio,-19.1167,33.4833,2026-12-19,05:04,18:21,13:17,December,2026
Mozambique,Tete,,Tete,-16.1569,33.5869,2026-12-19,05:09,18:15,13:06,December,2026
Mozambique,Zambézia,,Quelimane,-17.8764,36.8872,2026-12-19,04:53,18:05,13:12,December,2026
Mozambique,Nampula,,Nampula,-15.1167,39.2667,2026-12-19,04:49,17:50,13:01,December,2026
Mozambique,Niassa,,Lichinga,-13.3128,35.2406,2026-12-19,05:08,18:03,12:55,December,2026
Mozambique,Cabo Delgado,,Pemba,-12.9667,40.5167,2026-12-19,04:48,17:41,12:53,December,2026
Mozambique,Maputo,,Maputo,-25.9653,32.5892,2026-12-20,04:54,18:39,13:45,December,2026
Mozambique,Gaza,,Xai-Xai,-25.05,33.65,2026-12-20,04:51,18:33,13:42,December,2026
Mozambique,Inhambane,,Inhambane,-23.865,35.3833,2026-12-20,04:47,18:24,13:37,December,2026
Mozambique,Sofala,,Beira,-19.8333,34.85,2026-12-20,04:58,18:17,13:19,December,2026
Mozambique,Manica,,Chimoio,-19.1167,33.4833,2026-12-20,05:05,18:21,13:16,December,2026
Mozambique,Tete,,Tete,-16.1569,33.5869,2026-12-20,05:10,18:15,13:05,December,2026
Mozambique,Zambézia,,Quelimane,-17.8764,36.8872,2026-12-20,04:53,18:05,13:12,December,2026
Mozambique,Nampula,,Nampula,-15.1167,39.2667,2026-12-20,04:49,17:50,13:01,December,2026
Mozambique,Niassa,,Lichinga,-13.3128,35.2406,2026-12-20,05:09,18:03,12:54,December,2026
Mozambique,Cabo Delgado,,Pemba,-12.9667,40.5167,2026-12-20,04:48,17:41,12:53,December,2026
Mozambique,Maputo,,Maputo,-25.9653,32.5892,2026-12-21,04:54,18:40,13:46,December,2026
Mozambique,Gaza,,Xai-Xai,-25.05,33.65,2026-12-21,04:52,18:34,13:42,December,2026
Mozambique,Inhambane,,Inhambane,-23.865,35.3833,2026-12-21,04:48,18:24,13:36,December,2026
Mozambique,Sofala,,Beira,-19.8333,34.85,2026-12-21,04:58,18:18,13:20,December,2026
Mozambique,Manica,,Chimoio,-19.1167,33.4833,2026-12-21,05:05,18:22,13:17,December,2026
Mozambique,Tete,,Tete,-16.1569,33.5869,2026-12-21,05:10,18:16,13:06,December,2026
Mozambique,Zambézia,,Quelimane,-17.8764,36.8872,2026-12-21,04:54,18:06,13:12,December,2026
Mozambique,Nampula,,Nampula,-15.1167,39.2667,2026-12-21,04:50,17:51,13:01,December,2026
Mozambique,Niassa,,Lichinga,-13.3128,35.2406,2026-12-21,05:09,18:04,12:55,December,2026
Mozambique,Cabo Delgado,,Pemba,-12.9667,40.5167,2026-12-21,04:49,17:42,12:53,December,2026
Mozambique,Maputo,,Maputo,-25.9653,32.5892,2026-12-22,04:55,18:40,13:45,December,2026
Mozambique,Gaza,,Xai-Xai,-25.05,33.65,2026-12-22,04:52,18:34,13:42,December,2026
Mozambique,Inhambane,,Inhambane,-23.865,35.3833,2026-12-22,04:48,18:25,13:37,December,2026
Mozambique,Sofala,,Beira,-19.8333,34.85,2026-12-22,04:59,18:18,13:19,December,2026
Mozambique,Manica,,Chimoio,-19.1167,33.4833,2026-12-22,05:05,18:22,13:17,December,2026
Mozambique,Tete,,Tete,-16.1569,33.5869,2026-12-22,05:11,18:16,13:05,December,2026
Mozambique,Zambézia,,Quelimane,-17.8764,36.8872,2026-12-22,04:54,18:06,13:12,December,2026
Mozambique,Nampula,,Nampula,-15.1167,39.2667,2026-12-22,04:50,17:51,13:01,December,2026
Mozambique,Niassa,,Lichinga,-13.3128,35.2406,2026-12-22,05:10,18:04,12:54,December,2026
Mozambique,Cabo Delgado,,Pemba,-12.9667,40.5167,2026-12-22,04:49,17:42,12:53,December,2026
Mozambique,Maputo,,Maputo,-25.9653,32.5892,2026-12-23,04:55,18:41,13:46,December,2026
Mozambique,Gaza,,Xai-Xai,-25.05,33.65,2026-12-23,04:53,18:34,13:41,December,2026
Mozambique,Inhambane,,Inhambane,-23.865,35.3833,2026-12-23,04:48,18:25,13:37,December,2026
Mozambique,Sofala,,Beira,-19.8333,34.85,2026-12-23,04:59,18:19,13:20,December,2026
Mozambique,Manica,,Chimoio,-19.1167,33.4833,2026-12-23,05:06,18:23,13:17,December,2026
Mozambique,Tete,,Tete,-16.1569,33.5869,2026-12-23,05:11,18:17,13:06,December,2026
Mozambique,Zambézia,,Quelimane,-17.8764,36.8872,2026-12-23,04:55,18:07,13:12,December,2026
Mozambique,Nampula,,Nampula,-15.1167,39.2667,2026-12-23,04:51,17:52,13:01,December,2026
Mozambique,Niassa,,Lichinga,-13.3128,35.2406,2026-12-23,05:10,18:05,12:55,December,2026
Mozambique,Cabo Delgado,,Pemba,-12.9667,40.5167,2026-12-23,04:50,17:43,12:53,December,2026
Mozambique,Maputo,,Maputo,-25.9653,32.5892,2026-12-24,04:56,18:41,13:45,December,2026
Mozambique,Gaza,,Xai-Xai,-25.05,33.65,2026-12-24,04:53,18:35,13:42,December,2026
Mozambique,Inhambane,,Inhambane,-23.865,35.3833,2026-12-24,04:49,18:25,13:36,December,2026
Mozambique,Sofala,,Beira,-19.8333,34.85,2026-12-24,04:59,18:19,13:20,December,2026
Mozambique,Manica,,Chimoio,-19.1167,33.4833,2026-12-24,05:06,18:23,13:17,December,2026
Mozambique,Tete,,Tete,-16.1569,33.5869,2026-12-24,05:12,18:17,13:05,December,2026
Mozambique,Zambézia,,Quelimane,-17.8764,36.8872,2026-12-24,04:55,18:07,13:12,December,2026
Mozambique,Nampula,,Nampula,-15.1167,39.2667,2026-12-24,04:51,17:52,13:01,December,2026
Mozambique,Niassa,,Lichinga,-13.3128,35.2406,2026-12-24,05:10,18:05,12:55,December,2026
Mozambique,Cabo Delgado,,Pemba,-12.9667,40.5167,2026-12-24,04:50,17:43,12:53,December,2026
Mozambique,Maputo,,Maputo,-25.9653,32.5892,2026-12-25,04:56,18:42,13:46,December,2026
Mozambique,Gaza,,Xai-Xai,-25.05,33.65,2026-12-25,04:54,18:35,13:41,December,2026
Mozambique,Inhambane,,Inhambane,-23.865,35.3833,2026-12-25,04:49,18:26,13:37,December,2026
Mozambique,Sofala,,Beira,-19.8333,34.85,2026-12-25,05:00,18:20,13:20,December,2026
Mozambique,Manica,,Chimoio,-19.1167,33.4833,2026-12-25,05:07,18:24,13:17,December,2026
Mozambique,Tete,,Tete,-16.1569,33.5869,2026-12-25,05:12,18:17,13:05,December,2026
Mozambique,Zambézia,,Quelimane,-17.8764,36.8872,2026-12-25,04:56,18:08,13:12,December,2026
Mozambique,Nampula,,Nampula,-15.1167,39.2667,2026-12-25,04:51,17:53,13:02,December,2026
Mozambique,Niassa,,Lichinga,-13.3128,35.2406,2026-12-25,05:11,18:05,12:54,December,2026
Mozambique,Cabo Delgado,,Pemba,-12.9667,40.5167,2026-12-25,04:51,17:44,12:53,December,2026
Mozambique,Maputo,,Maputo,-25.9653,32.5892,2026-12-26,04:57,18:42,13:45,December,2026
Mozambique,Gaza,,Xai-Xai,-25.05,33.65,2026-12-26,04:54,18:36,13:42,December,2026
Mozambique,Inhambane,,Inhambane,-23.865,35.3833,2026-12-26,04:50,18:26,13:36,December,2026
Mozambique,Sofala,,Beira,-19.8333,34.85,2026-12-26,05:00,18:20,13:20,December,2026
Mozambique,Manica,,Chimoio,-19.1167,33.4833,2026-12-26,05:07,18:24,13:17,December,2026
Mozambique,Tete,,Tete,-16.1569,33.5869,2026-12-26,05:13,18:18,13:05,December,2026
Mozambique,Zambézia,,Quelimane,-17.8764,36.8872,2026-12-26,04:56,18:08,13:12,December,2026
Mozambique,Nampula,,Nampula,-15.1167,39.2667,2026-12-26,04:52,17:53,13:01,December,2026
Mozambique,Niassa,,Lichinga,-13.3128,35.2406,2026-12-26,05:11,18:06,12:55,December,2026
Mozambique,Cabo Delgado,,Pemba,-12.9667,40.5167,2026-12-26,04:51,17:44,12:53,December,2026
Mozambique,Maputo,,Maputo,-25.9653,32.5892,2026-12-27,04:57,18:42,13:45,December,2026
Mozambique,Gaza,,Xai-Xai,-25.05,33.65,2026-12-27,04:55,18:36,13:41,December,2026
Mozambique,Inhambane,,Inhambane,-23.865,35.3833,2026-12-27,04:51,18:27,13:36,December,2026
Mozambique,Sofala,,Beira,-19.8333,34.85,2026-12-27,05:01,18:20,13:19,December,2026
Mozambique,Manica,,Chimoio,-19.1167,33.4833,2026-12-27,05:08,18:24,13:16,December,2026
Mozambique,Tete,,Tete,-16.1569,33.5869,2026-12-27,05:13,18:18,13:05,December,2026
Mozambique,Zambézia,,Quelimane,-17.8764,36.8872,2026-12-27,04:57,18:08,13:11,December,2026
Mozambique,Nampula,,Nampula,-15.1167,39.2667,2026-12-27,04:52,17:54,13:02,December,2026
Mozambique,Niassa,,Lichinga,-13.3128,35.2406,2026-12-27,05:12,18:06,12:54,December,2026
Mozambique,Cabo Delgado,,Pemba,-12.9667,40.5167,2026-12-27,04:52,17:45,12:53,December,2026
Mozambique,Maputo,,Maputo,-25.9653,32.5892,2026-12-28,04:58,18:43,13:45,December,2026
Mozambique,Gaza,,Xai-Xai,-25.05,33.65,2026-12-28,04:55,18:37,13:42,December,2026
Mozambique,Inhambane,,Inhambane,-23.865,35.3833,2026-12-28,04:51,18:27,13:36,December,2026
Mozambique,Sofala,,Beira,-19.8333,34.85,2026-12-28,05:02,18:21,13:19,December,2026
Mozambique,Manica,,Chimoio,-19.1167,33.4833,2026-12-28,05:08,18:25,13:17,December,2026
Mozambique,Tete,,Tete,-16.1569,33.5869,2026-12-28,05:14,18:19,13:05,December,2026
Mozambique,Zambézia,,Quelimane,-17.8764,36.8872,2026-12-28,04:57,18:09,13:12,December,2026
Mozambique,Nampula,,Nampula,-15.1167,39.2667,2026-12-28,04:53,17:54,13:01,December,2026
Mozambique,Niassa,,Lichinga,-13.3128,35.2406,2026-12-28,05:12,18:07,12:55,December,2026
Mozambique,Cabo Delgado,,Pemba,-12.9667,40.5167,2026-12-28,04:52,17:45,12:53,December,2026
Mozambique,Maputo,,Maputo,-25.9653,32.5892,2026-12-29,04:58,18:43,13:45,December,2026
Mozambique,Gaza,,Xai-Xai,-25.05,33.65,2026-12-29,04:56,18:37,13:41,December,2026
Mozambique,Inhambane,,Inhambane,-23.865,35.3833,2026-12-29,04:52,18:27,13:35,December,2026
Mozambique,Sofala,,Beira,-19.8333,34.85,2026-12-29,05:02,18:21,13:19,December,2026
Mozambique,Manica,,Chimoio,-19.1167,33.4833,2026-12-29,05:09,18:25,13:16,December,2026
Mozambique,Tete,,Tete,-16.1569,33.5869,2026-12-29,05:14,18:19,13:05,December,2026
Mozambique,Zambézia,,Quelimane,-17.8764,36.8872,2026-12-29,04:58,18:09,13:11,December,2026
Mozambique,Nampula,,Nampula,-15.1167,39.2667,2026-12-29,04:54,17:54,13:00,December,2026
Mozambique,Niassa,,Lichinga,-13.3128,35.2406,2026-12-29,05:13,18:07,12:54,December,2026
Mozambique,Cabo Delgado,,Pemba,-12.9667,40.5167,2026-12-29,04:53,17:45,12:52,December,2026
Mozambique,Maputo,,Maputo,-25.9653,32.5892,2026-12-30,04:59,18:43,13:44,December,2026
Mozambique,Gaza,,Xai-Xai,-25.05,33.65,2026-12-30,04:57,18:37,13:40,December,2026
Mozambique,Inhambane,,Inhambane,-23.865,35.3833,2026-12-30,04:52,18:28,13:36,December,2026
Mozambique,Sofala,,Beira,-19.8333,34.85,2026-12-30,05:03,18:22,13:19,December,2026
Mozambique,Manica,,Chimoio,-19.1167,33.4833,2026-12-30,05:10,18:26,13:16,December,2026
Mozambique,Tete,,Tete,-16.1569,33.5869,2026-12-30,05:15,18:19,13:04,December,2026
Mozambique,Zambézia,,Quelimane,-17.8764,36.8872,2026-12-30,04:58,18:10,13:12,December,2026
Mozambique,Nampula,,Nampula,-15.1167,39.2667,2026-12-30,04:54,17:55,13:01,December,2026
Mozambique,Niassa,,Lichinga,-13.3128,35.2406,2026-12-30,05:14,18:08,12:54,December,2026
Mozambique,Cabo Delgado,,Pemba,-12.9667,40.5167,2026-12-30,04:53,17:46,12:53,December,2026
Mozambique,Maputo,,Maputo,-25.9653,32.5892,2026-12-31,04:59,18:44,13:45,December,2026
Mozambique,Gaza,,Xai-Xai,-25.05,33.65,2026-12-31,04:57,18:38,13:41,December,2026
Mozambique,Inhambane,,Inhambane,-23.865,35.3833,2026-12-31,04:53,18:28,13:35,December,2026
Mozambique,Sofala,,Beira,-19.8333,34.85,2026-12-31,05:03,18:22,13:19,December,2026
Mozambique,Manica,,Chimoio,-19.1167,33.4833,2026-12-31,05:10,18:26,13:16,December,2026
Mozambique,Tete,,Tete,-16.1569,33.5869,2026-12-31,05:15,18:20,13:05,December,2026
Mozambique,Zambézia,,Quelimane,-17.8764,36.8872,2026-12-31,04:59,18:10,13:11,December,2026
Mozambique,Nampula,,Nampula,-15.1167,39.2667,2026-12-31,04:55,17:55,13:00,December,2026
Mozambique,Niassa,,Lichinga,-13.3128,35.2406,2026-12-31,05:14,18:08,12:54,December,2026
Mozambique,Cabo Delgado,,Pemba,-12.9667,40.5167,2026-12-31,04:54,17:46,12:52,December,2026
